Oid;SyncId;Offset;Parent;Item;Quantity;OptimisticLockField;Formula;ToleratedError;Class;InProcess;Label1;Price;ApartFromtheCost;Rate;Taux
13;630c229e-1886-4108-b4cc-630e6dc9ac7a;0;;30;0.15000000;0;65;;;;;;;;
16;dfca9ad7-f50c-417d-8c30-21ed7dc6f0a0;0;;118;4.00000000;0;65;;;;;;;;
17;0be7626f-18f2-4eae-b57b-e38ad489dd54;0;;132;4.00000000;0;65;;;;;;;;
18;5c9e5655-6660-44e0-9ca5-24cf6aeaf343;0;;19;4.00000000;0;65;;;;;;;;
20;ef5c0714-56e7-4dcf-8d3f-64d41ea03cbf;0;;231;2.00000000;0;65;;;;;;;;
21;6f300c4a-e6bc-4b72-8960-1cef60d6fe2b;0;;232;1.00000000;0;65;;;;;;;;
22;9bb46e79-a914-49bf-b94d-82b5ad1b8537;0;;192;1.10000000;0;65;;;;;;;;
23;2b76b13d-2bb5-42fd-b6cc-9d0edfb629c3;0;;235;1.00000000;0;65;;;;;;;;
24;84fbab3e-e60a-4ef4-91e4-a2e1d2af3ac4;0;;18;1.00000000;0;65;;;;;;;;
25;d308ca16-6571-430e-ae66-494a3b7ea7cc;0;;233;1.00000000;0;65;;;;;;;;
27;ea621c2a-75bc-4e80-baeb-f51cb77404d1;0;;199;1.00000000;0;73;;;;;;;;
28;a6f624d4-57e5-46c5-8315-567dfc7b53f2;0;;150;8.00000000;0;73;;;;;;;;
30;0a29287f-f696-4b99-a3c9-8f0ea21852f9;0;;118;12.00000000;0;73;;;;;;;;
31;9e6882e2-1a75-4d26-9cf9-32e3dc4df42b;0;;132;4.00000000;0;73;;;;;;;;
32;5cc72213-b942-4a73-8bbc-32e3885da63e;0;;105;6.00000000;0;73;;;;;;;;
33;53c26d1d-3da9-4b4a-a0fb-5ccd6856d7d7;0;;106;8.00000000;0;73;;;;;;;;
34;c6856e98-75da-4642-ad2b-f61b39c8a705;0;;19;4.00000000;0;73;;;;;;;;
35;8bf6a921-e5d3-4e3f-85c6-f9e9ff0e3330;0;;30;0.30000000;0;73;;;;;;;;
36;ca64faaa-b512-46db-9419-98b3484433be;0;;202;0.60000000;0;73;;;;;;;;
37;72485af5-5b00-482b-9d78-46080c6548d9;0;;17;8.00000000;0;88;;;;;;;;
39;a4a3e364-c460-4416-99cf-f1fbf127b38b;0;;118;4.00000000;0;88;;;;;;;;
40;c0cb57f4-eef7-4907-9fda-e5bd1c877df2;0;;132;8.00000000;0;88;;;;;;;;
41;b80d68e6-bfb6-46f1-bf8f-bdde4d2346ca;0;;19;4.00000000;0;88;;;;;;;;
42;46e83751-917f-4e5d-abca-f8fea99f3692;0;;30;0.45000000;0;88;;;;;;;;
43;8981e0d7-130a-4b4e-976a-ea75f90372ae;0;;192;1.25000000;0;88;;;;;;;;
44;459a37e1-92d4-4293-a242-ed04b40cb230;0;;175;0.15000000;0;88;;;;;;;;
45;5a242792-6e52-4b32-836e-81485ad087bc;0;;171;0.45000000;0;88;;;;;;;;
58;2b3cedab-9980-475e-b7c4-4749cc40f32c;0;;17;8.00000000;0;78;;;;;;;;
59;8f094ec5-89bc-44f8-8435-474771b8bbef;0;;18;2.00000000;0;78;;;;;;;;
60;ef6506bc-d296-4110-a683-c383e173dfd2;0;;19;4.00000000;0;78;;;;;;;;
61;5361ce4e-f112-4b17-8256-557221eb31a5;0;;118;4.00000000;0;78;;;;;;;;
63;a3ba9be2-8fff-4174-834f-ef3392486874;0;;171;0.35000000;0;78;;;;;;;;
64;05be226c-6e95-474d-a26b-4cfb6e5c076c;0;;175;0.20000000;0;78;;;;;;;;
65;0d2b2ca2-7cba-4894-a23b-8d4bfaee1969;0;;30;0.35000000;0;78;;;;;;;;
66;c44ecd02-c71a-4d25-8854-b6f16b56c9da;0;;192;1.00000000;0;78;;;;;;;;
67;a62a34ff-e96d-4543-aa6d-00cd5ecda513;0;;132;8.00000000;0;78;;;;;;;;
68;f73e3de1-a1ea-4035-b3cd-c11a38241a2a;0;;235;1.00000000;0;78;;;;;;;;
69;b5df2983-1290-4620-9d9f-c9b4c0647019;0;;231;1.00000000;0;78;;;;;;;;
70;3dfc0614-e7cc-4603-9ad5-9594f9ac4c81;0;;232;1.00000000;0;78;;;;;;;;
71;a5e9bb96-ded8-4b5b-b9f8-e2c7d593de06;0;;233;1.00000000;0;78;;;;;;;;
74;093610df-80f5-4c33-8b89-26de46368dfc;0;;235;1.00000000;0;54;;;;;;;;
75;4ab146c0-ea0c-4342-84d3-49d7c2aca098;0;;231;2.00000000;0;54;;;;;;;;
76;a14d9344-8e19-4e07-a789-110f9bec6ec9;0;;232;1.00000000;0;54;;;;;;;;
77;8259470b-ce98-4cf5-8b33-f0b9025733fb;0;;233;2.00000000;0;54;;;;;;;;
78;af447bc9-519d-40a0-a543-0c9ef92df6bf;0;;30;0.30000000;0;54;;;;;;;;
79;49f0e773-62bf-41b0-8040-c5a407b27db7;0;;106;8.00000000;0;54;;;;;;;;
80;1961c3b5-0a0d-4133-92da-0fbd041f2ddb;0;;105;5.00000000;0;54;;;;;;;;
81;aba2a08f-26c5-4227-a432-1a816bc8ca96;0;;202;0.36000000;0;54;;;;;;;;
82;5a62fecb-20ec-4dc9-a643-9a5483f48570;0;;199;1.00000000;0;54;;;;;;;;
83;cbd42a72-e52d-4420-8de8-aae543b109bf;0;;135;2.00000000;0;54;;;;;;;;
84;6e3a5302-5958-4f5a-9f8f-ab9f32b42d78;0;;118;12.00000000;0;54;;;;;;;;
85;bb31c8fd-2afd-447e-87c0-b70783a0fea2;0;;132;2.00000000;0;54;;;;;;;;
86;62262423-4fcd-434a-b7fe-6737cdffb265;0;;150;8.00000000;0;54;;;;;;;;
87;c15d7e3a-6aa2-4812-ab57-d74d4d1bddd5;0;;19;4.00000000;0;54;;;;;;;;
88;d7c096a6-7988-4f49-9623-80d090b43481;0;;16;8.00000000;0;57;;;;;;;;
89;9ad584dc-68db-4197-9cf4-a0bb67c3820c;0;;215;0.29000000;0;57;;;;;;;;
90;da4ef789-8cf3-49bb-be78-e53a13d34e0d;0;;183;0.05400000;0;57;;;;;;;;
91;f502cad7-e189-4767-8392-1e6a0a08083f;0;;105;4.00000000;0;57;;;;;;;;
92;9b93e0a0-7337-4e48-a764-84f6c98987e3;0;;19;4.00000000;0;57;;;;;;;;
93;69c31dcc-fc34-4dc8-b262-59efe3d915da;0;;30;0.10000000;0;57;;;;;;;;
94;2e78f376-faa3-4d37-a4af-32add01f1dba;0;;202;0.55000000;0;57;;;;;;;;
95;b56cf017-cf73-4235-8577-6ff97f9ea5a9;0;;187;0.17000000;0;57;;;;;;;;
1949;;0;;;;;;;;;;;;;
1950;;0;;;;;;;;;;;;;
1951;;0;;;;;;;;;;;;;
1952;;60;;;;;;;;;;;;;
38;192f1f1d-83bb-41a9-aab6-7dd409b80f52;0;;135;8.00000000;1;;0.00000000;0;f;;0.00000000;f;0;0.00000000
96;660ec734-cda5-422a-a7c1-05024b557a7b;0;;235;1.00000000;0;57;;;;;;;;
97;8d39fb72-af64-4049-bc9d-00e5189b0cd6;0;;231;2.00000000;0;57;;;;;;;;
98;2c4577e3-2e63-4999-99d9-b81a0cfd5a80;0;;232;1.00000000;0;57;;;;;;;;
99;cd1f49d6-43f3-4d12-b616-6a664828e274;0;;233;2.00000000;0;57;;;;;;;;
100;70f644cd-0721-4740-aafb-8732f71b826f;0;;235;1.00000000;0;64;;;;;;;;
101;8a5c5ffc-8cb6-43bd-8435-8b4b93964dc5;0;;231;1.00000000;0;64;;;;;;;;
102;278c4bca-5418-47cf-878a-5fa0452bb873;0;;232;1.00000000;0;64;;;;;;;;
103;20d2810d-433d-4311-9c3b-68bd794f7a34;0;;233;1.00000000;0;64;;;;;;;;
104;e184d551-d714-4a46-a27f-b67a6282462f;0;;17;8.00000000;0;64;;;;;;;;
105;d86c64ef-bb32-4115-91ef-dd93128ed1ec;0;;135;8.00000000;0;64;;;;;;;;
106;d337bbb8-b611-47c4-aebb-092c5e78ae38;0;;118;4.00000000;0;64;;;;;;;;
107;bd99c7ff-0ed3-4431-925e-4bcaa26e2ff1;0;;132;8.00000000;0;64;;;;;;;;
108;3fd0982f-8b69-487d-ad6e-424cae089dfa;0;;19;4.00000000;0;64;;;;;;;;
110;4d5a76e5-2e45-40f7-bedf-74d4e6593f84;0;;192;1.40000000;0;64;;;;;;;;
111;aef01520-ca46-4f4a-a2ec-8a0a94746ed5;0;;30;0.35000000;0;64;;;;;;;;
126;a41a1307-daeb-482a-b09e-109000b6d6c8;0;;156;1.00000000;0;106;;;;;;;;
127;7bd2e9a8-6407-4c41-a061-39987ec040a8;0;;178;0.00274000;0;106;;;;;;;;
128;bccfd10c-ab35-468b-8b29-342d84f8cd94;0;;170;0.00350000;0;105;;;;;;;;
129;22c9f738-4b47-4946-a623-4790b239f460;0;;159;1.00000000;0;105;;;;;;;;
130;1f5fa47d-3d6e-49e4-941f-c0b0acfaabcc;0;;142;4.00000000;0;74;;;;;;;;
131;d5adfb3a-06fb-49f3-b608-44ca65110c96;0;;105;4.00000000;0;74;;;;;;;;
132;bb1db099-7517-44a2-afc1-dd50b8b94c9e;0;;19;4.00000000;0;74;;;;;;;;
133;94960407-24ce-4c75-a07c-86045d6be835;0;;30;0.15000000;0;74;;;;;;;;
135;2ec67ace-39bb-46e3-aa07-8bb608398124;0;;235;1.00000000;0;74;;;;;;;;
136;93161744-cb45-400b-8851-25797588e262;0;;231;2.00000000;0;74;;;;;;;;
137;5c94537c-a41e-47a0-90e8-708b9a7df8a5;0;;232;1.00000000;0;74;;;;;;;;
138;469c3827-0551-48ab-abb1-a0ebcc91d2af;0;;233;2.00000000;0;74;;;;;;;;
139;6d89bd79-e24e-49c6-b432-7b773e6d4f35;0;;18;1.00000000;0;74;;;;;;;;
140;6408e266-3df6-4999-a701-c293b1f65de1;0;;142;4.00000000;0;59;;;;;;;;
141;4d0d8b7f-99d4-4c5f-b838-6246458e5325;0;;105;4.00000000;0;59;;;;;;;;
142;7c6e0115-4175-425b-8221-e56a86eaf8cb;0;;19;4.00000000;0;59;;;;;;;;
143;c5d504ca-a017-4079-bd12-3ab5e26b1524;0;;30;0.15000000;0;59;;;;;;;;
145;9c25b5af-a3a9-40e4-a1c9-2054cea19171;0;;235;1.00000000;0;59;;;;;;;;
146;8a6f6e75-5dc7-4dc3-9e9d-e7a0da626035;0;;231;2.00000000;0;59;;;;;;;;
147;2679a408-77b4-4863-87d8-d6309a1d96d0;0;;232;1.00000000;0;59;;;;;;;;
148;ab0ab356-6b7b-4c97-a9fb-c99d7a8028ca;0;;233;2.00000000;0;59;;;;;;;;
149;d4408e08-68cb-487f-a45a-02fb1499ea8b;0;;142;4.00000000;0;76;;;;;;;;
150;373bad06-b3cb-48df-9fd5-ca95913907cf;0;;105;4.00000000;0;76;;;;;;;;
151;545fb2c6-7f04-4944-a0f0-fe8eac47a7c7;0;;19;4.00000000;0;76;;;;;;;;
152;f642f183-481c-44d0-a8c8-9d5f09f61095;0;;30;0.17000000;0;76;;;;;;;;
154;c1202b34-69ad-4633-a130-b3177f66e1f8;0;;171;0.13500000;0;76;;;;;;;;
155;7f7ebe00-728a-4977-861d-afbd5646fb69;0;;175;0.08400000;0;76;;;;;;;;
156;a1bbda77-a0e7-4d0b-956f-67e5f9924154;0;;235;1.00000000;0;76;;;;;;;;
157;94f6efd1-dc8c-4bf2-8e2b-7256fd60bbff;0;;231;2.00000000;0;76;;;;;;;;
158;67f14938-1c14-45b6-98d6-2f21b548673f;0;;232;1.00000000;0;76;;;;;;;;
159;5cc0b4b5-cb5b-408e-899f-896eea816ca6;0;;233;2.00000000;0;76;;;;;;;;
160;89701bee-5afe-488c-8ae9-cd984296ec27;0;;231;2.00000000;0;237;;;;;;;;
161;9f32acce-009c-4788-b6e4-4815e836ace9;0;;232;1.00000000;0;237;;;;;;;;
162;40938ab6-e19e-4d27-80e2-7217c26e9b63;0;;233;2.00000000;0;237;;;;;;;;
163;861c3f0c-d08c-4409-a4ec-81c62892bed6;0;;142;4.00000000;0;237;;;;;;;;
164;b9593570-5cbc-4643-bfba-76e1b3fe90fe;0;;105;4.00000000;0;237;;;;;;;;
165;3635e808-1d1f-46d9-bd93-42a58a4c45ab;0;;19;4.00000000;0;237;;;;;;;;
166;d5df7b87-1c53-426e-8e86-9288b47a8877;0;;30;0.15000000;0;237;;;;;;;;
168;36c354a5-6c56-49af-bef0-a2294f62842b;0;;171;0.13500000;0;237;;;;;;;;
169;ca503153-413e-4927-9ea3-e8f06a4902cb;0;;175;0.08400000;0;237;;;;;;;;
170;8484e3a9-93d8-4a4c-8e38-f692f8a0f1a4;0;;235;1.00000000;0;237;;;;;;;;
171;f7f775a3-c901-4a92-9a8e-a0ffb8e02eeb;0;;231;2.00000000;0;238;;;;;;;;
172;12545cc9-9866-4598-9b50-32e0c53bfb6d;0;;232;1.00000000;0;238;;;;;;;;
173;bf35681e-72d3-4cd8-962b-c246542db00c;0;;233;2.00000000;0;238;;;;;;;;
174;3cfac476-ed51-4930-9f28-7919166b0328;0;;142;4.00000000;0;238;;;;;;;;
175;ac69d0af-23b5-4e9d-ac02-99bb42b1f08f;0;;105;4.00000000;0;238;;;;;;;;
176;100598ea-30a7-4faf-821d-ba807e48936b;0;;19;4.00000000;0;238;;;;;;;;
177;5a583dcc-2a3a-4e91-a024-3bd9a5275393;0;;30;0.15000000;0;238;;;;;;;;
179;cfa72d3a-a313-416c-9abc-10394d8ff32c;0;;171;0.13500000;0;238;;;;;;;;
180;d5452485-bfa1-4556-ac2d-eef043c1a43d;0;;175;0.08400000;0;238;;;;;;;;
1953;;30;;;;;;;;;;;;;
1954;;30;;;;;;;;;;;;;
181;192630f8-ea55-4e83-81af-90d1cae28cfd;0;;235;1.00000000;0;238;;;;;;;;
182;5f89aadb-b9c5-46e7-9566-fc5141c602df;0;;17;8.00000000;0;62;;;;;;;;
184;5da947dc-b88a-4ce4-98fa-42a8b2c83356;0;;118;4.00000000;0;62;;;;;;;;
185;9a56a7a7-9c9a-4d9e-9c3a-63397fa8be17;0;;132;4.00000000;0;62;;;;;;;;
187;b1ab7856-6038-4039-9bf3-71669fc7791c;0;;30;0.15000000;0;62;;;;;;;;
188;0249e5a7-0212-4f2f-a025-f681d512e480;0;;192;1.00000000;0;62;;;;;;;;
189;02e012c5-2604-4e22-8e17-37a18915c1e7;0;;235;0.50000000;0;62;;;;;;;;
190;34a57bfd-437c-491c-afb4-b9bda0fd7907;0;;231;0.50000000;0;62;;;;;;;;
191;69b6845d-d43f-4a4d-b941-469443139256;0;;232;0.50000000;0;62;;;;;;;;
192;91d108dd-65c0-4a02-a034-ac7f515af74f;0;;233;1.00000000;0;62;;;;;;;;
194;f92087f2-01e8-4f32-b189-1c8fd572ffa0;0;;118;4.00000000;0;87;;;;;;;;
195;b11492c5-8c0b-47d5-81f4-167c08438c5d;0;;132;4.00000000;0;87;;;;;;;;
196;d606bbda-d606-4b7d-b07e-4594de3db741;0;;19;4.00000000;0;87;;;;;;;;
197;4cd4223e-0b85-4e5c-b1f1-4e96a151bd87;0;;30;0.12000000;0;87;;;;;;;;
198;3e66acf5-2fbf-4ed5-9b2c-6537c806dc80;0;;202;1.10000000;0;87;;;;;;;;
199;a468f83f-ca5d-4fc4-a919-886face8c40e;0;;235;1.00000000;0;87;;;;;;;;
200;8b268a45-185b-4788-83c8-9db8c20bd333;0;;231;1.00000000;0;87;;;;;;;;
201;0ec3c4c1-76c4-4da4-87c2-c267fa62eb09;0;;232;1.00000000;0;87;;;;;;;;
202;e119211c-ef66-4660-baeb-0abfb8ac2f62;0;;233;1.00000000;0;87;;;;;;;;
203;db516439-9614-4a18-bb09-bf8cb6879879;0;;30;0.15000000;0;239;;;;;;;;
205;d915a802-dddf-456e-893c-6262a672f27e;0;;118;4.00000000;0;239;;;;;;;;
206;bd9ab56f-a36f-4dba-93bc-a66fb78b82dc;0;;132;4.00000000;0;239;;;;;;;;
207;9c95ae76-9b63-4b6a-95d4-61abac90f088;0;;19;4.00000000;0;239;;;;;;;;
208;3e079463-7cc8-4fa0-b630-da362e54709f;0;;231;1.00000000;0;239;;;;;;;;
209;1233ad27-1fa1-46a2-be14-5d3ebba59fe0;0;;232;1.00000000;0;239;;;;;;;;
210;434e1211-e2aa-4e14-b834-c50bbf36cc52;0;;192;1.20000000;0;239;;;;;;;;
211;15149dc6-69a8-4f7a-b9c9-a21e7ab73984;0;;235;1.00000000;0;239;;;;;;;;
212;7aa35372-fe4c-4ed7-87df-b6e7b7f1afee;0;;18;1.00000000;0;239;;;;;;;;
213;82e560c4-6234-48ff-8ead-539ab8105eb4;0;;233;1.00000000;0;239;;;;;;;;
215;d991ff6d-1b4b-4710-a83a-75314ac1a7cb;0;;118;4.00000000;0;56;;;;;;;;
216;3f7f4a24-0d54-46a7-9768-3a8d16f4b6cf;0;;132;4.00000000;0;56;;;;;;;;
217;af6854f6-c9fe-4ef3-86d8-aec5ce09687f;0;;19;4.00000000;0;56;;;;;;;;
219;3be6c57a-e5e8-47da-9ef3-d54d2d5459c3;0;;30;0.15000000;0;56;;;;;;;;
220;f7dd3d3a-7b1f-4c19-8558-3832002ca31a;0;;192;0.80000000;0;56;;;;;;;;
222;40e15b89-205b-4c6a-909d-cd7529ca2a18;0;;175;0.40000000;0;56;;;;;;;;
223;0fedd68e-9fe2-4ba1-8aac-3e7b8d74c028;0;;17;8.00000000;0;56;;;;;;;;
224;a19a6d22-e263-49b1-87e4-22849215db0e;0;;235;0.50000000;0;56;;;;;;;;
225;3a66bb4c-7904-483a-b89a-96252357110f;0;;231;0.50000000;0;56;;;;;;;;
226;829027d2-81ef-4e74-92e7-8426f30f7fe7;0;;232;0.70000000;0;56;;;;;;;;
227;b6c47053-04af-4a1c-aecc-a3b6ebddeb2b;0;;233;0.50000000;0;56;;;;;;;;
228;47d58d60-adeb-4f2a-b229-a21067e21c30;0;;135;4.00000000;0;240;;;;;;;;
229;6eb1a54b-f38b-4371-b170-1b5916822345;0;;118;4.00000000;0;240;;;;;;;;
230;ceeb845b-4511-421f-89c3-6d60930cce49;0;;132;4.00000000;0;240;;;;;;;;
231;715879cc-2594-4fe5-93a0-77cd93aef5d9;0;;19;4.00000000;0;240;;;;;;;;
232;561895e2-49e8-4efe-8b18-2acf74545082;0;;30;0.17000000;0;240;;;;;;;;
233;777650aa-23cc-45a7-baa9-540cfb80266d;0;;192;0.90000000;0;240;;;;;;;;
234;7753d220-107b-4e5e-9171-eaf98577c5af;0;;171;0.22000000;0;240;;;;;;;;
235;2d9cae1b-051b-4063-bb22-10dca6022da4;0;;175;0.09000000;0;240;;;;;;;;
236;58a1eb90-891e-44db-a9dc-56d8bf5babcb;0;;17;8.00000000;0;240;;;;;;;;
237;9d133804-c545-41c3-a84d-1002a1473d65;0;;235;1.00000000;0;240;;;;;;;;
238;bd2f4eda-bc51-4208-886d-f49dcd93e8e8;0;;231;1.00000000;0;240;;;;;;;;
239;a1583027-a7f1-45de-bfde-75e050415a45;0;;232;1.00000000;0;240;;;;;;;;
240;ac1652bf-77bf-48cf-bd6a-1db3f31c9ded;0;;233;1.00000000;0;240;;;;;;;;
243;459af4d3-3935-4a3b-a912-4af0cabc70de;0;;118;4.00000000;0;241;;;;;;;;
244;facb2e5b-46ab-4fae-a18e-1d1d2871f18f;0;;132;4.00000000;0;241;;;;;;;;
245;7f57dc71-3cba-42e7-8604-7520a82a3d53;0;;19;4.00000000;0;241;;;;;;;;
246;52232e60-67f1-4b2b-b480-8e47cea6c51c;0;;30;0.15000000;0;241;;;;;;;;
247;ae5a5bd1-8cdb-4b9c-b291-f3fa6e588039;0;;192;1.15000000;0;241;;;;;;;;
248;3907ec9a-7fb0-4c6c-987d-563095993e42;0;;235;1.00000000;0;241;;;;;;;;
249;997027eb-38e4-4152-a202-fab7af5e2b77;0;;231;1.00000000;0;241;;;;;;;;
250;278e3de4-11e9-4d22-b2bf-b26390a4eab0;0;;232;1.00000000;0;241;;;;;;;;
251;88ae27b5-51a4-4b0c-9d77-4581db96efea;0;;233;1.00000000;0;241;;;;;;;;
252;93aa4681-960b-4384-aede-fa3a9a8d5e6f;0;;30;0.17000000;0;242;;;;;;;;
254;4fbf9a08-722c-42fc-bb67-15cb9d16a5df;0;;118;4.00000000;0;242;;;;;;;;
1955;;30;;;;;;;;;;;;;
1956;;0;;;;;;;;;;;;;
1957;;0;;;;;;;;;;;;;
1958;;0;;;;;;;;;;;;;
255;295327e4-3ea4-4cca-b27c-93af8fe4382e;0;;132;4.00000000;0;242;;;;;;;;
256;5549aaa9-3264-4158-89ba-40129c982f5a;0;;19;4.00000000;0;242;;;;;;;;
257;aca05d18-e8a3-4f91-b55a-22732ca6fc7b;0;;231;2.00000000;0;242;;;;;;;;
258;90d7b69c-043f-4ccb-80e9-fdf92265dd71;0;;232;1.00000000;0;242;;;;;;;;
259;4f1d9a7a-01a5-43ae-a2d0-88d09c75a383;0;;192;0.90000000;0;242;;;;;;;;
260;dbd9c1c7-33dd-460c-a7ff-09a83ba7d08d;0;;235;1.00000000;0;242;;;;;;;;
261;1b06f874-7c34-4af5-aba5-173b7e6c5ae2;0;;18;1.00000000;0;242;;;;;;;;
262;45621166-d88f-40ec-b27b-6dabfebac576;0;;233;2.00000000;0;242;;;;;;;;
263;89d288d7-2d14-4853-a027-24df6c5af12e;0;;30;0.20000000;0;243;;;;;;;;
264;5a026959-ad86-4a4d-acd9-f79372216791;0;;135;4.00000000;0;243;;;;;;;;
265;5acafc5e-139b-4cc9-9424-91a3763ff708;0;;118;4.00000000;0;243;;;;;;;;
266;7ba3a62c-111c-4f7b-a121-c0b98f325e2f;0;;132;4.00000000;0;243;;;;;;;;
267;c864d9e5-ef6f-4881-9350-5727c5f98612;0;;19;4.00000000;0;243;;;;;;;;
268;4027bbb5-e6e1-43c7-adb9-e409ad61039b;0;;231;2.00000000;0;243;;;;;;;;
269;d8041e3b-e9b9-4e68-b2c7-bc2d26b8b111;0;;232;1.00000000;0;243;;;;;;;;
270;1c40b66f-6564-40ff-a4a3-3bdc6abc4eaa;0;;192;1.00600000;0;243;;;;;;;;
271;661ec267-5f34-4a63-87a0-3b942324b7e7;0;;235;1.00000000;0;243;;;;;;;;
272;e9d85e50-b619-4fe4-9fc4-d6051c0d25b5;0;;18;1.00000000;0;243;;;;;;;;
273;0bc937fe-db36-46ef-aca4-5d6b56d03066;0;;233;2.00000000;0;243;;;;;;;;
274;2d6573bd-4285-4cc4-91ed-f49839c127d2;0;;171;0.22000000;0;243;;;;;;;;
275;d13b2328-2889-4d0a-918b-5d559d9ce71f;0;;175;0.07500000;0;243;;;;;;;;
276;e65662d0-bf12-474a-9ca0-420cad6f1f87;0;;171;0.00000000;0;242;;;;;;;;
277;513f5e0c-9e28-4004-8960-5d2e2bd97e7b;0;;175;0.27000000;0;242;;;;;;;;
278;e82c25e3-0b71-414e-9b25-45cf093e6838;0;;16;8.00000000;0;68;;;;;;;;
280;af2b756e-7dd1-4842-bad6-9b86c4873c46;0;;215;0.30000000;0;68;;;;;;;;
282;97bfcee0-8499-4287-8cd1-240d097aa0fd;0;;118;4.00000000;0;68;;;;;;;;
283;e71c8451-ea33-43c7-96c9-e07a998a7ec6;0;;132;8.00000000;0;68;;;;;;;;
284;2bb09ac1-5eae-4d37-a020-c435b31fb0a7;0;;105;4.00000000;0;68;;;;;;;;
285;b5f1389c-7eb7-4054-9197-2d3bd4f710ac;0;;19;4.00000000;0;68;;;;;;;;
290;26598ebd-a1ae-452d-b4cf-d9eb5ad8827a;0;;202;0.95000000;0;68;;;;;;;;
291;c2b8fd63-2ce7-4632-9b23-9fc69638d1df;0;;235;1.00000000;0;68;;;;;;;;
292;03a616c0-c873-4aed-aa32-2329e9ccea6a;0;;231;3.00000000;0;68;;;;;;;;
293;7b7e2a07-9e26-4314-a91a-1d948be2504e;0;;232;1.00000000;0;68;;;;;;;;
294;10c1957e-99a6-4fbc-9aec-a0cd7f701e06;0;;233;3.00000000;0;68;;;;;;;;
295;8ef16533-9b7a-47d2-8533-8eb91417a17d;0;;16;0.00000000;0;244;;;;;;;;
296;dd248392-68af-4005-ac59-00c3b7c42c94;0;;135;0.00000000;0;244;;;;;;;;
297;d5ec4ab6-6821-4549-af1b-3ac789464ecc;0;;215;0.00000000;0;244;;;;;;;;
298;be2853bd-218a-4ff6-8fb9-a28570f3716f;0;;183;0.00000000;0;244;;;;;;;;
299;c4eadde5-fd9f-49d1-8a70-03c0621a4c7f;0;;118;0.00000000;0;244;;;;;;;;
300;714b95a4-11ae-4437-b3ec-bfc75f853016;0;;132;0.00000000;0;244;;;;;;;;
301;63a61514-ba8c-4ffd-a81c-971c4a5070e6;0;;105;1.00000000;0;244;;;;;;;;
302;283692c1-0d80-45aa-a9e7-3f598762a9e5;0;;19;0.00000000;0;244;;;;;;;;
303;ce628435-5936-4127-9c81-6376e82ddb4c;0;;30;0.03000000;0;244;;;;;;;;
304;d25f3920-7aa3-479c-bad1-ba3ff5a50fcb;0;;212;0.00000000;0;244;;;;;;;;
305;02f046b5-7d3b-43e5-be8b-ffb630da86f6;0;;181;0.57000000;0;244;;;;;;;;
306;d1dd75ee-c168-431f-8dc2-62b4fa551b0c;0;;202;0.00000000;0;244;;;;;;;;
307;8f521f38-4511-4c81-a772-06436509ab8f;0;;235;1.00000000;0;244;;;;;;;;
308;c2043797-bf09-4cf5-a057-91325abb684c;0;;231;1.00000000;0;244;;;;;;;;
309;6e9976f6-579d-4b51-9d7b-43839137806a;0;;232;1.00000000;0;244;;;;;;;;
310;403a6470-c419-4e4f-a54f-3ff21c8f7c23;0;;233;1.00000000;0;244;;;;;;;;
311;e79b2634-7471-44be-99a1-5ed41d1051d3;0;;16;0.00000000;0;245;;;;;;;;
312;a6e0b9d2-a23f-4405-b7e0-f07ddbcfa69a;0;;135;0.00000000;0;245;;;;;;;;
313;816d0999-4044-4eff-a47a-b64b82cd10fa;0;;215;0.00000000;0;245;;;;;;;;
314;b62c8dc7-3227-4589-aba9-db30ae647ea4;0;;183;0.00000000;0;245;;;;;;;;
315;604f6f34-4b72-4b4c-9174-c9e92b43b120;0;;132;0.00000000;0;245;;;;;;;;
316;0ea68a36-3ed6-4984-a2aa-e92d6fe8175c;0;;105;0.00000000;0;245;;;;;;;;
317;27aeb8d0-f352-4724-be97-23d4504fcf7c;0;;19;0.00000000;0;245;;;;;;;;
318;e3e59f9c-6432-49e4-8993-e365ade66f69;0;;30;0.03000000;0;245;;;;;;;;
319;a1225bdd-f00f-4f3e-80d6-a57809e2562c;0;;212;0.00000000;0;245;;;;;;;;
320;bc5e80e7-6fd6-4c71-bea4-46230b7de3bf;0;;181;0.50000000;0;245;;;;;;;;
321;e2cd6827-1c12-4800-b383-6bf2d5197a0c;0;;202;0.00000000;0;245;;;;;;;;
322;ab9dbe5e-8a7e-4a9f-b661-57bec1882a9c;0;;235;1.00000000;0;245;;;;;;;;
323;43fe2347-466b-4ef3-90c6-85de3d1b97e9;0;;231;1.00000000;0;245;;;;;;;;
324;041ea5f8-380f-4279-b21f-afe03bd19869;0;;232;1.00000000;0;245;;;;;;;;
325;b588e01f-43c5-497c-b8d7-de1b9fdaaa6b;0;;233;1.00000000;0;245;;;;;;;;
326;0f5d56e0-999e-4d6d-bcaa-7f923f650a8c;0;;118;0.00000000;0;245;;;;;;;;
334;7b132695-1d3f-45ae-9277-784c22bbb4c6;0;;30;0.03000000;0;246;;;;;;;;
335;c8cc9c43-4e9d-47ac-ac6f-1e1baff9ddb3;0;;212;0.00000000;0;246;;;;;;;;
336;b49629a3-51b6-4b38-bbf3-f208ff8c64a2;0;;181;0.63000000;0;246;;;;;;;;
339;f5127eb7-dcde-435b-83eb-53f13faacef2;0;;231;1.00000000;0;246;;;;;;;;
340;121b32b5-44a4-4dc7-aa27-a5296d2bbf6c;0;;232;1.00000000;0;246;;;;;;;;
341;9a514936-1d82-4221-a740-2c991da19e18;0;;233;1.00000000;0;246;;;;;;;;
347;b9c0964d-340d-4f70-9046-baebf45e53fa;0;;56;1.00000000;0;61;;;;;;;;
348;4b20fda4-72a4-450c-8561-b882a238cdbd;0;;46;1.00000000;0;61;;;;;;;;
350;23e9f5ee-cc13-4f42-a54a-7c8f3e0e07a0;0;;40;1.00000000;0;94;;;;;;;;
351;2f348f44-20b3-4ad3-80e7-b46315aeb6ea;0;;56;1.00000000;0;94;;;;;;;;
352;7a2b0cee-c637-48da-9f77-ace7cdb927be;0;;56;1.00000000;0;98;;;;;;;;
353;618fae16-b9fa-4fa0-b226-0714154bc25b;0;;42;1.00000000;0;98;;;;;;;;
354;f4031a60-c5b0-438a-af1c-4210c4d72cc4;0;;45;1.00000000;0;103;;;;;;;;
355;89b54f93-f207-4a6e-8e2c-36ee0e496373;0;;56;1.00000000;0;103;;;;;;;;
356;997adb29-9f84-42bf-8198-edd61218b5a4;0;;159;1.00000000;0;159;;;;;;;;
357;f41751c5-4faa-46bf-8125-97f07891cb86;0;;170;1.00000000;0;159;;;;;;;;
358;84c1c425-da42-4a8e-abe7-12f814fff894;0;;190;0.98000000;0;238;;;;;;;;
359;ca9e6e59-b554-46d3-9493-bb49fa86b53d;0;;190;0.94000000;0;237;;;;;;;;
360;47d40a7f-d0f5-47a4-9abe-312cfef9af5e;0;;190;0.87500000;0;76;;;;;;;;
361;736bb9b4-a42c-49c9-b56f-1243208dab95;0;;190;1.10000000;0;74;;;;;;;;
362;a99ba493-e0eb-40ff-8b22-0ff987c07c8e;0;;235;1.00000000;0;73;;;;;;;;
363;cbcb5dfe-0f96-4475-a507-e0204c718b38;0;;231;2.00000000;0;73;;;;;;;;
364;914bedc2-0479-45bc-a63f-6304956c9270;0;;232;1.00000000;0;73;;;;;;;;
365;8ae7b5f8-b120-4469-86d6-79f97c27e60a;0;;233;2.00000000;0;73;;;;;;;;
366;3c60f140-e1bc-4207-9ba3-33fb17d8942d;0;;190;1.20000000;0;59;;;;;;;;
386;13b50c15-7753-494b-bc3d-9408f9156e13;0;;118;4.00000000;0;250;;;;;;;;
387;4ca99c08-8c1d-470c-b91c-d292616c6eea;0;;132;4.00000000;0;250;;;;;;;;
388;749b5e52-94ac-4311-a947-9b0e4aaecb1b;0;;19;4.00000000;0;250;;;;;;;;
389;b5a44fc2-51dc-47c6-a048-bed1e54533b0;0;;30;0.00400000;0;250;;;;;;;;
390;cf26a358-8fab-4554-9f2f-08f78565e72d;0;;192;1.00000000;0;250;;;;;;;;
391;08912c4f-c23a-4276-832f-f0ada11a7e8b;0;;235;0.50000000;0;250;;;;;;;;
392;f8a4a922-afe7-42a8-a931-8163ea8319a8;0;;231;1.00000000;0;250;;;;;;;;
393;8289981f-1a36-4428-beb6-e2cfcc4c6c5e;0;;232;1.00000000;0;250;;;;;;;;
394;f6217b7d-f0a6-48b9-9421-4df42f49caf1;0;;233;1.00000000;0;250;;;;;;;;
395;4639c17a-a16c-4473-a068-013cbd003d44;0;;17;8.00000000;0;251;;;;;;;;
396;36e860ad-efbd-41f1-a1da-a9b4409e6246;0;;135;8.00000000;0;251;;;;;;;;
397;5e36cc20-60fa-47af-9abb-b4edb1f53df2;0;;118;4.00000000;0;251;;;;;;;;
398;e472627d-78b1-4ba9-b8b3-6f07eda9d6e2;0;;132;8.00000000;0;251;;;;;;;;
399;98e6b1bf-b046-4768-ad36-26a0e19f156c;0;;19;4.00000000;0;251;;;;;;;;
400;aaef10b2-4952-4bd3-95cc-4a0a0786ca09;0;;30;0.35000000;0;251;;;;;;;;
401;72a689c2-b4d2-460d-8146-4711a5f56b46;0;;192;1.55000000;0;251;;;;;;;;
404;8444a621-ac28-4eb3-90c9-b7f1d228edc7;0;;18;2.00000000;0;251;;;;;;;;
405;194aa29c-32cb-44e6-9771-8700713df480;0;;235;1.00000000;0;251;;;;;;;;
406;a1a653f9-6284-4592-9dde-c925d00436bf;0;;231;1.00000000;0;251;;;;;;;;
407;b96e1436-cbe4-403f-8337-dcb81d6d1ec8;0;;232;1.00000000;0;251;;;;;;;;
408;165b32fc-1787-45e6-be04-994088e651d6;0;;233;1.00000000;0;251;;;;;;;;
409;320f07b5-485d-4e0e-b33d-9c057215877a;0;;17;8.00000000;0;252;;;;;;;;
410;d2590d09-8809-4f0e-8f58-ed2b1ef07473;0;;135;8.00000000;0;252;;;;;;;;
411;115944c9-2c82-469b-a4d9-965ca2727440;0;;118;4.00000000;0;252;;;;;;;;
412;1a7501c4-2420-4816-9375-342f2516e553;0;;132;8.00000000;0;252;;;;;;;;
413;66f859e9-43d9-4cf4-8faf-7ce56732858e;0;;19;4.00000000;0;252;;;;;;;;
414;07d3c36c-56e1-4813-91f9-464299d97114;0;;30;0.35000000;0;252;;;;;;;;
415;f8976f79-1ff4-4ba4-bd46-3ce5273104c4;0;;192;1.70000000;0;252;;;;;;;;
416;b4c1c318-c020-4777-a9c6-dc05f8fe4bc2;0;;18;2.00000000;0;252;;;;;;;;
417;3c00eab5-1bce-4f93-8e5c-03e38a85e15d;0;;235;1.00000000;0;252;;;;;;;;
418;65c96706-a6ed-4ebc-8303-cd706f6ee4d7;0;;231;1.00000000;0;252;;;;;;;;
419;cb346e98-91b9-492f-be56-3bc53f09ac33;0;;232;1.00000000;0;252;;;;;;;;
420;60ed6d7b-5108-4d4c-aa2d-0627b32cbb2d;0;;233;1.00000000;0;252;;;;;;;;
433;d3424d22-1488-449a-846e-43c5d1bb7d25;0;;18;2.00000000;0;64;;;;;;;;
445;56c3f59c-0056-4ca4-92a1-7f92063adde7;0;;17;8.00000000;0;255;;;;;;;;
446;ec443171-5f9e-4334-9b4a-7dd2f2dd4789;0;;135;8.00000000;0;255;;;;;;;;
447;31a92281-ebed-4035-81c5-1ddc067b1505;0;;118;4.00000000;0;255;;;;;;;;
448;94c903c9-368c-4fe3-a1ef-a7df1a1c5110;0;;132;8.00000000;0;255;;;;;;;;
449;a031b2dd-59f6-453b-8c46-851fb368e830;0;;19;4.00000000;0;255;;;;;;;;
450;5809c071-c081-4dba-9bbb-d3d960f1c9ee;0;;30;0.35000000;0;255;;;;;;;;
451;9e6f6bbb-d697-4381-be2b-c8fca6c6350b;0;;192;1.25000000;0;255;;;;;;;;
1959;;0;;;;;;;;;;;;;
1960;;0;;;;;;;;;;;;;
452;8748f8ed-cd00-446c-a696-7f5d8bf33ca9;0;;171;0.35000000;0;255;;;;;;;;
453;074a0809-c2f0-4f40-a738-eb98220cff4a;0;;175;0.20000000;0;255;;;;;;;;
454;39dbbcf6-9fa2-4ff5-976d-203445296f56;0;;18;2.00000000;0;255;;;;;;;;
455;436d6ac3-a5e4-4775-8077-75f56214482e;0;;235;1.00000000;0;255;;;;;;;;
456;6ef59352-f484-44a7-a594-0fae202fa744;0;;231;1.00000000;0;255;;;;;;;;
457;38ff7059-24ec-4759-a5d4-402d4019f6d2;0;;232;1.00000000;0;255;;;;;;;;
458;57cf752a-92c8-4878-b966-4b2e152bf1b7;0;;233;1.00000000;0;255;;;;;;;;
459;ba2f27c5-3b69-4ab2-b369-a570d434ba10;0;;235;1.00000000;0;88;;;;;;;;
460;c09f952c-295f-4551-bff4-65ad8b05616c;0;;231;1.00000000;0;88;;;;;;;;
461;18950cc3-3b6f-4168-90de-6871d7892262;0;;232;1.00000000;0;88;;;;;;;;
462;3c161626-a6f8-4893-b3af-692560b626a1;0;;233;1.00000000;0;88;;;;;;;;
463;90c5a50c-f8ae-4e73-9eb8-876c0b7f842d;0;;235;1.00000000;0;256;;;;;;;;
464;f023a786-7317-4cf1-9cdc-7759a1ee3ca1;0;;231;1.00000000;0;256;;;;;;;;
465;deeb38c3-f514-4099-bff4-f73aa9cd52b8;0;;232;1.00000000;0;256;;;;;;;;
466;e2c0700a-28f4-4dc5-8ac8-a5a96835e68c;0;;233;1.00000000;0;256;;;;;;;;
467;f40cfbdf-a65b-4a3d-9798-49cacae283d1;0;;17;8.00000000;0;256;;;;;;;;
468;c239e6e5-8895-4006-b860-81dccce60ba6;0;;135;8.00000000;0;256;;;;;;;;
469;be4e0d4e-eef8-4d7e-b3fc-8f9d81dc204b;0;;118;4.00000000;0;256;;;;;;;;
470;3613ef11-d965-4ba2-80b1-a4dd1d1e0c79;0;;132;8.00000000;0;256;;;;;;;;
471;130335d4-d4de-4d75-abd7-f5ff6392bc20;0;;19;4.00000000;0;256;;;;;;;;
472;2cb4cd46-7d2e-438f-9a92-eaaca3e43135;0;;30;0.40000000;0;256;;;;;;;;
473;8c3e11ee-4439-427b-a203-aba2a8f26999;0;;192;1.07000000;0;256;;;;;;;;
474;a9b43373-b6fa-4105-ab80-79ce5cfd8b17;0;;175;0.15000000;0;256;;;;;;;;
475;22fc0158-46e0-4fa1-80ea-afc3c20c2984;0;;171;0.45000000;0;256;;;;;;;;
476;90887c6c-3241-49f0-865c-faaae1d6b4c5;0;;17;8.00000000;0;257;;;;;;;;
478;f12c55cb-a182-4628-bf86-dc107eca2fde;0;;118;4.00000000;0;257;;;;;;;;
479;5b4c3f5f-d470-427b-93e9-d31fb255599b;0;;132;8.00000000;0;257;;;;;;;;
480;8709c698-b038-4144-9d30-83148e7c7959;0;;19;4.00000000;0;257;;;;;;;;
481;efaa989b-0626-4ded-ad05-d590648d1d3a;0;;30;0.35000000;0;257;;;;;;;;
482;ad79699b-ae15-4ddb-adf4-e1bc271f264d;0;;192;1.07000000;0;257;;;;;;;;
484;f4940d30-3b21-4388-9972-db2c8ccf2b68;0;;175;0.20000000;0;257;;;;;;;;
485;17b5f1a2-a348-445b-a386-605929a028a7;0;;18;2.00000000;0;257;;;;;;;;
486;ad9e532d-66bc-4b3f-a094-49de9c7cf42f;0;;235;1.00000000;0;257;;;;;;;;
487;8e1180f2-1e6e-4d5b-bcc6-f1ccdece1d84;0;;231;1.00000000;0;257;;;;;;;;
488;22f1f437-01d3-4d5d-8cf7-ec9298aeffda;0;;232;1.00000000;0;257;;;;;;;;
489;9c4be2de-89b1-44d5-ba96-6d9eab64b17f;0;;233;1.00000000;0;257;;;;;;;;
490;152f4bc2-b745-4118-904f-d047bd57e94a;0;;235;1.00000000;0;258;;;;;;;;
491;78aff318-47e8-4b02-b3a7-46cc88589c8a;0;;231;1.00000000;0;258;;;;;;;;
492;7a559fd6-dbe5-4959-8a1e-e0ec2294576e;0;;232;1.00000000;0;258;;;;;;;;
493;675092ec-1010-4b80-9451-fa5ce3132a39;0;;233;1.00000000;0;258;;;;;;;;
494;919afea2-8086-46bc-a3b7-39d235e7abda;0;;17;8.00000000;0;258;;;;;;;;
495;3cb692c9-8057-460d-ab91-2372eb13bbf8;0;;135;8.00000000;0;258;;;;;;;;
496;24640880-f6d1-40c1-a31d-dc6f63fb9d76;0;;118;4.00000000;0;258;;;;;;;;
497;9cc007c6-c598-47cd-91c7-7304bb0c1cd0;0;;132;8.00000000;0;258;;;;;;;;
498;2e4039e8-b876-4efa-a9be-b6b6ba49b276;0;;19;4.00000000;0;258;;;;;;;;
499;5bd21a13-c321-4ce5-92b3-4c41ad6a7960;0;;30;0.35000000;0;258;;;;;;;;
500;47f75bb9-e70f-404f-a98a-4a2839fb1a14;0;;192;1.00000000;0;258;;;;;;;;
501;edc613ee-d278-47d6-a2b8-6b3c55605fb0;0;;175;0.15000000;0;258;;;;;;;;
502;ea69960b-337c-4d83-a5f6-c14c5091ea93;0;;171;0.45000000;0;258;;;;;;;;
503;1d8aaef1-1f0a-4f18-b2bb-fd87bb9a75c5;0;;17;4.00000000;0;259;;;;;;;;
504;295aec1b-d7db-49fe-8315-fc8f4c366dec;0;;18;1.00000000;0;259;;;;;;;;
505;cdda0b0f-6459-415d-abc2-6cf3949d6108;0;;19;2.00000000;0;259;;;;;;;;
506;f081bb9b-3c2e-4447-996f-1fec5c766aad;0;;118;2.00000000;0;259;;;;;;;;
510;1ff5d4e3-80e5-4b83-9640-8c26a18f6413;0;;30;0.15000000;0;259;;;;;;;;
512;75f383c4-59f8-4899-84df-3425814fa064;0;;132;8.00000000;0;259;;;;;;;;
513;3370e3d1-bd23-4c5a-a7ed-3753c8dc0d74;0;;235;0.25000000;0;259;;;;;;;;
514;9b6488c6-c736-403c-ad3f-10c23f3f46c8;0;;231;0.25000000;0;259;;;;;;;;
515;972cbec2-f75f-47ab-8843-e55713181b8f;0;;232;0.25000000;0;259;;;;;;;;
516;6a9d881b-703d-4500-ab32-5aa12f6b937a;0;;233;0.25000000;0;259;;;;;;;;
517;a8685019-c436-4326-9040-55dcf736fd64;0;;17;4.00000000;0;260;;;;;;;;
518;17e29223-5d54-48b6-8a99-4099aa249878;0;;18;1.00000000;0;260;;;;;;;;
1961;;0;;;;;;;;;;;;;
1962;;0;;;;;;;;;;;;;
511;2eeb57e0-a156-43ec-9e8d-25ddd7519b64;7;;192;0.75000000;1;259;0.00000000;0;f;;0.00000000;f;0;0.00000000
519;1d2ab10d-dc61-406c-a76c-c9699af772d9;0;;19;2.00000000;0;260;;;;;;;;
520;22fbfd74-859e-44a6-aad9-f125433c1688;0;;118;2.00000000;0;260;;;;;;;;
523;bbdfcffe-3814-466b-be4c-d8f14174bb00;0;;175;0.14000000;0;260;;;;;;;;
524;3a948119-b62b-460b-83ee-605577408aac;0;;30;0.15000000;0;260;;;;;;;;
525;eda92de8-4049-41f4-9234-175a94d180c0;0;;192;0.60000000;0;260;;;;;;;;
526;4249f991-25c6-48d8-8153-b0c08a7e19e6;0;;132;8.00000000;0;260;;;;;;;;
527;cf77cf8c-41e0-485e-b445-7a6a114a2c9a;0;;235;0.25000000;0;260;;;;;;;;
528;7592ec05-b7a0-445f-aa37-cb3bbb6a38ec;0;;231;0.25000000;0;260;;;;;;;;
529;94a4fdb6-8f43-41aa-beda-3e514470a2d8;0;;232;0.25000000;0;260;;;;;;;;
530;1a6539b0-bfc1-48cd-9482-a041e9c88eb0;0;;233;0.25000000;0;260;;;;;;;;
531;a2a5ea78-c0ee-4368-8515-b808ec7319c9;0;;264;0.00000000;0;41;;;;;;;;
532;aee70b23-847c-4b49-b9f0-021e4d2501f0;0;;234;1.00000000;0;41;;;;;;;;
533;319dfed4-df52-4bf2-9b2b-11f14487bd72;0;;232;2.00000000;0;41;;;;;;;;
534;c2217381-3b37-4295-8773-4da306228afe;0;;234;2.00000000;0;45;;;;;;;;
541;48c06145-1fc9-4a8c-97dd-74233cfd516b;0;;234;2.00000000;0;46;;;;;;;;
542;3336ddac-2e95-4673-968a-db521c2c155c;0;;232;1.00000000;0;46;;;;;;;;
543;82c5f368-c314-46c2-82eb-033903e59932;0;;234;2.00000000;0;40;;;;;;;;
544;ec39a723-91f6-401e-bc29-0cc7ecd222c3;0;;232;1.00000000;0;40;;;;;;;;
545;eaec7dbd-a902-4c7f-b9dd-813ce3ad8570;0;;234;2.00000000;0;42;;;;;;;;
546;7cc40be2-23f5-4a86-b125-687871a93ad3;0;;232;1.00000000;0;42;;;;;;;;
547;bfb3f768-1d5f-4330-a701-0138e57855d0;0;;173;0.20000000;0;43;;;;;;;;
548;391d72bd-a9be-48ae-a5b2-542239c9c99f;0;;158;1.00000000;0;43;;;;;;;;
549;717cb25d-faf1-4de0-a651-d92b295ac853;0;;232;2.00000000;0;43;;;;;;;;
551;ade23790-b624-418f-a141-99b1996ab5af;0;;232;2.00000000;0;44;;;;;;;;
552;8d91dbd9-186d-45b1-ab15-fb36ad9752f0;0;;158;1.00000000;0;44;;;;;;;;
554;3dc65c78-1ee1-4f21-89c7-00086cbf9ead;0;;232;2.00000000;0;265;;;;;;;;
555;78f08a18-04c3-4b3a-92fa-2eba96791ea7;0;;158;1.00000000;0;265;;;;;;;;
562;9ab1cd26-1999-4dd5-88c6-02d54a974f45;0;;30;0.12000000;0;71;;;;;;;;
564;a24e9823-6d2a-4112-ab80-3aaa4b0e152c;0;;212;0.36500000;0;71;;;;;;;;
565;7158cc02-80aa-4fe3-a370-d409dc31f456;0;;181;0.03800000;0;71;;;;;;;;
566;6ad24481-34f1-4013-8092-ccc5b670dd26;0;;78;1.00000000;0;266;;;;;;;;
567;d54e5d70-e746-4643-84c7-39c385ca4f4b;0;;46;2.00000000;0;266;;;;;;;;
568;d61c449e-fbd9-435c-aa59-07a0b3a4bba4;0;;78;1.00000000;0;267;;;;;;;;
570;da5fa8ab-1c7e-4439-a828-e8a7af44c119;0;;42;2.00000000;0;267;;;;;;;;
572;49b81b85-d579-418f-92a5-743236d72c07;0;;46;2.00000000;0;268;;;;;;;;
573;70b0240b-2960-47b9-aa97-aba847e148f0;0;;257;1.00000000;0;268;;;;;;;;
574;995522b9-a080-4769-a099-204388330a5d;0;;78;1.00000000;0;269;;;;;;;;
575;cb17c05f-16ce-4e7a-8e3f-45a0c5614b07;0;;42;2.00000000;0;269;;;;;;;;
578;7c00531b-cec2-4122-8ad9-ec480ff3e426;0;;42;2.00000000;0;270;;;;;;;;
580;54590b8d-0318-4047-87e5-46b070708bbd;0;;46;2.00000000;0;271;;;;;;;;
581;64d5c0e0-7ce2-4c6b-b0d0-c5b7d1880d7c;0;;255;1.00000000;0;271;;;;;;;;
582;40e37d70-aa0c-4aef-89d3-928fbe106b7e;0;;255;1.00000000;0;270;;;;;;;;
583;fb1daf8e-0230-43e2-a02a-487362c1fe3f;0;;78;1.00000000;0;272;;;;;;;;
585;e86097a4-71c4-4bb3-8384-47f2c1c2149c;0;;259;1.00000000;0;272;;;;;;;;
586;37d440e6-7cbc-43b6-accb-2f207f090f2c;0;;41;4.00000000;0;272;;;;;;;;
587;24cfd33e-3b59-4aa7-9523-d3cd68017fef;0;;18;2.00000000;0;273;;;;;;;;
588;ab58c867-7304-427e-8bd3-53c8d56bc8bf;0;;235;1.00000000;0;273;;;;;;;;
589;ad2605e2-c88c-4570-935a-d6a0151fab0b;0;;231;2.00000000;0;273;;;;;;;;
590;ba8cc023-0837-4e67-8934-40ddbdc8af99;0;;232;2.00000000;0;273;;;;;;;;
591;642b8d89-63c5-4ccc-bae0-546f4983983f;0;;233;1.00000000;0;273;;;;;;;;
593;9bbd79df-851c-44eb-9433-6f0e276589b3;0;;135;8.00000000;0;273;;;;;;;;
594;7c98668e-94bc-41b1-b370-2c7d471b93b4;0;;118;4.00000000;0;273;;;;;;;;
595;0ed65844-a513-439a-b482-d64e1774982e;0;;132;8.00000000;0;273;;;;;;;;
596;471bc099-9a7a-4c1a-b315-a0e432ddd3e5;0;;19;4.00000000;0;273;;;;;;;;
597;bf12f324-6a2c-491f-88b1-77bb7e27c9ce;0;;192;1.45000000;0;273;;;;;;;;
598;59d443ab-84bf-4bd7-aa5f-30247423ed9e;0;;30;0.35000000;0;273;;;;;;;;
599;d524b282-3cac-487b-9a7e-669512c2b703;0;;132;4.00000000;0;237;;;;;;;;
600;6459ec64-db5a-4124-8576-5d49bbdb7904;0;;135;4.00000000;0;237;;;;;;;;
651;d4984ab1-fb09-46b4-ba3e-bcc5a4d2eb68;0;;30;0.03000000;0;278;;;;;;;;
652;538816fe-e24f-40e0-a471-d97ffe4fe7f4;0;;212;0.00000000;0;278;;;;;;;;
653;2ceec36e-db91-44e4-a2c0-bcaf2bb1d132;0;;181;0.73000000;0;278;;;;;;;;
655;39956c03-ba4c-475a-ba3a-0385f180ae51;0;;235;1.00000000;0;278;;;;;;;;
522;ea8d5a6c-47b6-4655-ac1b-08b15ab52601;5;;171;0.28000000;1;260;0.00000000;0;f;;0.00000000;f;0;0.00000000
656;2f2e7897-13e6-4bcb-8b84-606e20a6ea42;0;;231;1.00000000;0;278;;;;;;;;
657;07b0e2a9-8bd3-469d-aa7e-7a3055e04a0d;0;;232;1.00000000;0;278;;;;;;;;
658;eb27883c-7746-432f-a41f-99f6cc23e114;0;;233;1.00000000;0;278;;;;;;;;
659;ef2dd360-5538-40e9-bb00-cf9515f6bf37;0;;16;8.00000000;0;279;;;;;;;;
663;6b7cd465-c378-4a1c-8f40-decc356fd1bd;0;;118;8.00000000;0;279;;;;;;;;
664;5bd67461-c501-4ab6-adf6-bc03e5ac8b87;0;;132;4.00000000;0;279;;;;;;;;
665;9ac763f7-ae0e-4310-964c-67eb52ec03f0;0;;105;5.00000000;0;279;;;;;;;;
666;d0e85962-3837-47d2-bd67-3ae9bc744d7b;0;;19;4.00000000;0;279;;;;;;;;
667;ccd096bd-5d80-46fd-b980-15e6b666528d;0;;30;0.20000000;0;279;;;;;;;;
670;15c9cf00-63aa-490f-9f3e-1abbbf1965d2;0;;202;1.20000000;0;279;;;;;;;;
671;c3425718-065f-4fe8-8e77-12a8ce5f4537;0;;235;1.00000000;0;279;;;;;;;;
672;aa5db034-5f71-4203-bc6e-85fa09ca4808;0;;231;3.00000000;0;279;;;;;;;;
673;a0e7d4b6-f3c6-4c3d-9b47-9783665a3ecd;0;;232;1.00000000;0;279;;;;;;;;
674;5292fdf3-753c-41fc-88e1-23f01a1c2b4d;0;;233;1.00000000;0;279;;;;;;;;
675;5f6f2a33-5e75-4191-9720-c1e07b1a6c97;0;;16;8.00000000;0;280;;;;;;;;
676;9aa8c5bb-0f67-4d0d-a14c-b35437adae07;0;;215;0.29000000;0;280;;;;;;;;
677;02c58290-b452-41db-ab8b-00ba37adf9d1;0;;183;0.05400000;0;280;;;;;;;;
679;154ff198-821a-4394-bf7d-5e7d924b968c;0;;19;4.00000000;0;280;;;;;;;;
680;f35f1029-9871-4028-b4e8-a5a9beed3f2e;0;;30;0.10000000;0;280;;;;;;;;
681;345fd439-dcc1-4e3d-b4a4-9f85572a6613;0;;202;0.55000000;0;280;;;;;;;;
682;de81e63c-c413-43e0-ab22-9fcec63b05ef;0;;187;0.17000000;0;280;;;;;;;;
683;99e5730e-af14-4ec6-be1a-2c1f62f63f80;0;;235;1.00000000;0;280;;;;;;;;
684;acf21d84-228d-4866-9eea-508309803bc4;0;;231;2.00000000;0;280;;;;;;;;
685;8365658b-85d0-41dc-8ace-92c6264b66fa;0;;232;1.00000000;0;280;;;;;;;;
686;9eb245cc-c7f6-49df-859f-3256e0615585;0;;233;2.00000000;0;280;;;;;;;;
687;c3f40f4a-0d1b-4d32-ad8e-35bf5500e242;0;;235;1.00000000;0;281;;;;;;;;
688;91cf09ed-6e40-45ca-908f-53706b49c868;0;;231;3.00000000;0;281;;;;;;;;
689;85276bd3-3293-4db5-9cee-73829207f759;0;;232;2.00000000;0;281;;;;;;;;
690;bd9c3e11-e7a6-4093-8abf-f7bacb67f81f;0;;233;2.00000000;0;281;;;;;;;;
691;887bfc32-361c-462a-bab1-bb663d835276;0;;30;0.00900000;0;281;;;;;;;;
701;032fa7de-9f8d-48db-a5e4-747375f42a83;0;;111;4.00000000;0;282;;;;;;;;
702;36a89acc-dbb5-4220-acbf-1ef8d939dccd;0;;27;4.00000000;0;282;;;;;;;;
703;1051e77a-eb43-4e4f-b006-101f72db4e7a;0;;183;0.02500000;0;282;;;;;;;;
704;5d033a31-4a4f-46b6-942f-a6e571d34d38;0;;118;4.00000000;0;282;;;;;;;;
705;6e0e39bf-af1e-49d8-a02b-89b6004629e7;0;;132;4.00000000;0;282;;;;;;;;
706;85f5388b-2adb-4012-b81f-83be87888422;0;;19;4.00000000;0;282;;;;;;;;
707;0dd2b2e4-bcf2-4337-ae8b-b91f7b820d76;0;;30;0.00900000;0;282;;;;;;;;
708;2e2b43db-100e-4fb9-959b-95de52bde74c;0;;200;0.55000000;0;282;;;;;;;;
709;db7a9caf-209d-42d7-a1f3-8069679eb64f;0;;212;0.36500000;0;282;;;;;;;;
710;1f4a2061-333d-4f1e-ba1e-7ce75366762d;0;;181;0.03800000;0;282;;;;;;;;
712;756d3de6-8b02-409b-820b-5f6e6275b5e2;0;;118;4.00000000;0;283;;;;;;;;
713;8c2ad606-be10-49d9-a574-6d07177f7c16;0;;132;8.00000000;0;283;;;;;;;;
714;08c78e64-e3a6-4030-8172-6010dcce33bc;0;;19;4.00000000;0;283;;;;;;;;
715;0445df12-f7f5-4f28-9683-d3a5d2161bd0;0;;30;0.01200000;0;283;;;;;;;;
716;50aac593-f20a-4601-bc68-4850afe190c0;0;;192;0.50000000;0;283;;;;;;;;
717;9a64058c-50b3-467a-adca-0f93808b9e93;0;;235;0.50000000;0;283;;;;;;;;
718;ec5bd22c-df8f-4181-b12a-2c5a14ffed33;0;;231;0.50000000;0;283;;;;;;;;
719;dc8db96c-830c-41d0-ab2d-5a0fc7cc4dd8;0;;232;1.00000000;0;283;;;;;;;;
720;98e00fc8-b90e-4e43-8686-92426fa021c8;0;;233;1.00000000;0;283;;;;;;;;
721;3bff0fcb-db14-4a4a-b758-6b0b6c410470;0;;30;0.20000000;0;284;;;;;;;;
723;51623dce-c241-4806-a046-3cb217a76bd8;0;;118;4.00000000;0;284;;;;;;;;
724;9d04e4bb-fe98-47a6-87eb-d5fa4873cfcd;0;;132;4.00000000;0;284;;;;;;;;
725;e9f6e60d-be30-4e2f-8161-21d0e3367578;0;;19;4.00000000;0;284;;;;;;;;
726;bd49a19e-308a-40f7-a9e5-9b85fb56912b;0;;231;2.00000000;0;284;;;;;;;;
727;7479a9e6-f664-46bf-b70c-38d56b384f84;0;;232;1.00000000;0;284;;;;;;;;
1963;;30;;;;;;;;;;;;;
1964;;0;;;;;;;;;;;;;
698;540d1304-b4b2-4c7f-aea6-dedbdbe42737;8;;132;4.00000000;1;281;0.00000000;0;f;;0.00000000;f;0;0.00000000
729;85f30342-9423-41ed-ba83-f6e4028fe0f5;0;;235;1.00000000;0;284;;;;;;;;
730;53cb1314-c3a6-4dbd-813d-366cd6ffa495;0;;18;1.00000000;0;284;;;;;;;;
731;2d23c9ae-f331-45f7-ae9b-abc772b3d816;0;;233;2.00000000;0;284;;;;;;;;
733;8b2b388b-c74d-469d-8f7b-51c59a68475f;0;;175;0.27000000;0;284;;;;;;;;
735;f7b52de1-2afb-46d6-9631-c6066cce3c7b;0;;234;2.00000000;0;285;;;;;;;;
736;93bb0a2d-55d8-4ca0-a2e3-6eafa05fd80b;0;;232;1.00000000;0;285;;;;;;;;
737;76606ff1-95a6-4499-9f40-f353aa37455e;0;;234;2.00000000;0;286;;;;;;;;
738;52773bc0-c1e2-4572-86c5-5dc25d8c02fe;0;;232;1.00000000;0;286;;;;;;;;
741;df7d5fa2-f5ed-442a-b2ab-e793a64faf74;0;;234;2.00000000;0;287;;;;;;;;
742;763bad84-1998-421b-9d77-8ac30c901446;0;;232;1.00000000;0;287;;;;;;;;
744;95e2acbc-be82-42a2-96f9-c38dcd1a94a9;0;;234;2.00000000;0;288;;;;;;;;
745;8f6de534-214b-498a-a726-76b7894fb4ca;0;;232;1.00000000;0;288;;;;;;;;
746;4681286c-ed72-4cc2-955b-3d446396c1ce;0;;17;4.00000000;0;289;;;;;;;;
747;191c68c4-9986-4b0c-929e-d13a6b146683;0;;18;1.00000000;0;289;;;;;;;;
748;48ab0fb6-fe45-4f52-a37d-041cafa54a27;0;;19;2.00000000;0;289;;;;;;;;
749;2ab541d9-7660-4a74-b4de-0fbb8409eb9d;0;;118;2.00000000;0;289;;;;;;;;
754;bd28014d-d0c5-4ac3-9ab3-6039af796585;0;;192;1.60000000;0;289;;;;;;;;
755;530cfe82-0337-451d-9afe-74a1dcf4f041;0;;132;8.00000000;0;289;;;;;;;;
756;f9e8fec4-dfa2-4992-ba33-38ba5495ef1f;0;;235;0.50000000;0;289;;;;;;;;
757;c2a0f1cb-2f81-4bd3-9042-bd487b0c5d2d;0;;231;1.00000000;0;289;;;;;;;;
758;57892a00-7a59-4bfb-b157-cd60d30f0afa;0;;232;1.00000000;0;289;;;;;;;;
759;e27d2748-f639-4117-a794-ee61996706f6;0;;233;0.50000000;0;289;;;;;;;;
760;d9a9825f-785f-4ca2-b37f-c1b2346c3d44;0;;17;8.00000000;0;297;;;;;;;;
762;ebd4a717-ed59-44a3-a048-3cdbf699dae4;0;;118;4.00000000;0;297;;;;;;;;
764;7f3601cc-3ad7-4884-9cb0-0144ced64cbf;0;;19;4.00000000;0;297;;;;;;;;
765;94b356e1-a577-4090-a35f-f14833f86240;0;;30;0.15000000;0;297;;;;;;;;
766;39aec51b-e143-4975-97be-98687af25883;0;;192;1.00000000;0;297;;;;;;;;
767;5342be10-9a27-472e-8025-94ab4f7b0aee;0;;235;0.50000000;0;297;;;;;;;;
768;e72a140c-9fd1-4643-afb0-e1262f8c2bfd;0;;231;0.50000000;0;297;;;;;;;;
769;01336db5-7380-4d99-8e04-5312ee2d2824;0;;232;0.50000000;0;297;;;;;;;;
770;7b7e3453-db51-445b-aee7-0557f4e59c4c;0;;233;1.00000000;0;297;;;;;;;;
771;f51c21b2-8e13-427c-8982-dd1d9ca17ce5;0;;17;8.00000000;0;298;;;;;;;;
772;ec96ba23-6773-4cd8-bb3e-911e563c0cf8;0;;18;2.00000000;0;298;;;;;;;;
773;492ccfc4-c33c-47fe-9a8e-258fd44e17ce;0;;19;4.00000000;0;298;;;;;;;;
774;8ccabd2a-28e2-42d2-ae67-618746f7cd55;0;;118;4.00000000;0;298;;;;;;;;
775;63a2b00e-1eaa-44f1-b0fd-51409dbe3a67;0;;135;8.00000000;0;298;;;;;;;;
776;868ab3c0-fc84-473e-b0a7-78094e3a9d1e;0;;171;0.35000000;0;298;;;;;;;;
777;ac92bb64-f872-4942-80df-c683e80027cb;0;;175;0.20000000;0;298;;;;;;;;
778;17ac5f30-0f47-4d81-8555-90094dd4f3a8;0;;30;0.01200000;0;298;;;;;;;;
779;de33bb09-e767-4f68-b4e1-4dc145eabe3e;0;;192;1.00000000;0;298;;;;;;;;
780;f93454c4-98c0-4c50-b08d-807072d2f168;0;;132;8.00000000;0;298;;;;;;;;
781;00fd5426-b962-407a-8b92-d51552192ba2;0;;235;1.00000000;0;298;;;;;;;;
782;af92c4b7-8d65-4c7a-a095-e4e6668960c3;0;;231;1.00000000;0;298;;;;;;;;
783;f9d5d649-f799-4da4-a4ce-66b3d1e2f5dc;0;;232;1.00000000;0;298;;;;;;;;
784;4bec6c7c-caba-4b5a-a6fe-fb1d04312fff;0;;233;1.00000000;0;298;;;;;;;;
785;b116401f-cb2c-48ed-bdc8-61bbc2dde204;0;;17;8.00000000;0;299;;;;;;;;
787;6ee6e111-de2f-4067-b59f-a551616bd697;0;;118;4.00000000;0;299;;;;;;;;
788;00cc3c3c-f51f-4523-93a0-41b550ceacf6;0;;132;4.00000000;0;299;;;;;;;;
789;32ebdc93-66f4-4536-86c5-2015b034e984;0;;19;4.00000000;0;299;;;;;;;;
790;d143af2c-9d8e-4e0c-bf17-8ba88cb26065;0;;30;0.00800000;0;299;;;;;;;;
791;0efeb731-c7af-4569-b5f8-0bd3f323efb4;0;;192;0.95000000;0;299;;;;;;;;
792;f8f42ba7-b0be-4fea-a183-6deaa6d6d5cc;0;;235;0.50000000;0;299;;;;;;;;
793;ff376cb5-6948-4826-9d02-8a3d3091564b;0;;231;0.50000000;0;299;;;;;;;;
794;10fb0174-a21d-4a04-a938-1add2d81ba47;0;;232;0.50000000;0;299;;;;;;;;
795;142dba7a-0155-426c-b180-877998f9515a;0;;233;1.00000000;0;299;;;;;;;;
857;8918df59-4c0b-461a-8d1c-0a7b72d4639b;0;;187;0.20000000;0;330;;;;;;;;
858;01099a6a-af1b-47fd-9025-6af8790b5ce1;0;;220;0.20000000;0;330;;;;;;;;
859;4c77ef68-ee68-461e-9020-22ff66d5b9b1;0;;197;0.20000000;0;330;;;;;;;;
869;e748f6ac-f884-4d8d-ae3a-31a64adeba91;0;;231;0.50000000;0;330;;;;;;;;
870;a2e9570e-5813-4066-a0d3-e0935ed31104;0;;232;0.50000000;0;330;;;;;;;;
872;8530a783-2c04-49ef-9c18-198cb7b5fa68;0;;233;0.75000000;0;330;;;;;;;;
878;5f599f00-6396-4ecf-9bfe-8fea8765659a;0;;26;4.00000000;0;331;;;;;;;;
879;0c3575d9-1c76-4fc7-8ab7-b98065b80973;0;;147;2.00000000;0;331;;;;;;;;
1965;;0;;;;;;;;;;;;;
1966;;0;;;;;;;;;;;;;
880;0aceb5db-dc20-4fe9-8181-257f7f87f212;0;;110;2.00000000;0;331;;;;;;;;
881;f76bab3e-ce42-4e4b-bfda-29a0b9fe3538;0;;143;4.00000000;0;331;;;;;;;;
882;dde187b6-ab65-41d6-8efd-3135fa925c92;0;;7;0.35000000;0;331;;;;;;;;
883;3db142bd-a60a-414a-b6a9-7fbad195abaf;0;;24;1.00000000;0;331;;;;;;;;
886;04b8af80-4bed-43a4-8c6b-f64f30484c44;0;;235;0.50000000;0;331;;;;;;;;
889;9e5b85f9-d8b5-441c-839c-cab83e6d8703;0;;25;4.00000000;0;331;;;;;;;;
890;1f669feb-9536-4104-9952-084e7c7686e3;0;;233;0.75000000;0;331;;;;;;;;
891;495050f7-5020-4b29-a418-d82df5c0fcea;0;;136;0.10000000;0;331;;;;;;;;
892;6dc12b39-13b0-4dba-a50e-32d478f3a026;0;;302;0.08000000;0;331;;;;;;;;
893;12a9252d-f7fe-4d80-bb23-4a72756f29d3;0;;330;1.00000000;0;52;;;;;;;;
894;383944df-94fb-439e-8d26-0f20698150b1;0;;331;1.00000000;0;52;;;;;;;;
895;8c37453d-64f7-4efd-b4c3-47a59fb26ec3;0;;187;0.20000000;0;332;;;;;;;;
896;bf10634d-d6ae-4e85-a8d1-a17661343f28;0;;220;0.40000000;0;332;;;;;;;;
897;6b3d9d62-9316-4378-9c57-a0d457435acf;0;;197;0.20000000;0;332;;;;;;;;
898;0ff67404-f9b7-4731-bafb-81d218b57620;0;;30;0.00250000;0;332;;;;;;;;
899;3098060f-a247-4018-a32f-dc6d912ab489;0;;231;1.00000000;0;332;;;;;;;;
900;71a90105-f162-46e2-af63-06d7198493a8;0;;232;1.00000000;0;332;;;;;;;;
901;33dc334e-4259-4248-a116-e856bd481b16;0;;233;0.75000000;0;332;;;;;;;;
902;3d7d25f3-776d-46cf-9b07-171776c6990f;0;;326;1.00000000;0;332;;;;;;;;
903;34399203-af33-4550-892a-05e51701e660;0;;18;1.00000000;0;299;;;;;;;;
906;d014be80-bf7f-40b1-91be-04aa23b6a358;0;;306;0.50000000;0;288;;;;;;;;
907;b4317893-a213-46ed-9610-ff0c072ba04e;0;;30;0.10000000;0;288;;;;;;;;
910;cd3d930b-038e-4424-9651-f2f66513d53d;0;;30;0.12000000;0;286;;;;;;;;
912;1f238496-8ec8-4690-929a-b9d23428ee06;0;;305;0.50000000;0;287;;;;;;;;
913;ae7e3a3b-cd68-483e-87b7-127135111f89;0;;30;0.10000000;0;287;;;;;;;;
914;db29e4a9-e465-4f94-a6d3-0819d0dce49b;0;;30;0.15000000;0;285;;;;;;;;
916;c27301a6-0bd9-4946-990c-421457179305;0;;235;1.00000000;0;282;;;;;;;;
917;f3fd5d94-e000-46a1-a074-db00bcb2c01f;0;;231;2.00000000;0;282;;;;;;;;
918;40fddef0-cacf-4038-9e40-04c5bc8998a5;0;;232;1.00000000;0;282;;;;;;;;
919;6395f63b-14b2-4bea-a11c-58ac857fe14a;0;;233;1.50000000;0;282;;;;;;;;
920;7624db5a-f0bb-4604-af25-44884deb21f1;0;;200;0.20000000;0;281;;;;;;;;
921;60c0c688-137a-4d1c-b38c-20dfe16d1613;0;;346;2.00000000;0;349;;;;;;;;
922;8a4db806-8f94-4ab3-b7ba-0e34abf2da5b;0;;347;2.00000000;0;349;;;;;;;;
923;347b23da-7ff4-4b91-a535-909edfd01484;0;;348;2.00000000;0;349;;;;;;;;
927;fff6918c-c265-4dd6-9b63-c64fe4cc809e;0;;349;1.00000000;0;350;;;;;;;;
929;3ace51de-53f8-4fe5-9290-a88880fd2495;0;;135;4.00000000;0;350;;;;;;;;
930;a4824d22-f3e1-4d97-9319-7acda98a22d1;0;;132;4.00000000;0;350;;;;;;;;
934;6380f274-a63e-474f-bc97-91ba0a7ffd5a;0;;35;4.00000000;0;351;;;;;;;;
935;b4b7a669-d2e8-456d-9e83-644b91bfe003;0;;346;2.00000000;0;351;;;;;;;;
936;46606cfa-d1cb-45df-b44a-32b49bf73ffd;0;;347;2.00000000;0;351;;;;;;;;
937;14b5f337-d655-4633-baf4-48645bfcb4cf;0;;348;2.00000000;0;351;;;;;;;;
938;d746d9b1-3637-48b5-ba24-e01b6d7958bb;0;;149;1.00000000;0;56;;;;;;;;
939;59fc1bcc-9e37-4b32-842d-aab836f2c6bf;0;;149;4.00000000;0;62;;;;;;;;
941;73248c1a-1073-4a92-8d06-652f4d82ec84;0;;18;1.00000000;0;359;;;;;;;;
942;02b218f6-9eef-48e3-ab85-e391dda14331;0;;17;8.00000000;0;359;;;;;;;;
944;b5bed3d1-0efa-4592-9d7a-d7a10491bded;0;;118;4.00000000;0;359;;;;;;;;
945;e211fb7f-3766-42b6-9955-e64d5ff056e8;0;;132;8.00000000;0;359;;;;;;;;
946;43ebcf75-782b-4762-adb7-ca5d9950a45b;0;;19;4.00000000;0;359;;;;;;;;
947;51e65ee9-991e-4b5c-baca-40ae268506c0;0;;30;0.15000000;0;359;;;;;;;;
948;c2eb6ced-a8d5-4601-a732-96a4a90a7181;0;;192;1.00000000;0;359;;;;;;;;
949;2d693c44-d840-4638-a559-f5b9365cd196;0;;235;0.50000000;0;359;;;;;;;;
950;00938df3-ef22-45c5-98ea-4b10cf040d3c;0;;231;0.50000000;0;359;;;;;;;;
951;31b1a445-1739-4a50-8e6f-3a325fc75841;0;;232;0.50000000;0;359;;;;;;;;
952;f1bffff5-ce17-4689-9f11-f02642461c27;0;;233;1.50000000;0;359;;;;;;;;
953;560a8e4c-16ea-44f5-8928-a017521502db;0;;149;8.00000000;0;359;;;;;;;;
954;cb7d5e5f-2bd4-4d87-9603-9dc1fb940f4d;0;;149;4.00000000;0;299;;;;;;;;
955;93a8e156-fe8a-418e-8870-4aba549cc0cf;0;;307;0.50000000;0;286;;;;;;;;
956;0b231276-2782-4860-aed7-75f080f98235;0;;175;0.20000000;0;41;;;;;;;;
959;7499bfb7-b82a-4e69-bd47-1c2c350e208c;0;;305;0.50000000;0;42;;;;;;;;
960;62f70e9a-ad60-47d8-a51e-096ba1188651;0;;306;0.50000000;0;40;;;;;;;;
961;98f7ecff-70a5-411f-8625-4f8fc87451e0;0;;175;0.50000000;0;46;;;;;;;;
962;a0459e44-0f67-4cac-b2b3-d984855776a5;0;;30;0.15000000;0;46;;;;;;;;
963;98f5c208-1a5c-43a4-b776-b0c366515e0f;0;;175;0.50000000;0;285;;;;;;;;
1967;;30;;;;;;;;;;;;;
1968;;0;;;;;;;;;;;;;
1969;;1;;;;;;;;;;;;;
1970;;0;;;;;;;;;;;;;
964;2de6873e-2ffe-428a-958e-97d2c285efae;0;;30;0.12000000;0;41;;;;;;;;
965;9fd0abc6-5378-4d30-86a2-96d4b1f358e1;0;;30;0.10000000;0;45;;;;;;;;
966;dc87488b-efc0-4d73-a502-ec5272fa5333;0;;30;0.12000000;0;42;;;;;;;;
967;f25c57b6-8607-4337-9214-5d465ce1dabd;0;;30;0.12000000;0;40;;;;;;;;
968;abc508b0-b910-4ed9-8f87-19cea713a8ed;0;;149;4.00000000;0;250;;;;;;;;
969;6354a660-dbf9-4c00-9b93-a416f2a187d3;0;;147;8.00000000;0;68;;;;;;;;
970;da3ab8d0-a54a-4272-92b9-eaec1b3360e1;0;;32;0.20000000;0;68;;;;;;;;
971;e535de67-98b6-4c23-a610-f6b28e0435c7;0;;183;0.00000000;0;246;;;;;;;;
972;dfa8cfb8-11a3-449c-ad84-f1cad1907371;0;;105;0.00000000;0;246;;;;;;;;
973;d3969abf-bbe3-462c-b3ac-f1ba8eefeeb0;0;;105;0.00000000;0;278;;;;;;;;
974;135c16fd-1bf2-4fe1-82b6-24ee8cfbf216;0;;183;0.00000000;0;278;;;;;;;;
975;a22e8916-8244-4e8e-845f-c613614ba73c;0;;200;1.03000000;0;361;;;;;;;;
976;4aeb8235-c2d3-4f79-8706-142964ddc5d9;0;;19;4.00000000;0;361;;;;;;;;
977;b55092f1-3c55-4345-94b0-41e30359c9af;0;;32;0.20000000;0;361;;;;;;;;
978;9c76191b-ed3c-460e-8753-2e4c30b58d56;0;;118;4.00000000;0;361;;;;;;;;
979;40ed503b-1d4f-41b4-87f6-c0e51c54baf8;0;;233;2.00000000;0;361;;;;;;;;
980;6531f3b8-ddbd-4100-aca3-2d5a2751d47e;0;;231;2.00000000;0;361;;;;;;;;
981;4403f701-b44b-412b-87e3-cb41b3adc509;0;;235;1.00000000;0;361;;;;;;;;
982;8216faaa-faa9-4bdc-b753-6be8fa79d242;0;;149;4.00000000;0;284;;;;;;;;
983;ecbd4820-870d-4896-902b-5a9cf72d1d2a;0;;202;0.90000000;0;284;;;;;;;;
984;614289f4-2727-4181-b7f7-a6d57b6bdb8b;0;;149;4.00000000;0;242;;;;;;;;
985;f92b7a08-db95-4d1d-9d67-b14fe07f8925;0;;192;0.72000000;0;363;;;;;;;;
988;e3b526bd-e170-45f4-bc67-4c8ee2f64328;0;;13;4.00000000;0;363;;;;;;;;
989;d3e834f9-9ebc-4880-9d6a-a4ab3c94a40f;0;;235;1.00000000;0;363;;;;;;;;
990;f25e640d-e451-4dd2-a1a4-3fda2880d6a7;0;;231;2.00000000;0;363;;;;;;;;
991;374777e6-d803-4333-ab0e-12af411cdbfa;0;;232;1.00000000;0;363;;;;;;;;
992;a688e4bc-dfc3-4137-8d47-7ed2aace0b51;0;;233;1.00000000;0;363;;;;;;;;
993;de229545-8e17-4ff5-a09a-45604a0ce67b;0;;32;0.20000000;0;363;;;;;;;;
994;fc1deac1-8098-4d92-8380-00d866ca5585;0;;192;1.56000000;0;364;;;;;;;;
997;d844729c-b996-43d0-828e-6f1021df3c89;0;;235;1.00000000;0;364;;;;;;;;
998;7972d5df-ac18-4cc8-b03e-0df8de46e620;0;;231;2.00000000;0;364;;;;;;;;
999;bb577c6d-dc03-4800-99be-6863e140b701;0;;232;1.00000000;0;364;;;;;;;;
1000;0b36c63b-e382-4f68-bb53-d68fa9a2dd5a;0;;233;1.00000000;0;364;;;;;;;;
1001;bbc6890b-5095-4000-ae3c-dddae19b635b;0;;32;0.20000000;0;364;;;;;;;;
1002;1b3f9f43-c40a-4a9b-8e13-08f9a9152a84;0;;214;0.80000000;0;365;;;;;;;;
1003;6a7e609e-2ef2-48cb-a53f-ee79ed6daf23;0;;181;1.07000000;0;365;;;;;;;;
1004;3d19be63-86c6-46a8-9fe5-20fc86a3cebb;0;;212;0.15000000;0;365;;;;;;;;
1005;6d69e930-54c7-4938-9fb0-14c91d080010;0;;132;8.00000000;0;365;;;;;;;;
1006;ee8ba4f5-95a0-4cfb-910b-6e339685f10a;0;;20;4.00000000;0;365;;;;;;;;
1007;bf33b091-7610-4068-a29d-6d60da8479fe;0;;111;8.00000000;0;365;;;;;;;;
1008;6763d0f5-b2f0-468f-9071-be716fd0601c;0;;235;1.00000000;0;365;;;;;;;;
1009;7fd2a402-6244-48bb-8ebc-3cbf63cc0137;0;;231;2.00000000;0;365;;;;;;;;
1010;23bdea37-90ec-416d-ad88-8b65d0f1e5dc;0;;232;1.00000000;0;365;;;;;;;;
1011;ad5d9e1b-0890-4492-8153-305fa28b72c9;0;;233;1.00000000;0;365;;;;;;;;
1012;41d8db9e-1679-42f6-bb90-e68d2c98a8bc;0;;28;0.20000000;0;365;;;;;;;;
1037;fb66e40b-1fc3-4797-a6ac-e8c94b3ee34e;0;;132;8.00000000;0;371;;;;;;;;
1039;5f1f2f2c-3bde-42f3-84f6-de1a9876e194;0;;30;0.05000000;0;371;;;;;;;;
1040;48af0199-66da-4a84-8537-b6f58df874b2;0;;192;0.50000000;0;371;;;;;;;;
1041;0fc26271-a621-4935-aa69-ae1df3426f25;0;;235;0.50000000;0;371;;;;;;;;
1042;90cedee3-c053-4cda-a418-b24d54a4dbbb;0;;231;0.50000000;0;371;;;;;;;;
1043;80db5c5a-e057-4ba6-b78c-706e9456d274;0;;232;1.00000000;0;371;;;;;;;;
1044;472fe660-be82-4336-8011-b0d03678d673;0;;233;1.00000000;0;371;;;;;;;;
1045;2d280a8d-1ed8-466c-986c-e9a97e00b1d0;0;;147;8.00000000;0;371;;;;;;;;
1046;00c40d56-03e5-40bd-a8d3-4c6d6d5a4c2e;0;;15;4.00000000;0;371;;;;;;;;
1047;3784e00b-f154-43f0-bb88-72aece15d929;0;;338;0.15000000;0;371;;;;;;;;
1048;9f74a76e-a989-452c-a083-ce4a7307a0a0;0;;183;0.06000000;0;371;;;;;;;;
1049;8cf8fe3c-b786-435b-a202-5a256516d08a;0;;212;0.18000000;0;372;;;;;;;;
1050;bc803bd8-09b6-4bcb-98e6-3f8f13dad251;0;;32;0.01500000;0;372;;;;;;;;
1051;021a60f5-664d-44da-9378-6d73eef2dce7;0;;232;0.50000000;0;372;;;;;;;;
1052;1bbf4b74-b633-4ea7-9411-7e84299193da;0;;183;0.03300000;0;372;;;;;;;;
1053;49f0e686-834c-4136-b8ac-db27fcd421cb;0;;105;1.00000000;0;372;;;;;;;;
1054;a929b36b-c8c5-4279-9989-1096e445882c;0;;235;0.10000000;0;372;;;;;;;;
1055;528baf8c-db64-439b-931f-a78dfc439469;0;;231;0.15000000;0;372;;;;;;;;
1056;4aa680a5-f567-417d-aeda-c583134abae3;0;;233;0.25000000;0;372;;;;;;;;
1057;4436f0ac-ca1e-4f89-919a-9ce14b2279f8;0;;212;0.22000000;0;374;;;;;;;;
1058;51124983-6a4a-4481-8336-c702e47a0c61;0;;32;0.01500000;0;374;;;;;;;;
1059;34eae93b-941b-4e9c-846b-d50097b8a79d;0;;232;0.50000000;0;374;;;;;;;;
1060;25eca553-c615-4944-8430-795956ce7ef3;0;;183;0.03300000;0;374;;;;;;;;
1061;967ecc9a-8449-419f-8bb8-796fc45725f0;0;;105;1.00000000;0;374;;;;;;;;
1062;255b2477-afb0-457b-ac2c-fd5d23ac94cf;0;;235;0.10000000;0;374;;;;;;;;
1063;fad97d1e-6807-43e0-b4ed-268008dfd717;0;;231;0.15000000;0;374;;;;;;;;
1064;6504ca14-4e30-48ac-931f-619951a5119a;0;;233;0.25000000;0;374;;;;;;;;
1065;22911897-f030-4d14-b85e-8c2767d6862c;0;;212;0.25000000;0;375;;;;;;;;
1066;164b82f9-b3c3-4fe6-bbf6-90f52f75e37a;0;;32;0.01500000;0;375;;;;;;;;
1067;de488cfe-6607-4981-80f9-58df1935a910;0;;232;0.50000000;0;375;;;;;;;;
1068;a3073e1a-3ac2-4678-bb6d-cba49b684b06;0;;183;0.03300000;0;375;;;;;;;;
1069;94ff3f65-2234-4b40-a645-0627cd7b6538;0;;105;1.00000000;0;375;;;;;;;;
1070;cc33ad62-8efb-4053-840d-1a97fd8cc001;0;;235;0.10000000;0;375;;;;;;;;
1071;a9abbfb4-16f0-4d1a-98ec-f55e5c35d2bc;0;;231;0.15000000;0;375;;;;;;;;
1072;adc6c574-e119-4b9a-9571-d59229b00c8d;0;;233;0.25000000;0;375;;;;;;;;
1073;c1317718-5021-42d4-a5da-9ea9a6c94006;0;;212;0.30000000;0;376;;;;;;;;
1074;63d427b0-7164-48b5-9874-2d02ef1c6209;0;;32;0.01500000;0;376;;;;;;;;
1075;fa55965a-416b-496d-a59d-d0e804524dc3;0;;232;0.50000000;0;376;;;;;;;;
1076;8fcf4d81-2e9b-4d9b-a5ad-d14246f5db38;0;;183;0.03300000;0;376;;;;;;;;
1077;9b910fac-fcfb-4f4e-89ff-cc9aedb89f88;0;;105;2.00000000;0;376;;;;;;;;
1078;abf38e77-75b7-4235-ad78-5c5759760e51;0;;235;0.10000000;0;376;;;;;;;;
1079;21844b52-d1f9-4ba8-82fe-fbd155175a4b;0;;231;0.15000000;0;376;;;;;;;;
1080;8366e9a7-d066-4072-bd0b-761f4881c177;0;;233;0.25000000;0;376;;;;;;;;
1081;3c9916d5-c611-4b94-a629-43f6d8d8a3e8;0;;26;4.00000000;0;377;;;;;;;;
1082;670b4238-664d-485a-a36c-7312d5ec63e8;0;;147;2.00000000;0;377;;;;;;;;
1083;3ef52bf9-5bbd-4090-b969-f5dafc033407;0;;110;2.00000000;0;377;;;;;;;;
1084;8411f7d1-07b2-4779-910a-5c54d1fb2ccd;0;;143;4.00000000;0;377;;;;;;;;
1086;0b16f9ce-5005-47cb-baf2-b9e4639b31f8;0;;24;1.00000000;0;377;;;;;;;;
1087;09becd9b-0d80-4f47-aba4-fffa905a3b39;0;;161;0.50000000;0;377;;;;;;;;
1088;2715b0c7-c7ba-4c50-a2b8-a8f87d5b2310;0;;235;1.00000000;0;377;;;;;;;;
1089;d62f9da3-d30b-4d79-9656-91b5a392dc30;0;;25;4.00000000;0;377;;;;;;;;
1090;7c58447b-a645-40f0-a60e-57d035befb72;0;;233;0.75000000;0;377;;;;;;;;
1091;1aa1dee2-3f88-4936-b8d3-d3ad74a7e2f2;0;;136;0.10000000;0;377;;;;;;;;
1092;b2addf19-7fdb-4f20-9b09-9d28f82061e0;0;;302;0.08000000;0;377;;;;;;;;
1093;849dc02e-a415-4b1b-986a-d6c280c8e58c;0;;319;0.35000000;0;377;;;;;;;;
1094;c96f06ee-26fc-46bd-8eca-bc0fea721c06;0;;330;1.00000000;0;327;;;;;;;;
1095;cd163638-32a1-42e5-bc71-e40fdb707f31;0;;377;1.00000000;0;327;;;;;;;;
1096;8fb7efbb-80f5-4fcf-8088-09a4965f9cde;0;;377;1.00000000;0;329;;;;;;;;
1097;b445688c-4399-4085-875e-0bebbd634a32;0;;332;1.00000000;0;329;;;;;;;;
1098;707fb44f-bb0f-4b1c-8472-87bfbb45758b;0;;178;1.00000000;0;381;;;;;;;;
1100;a83c214d-0dfe-4e39-a000-78ea9377cbbf;0;;308;1.80000000;0;381;;;;;;;;
1101;a7ea43e9-8430-4828-90ec-313f52478913;0;;382;1.00000000;0;381;;;;;;;;
1102;eb9b6e0f-74d7-4098-bda3-b374a9dbbb5d;0;;235;1.00000000;0;381;;;;;;;;
1103;1be7f0a0-23fa-4c51-a705-2140d1821229;0;;231;2.00000000;0;381;;;;;;;;
1104;3a20a66d-89e7-4754-8561-de0a6d264a39;0;;232;2.00000000;0;381;;;;;;;;
1105;5c00d48d-dabb-41f4-b872-bead24cbad13;0;;233;2.00000000;0;381;;;;;;;;
1106;dd94e97b-08dc-42bb-84a3-12339592de0c;0;;32;0.40000000;0;381;;;;;;;;
1107;8cfc68ab-b0f6-4a65-9cc3-5bdcf0385e6a;0;;200;1.10000000;0;380;;;;;;;;
1110;d155ca83-fc1b-41c2-ae49-cd7927755fab;0;;118;12.00000000;0;380;;;;;;;;
1111;dd68a0d0-36b3-4e58-aae8-74cce9c9b84b;0;;132;4.00000000;0;380;;;;;;;;
1112;6d0effe6-c7e9-4bd8-a23a-2b938b29e8eb;0;;235;1.00000000;0;380;;;;;;;;
1113;1e79ec52-4d56-46de-91b0-1c1eaa38492f;0;;231;2.00000000;0;380;;;;;;;;
1114;2d350cba-a56b-488f-8778-fc7f18231195;0;;232;1.00000000;0;380;;;;;;;;
1115;01933da2-4578-48ff-8c9e-0acddb04d0c9;0;;233;2.00000000;0;380;;;;;;;;
1116;cf0e7475-e8a1-4f97-b23e-ebe360234937;0;;30;0.15000000;0;380;;;;;;;;
1117;9539429e-989b-4362-8cfd-efc5a3fd280d;0;;18;1.00000000;0;380;;;;;;;;
1118;b3b91630-9eb4-46d7-8459-478ee68e54b5;0;;308;1.00000000;0;379;;;;;;;;
1119;9b3e5dd8-e96a-473b-8c02-51e164a436d1;0;;202;0.50000000;0;379;;;;;;;;
1120;bdec8d41-2487-4751-99a6-eb38c07b1da3;0;;118;8.00000000;0;379;;;;;;;;
1121;df226f56-85d6-4ebc-bf51-a2b4d5776d75;0;;117;8.00000000;0;379;;;;;;;;
1122;c7b3cb24-5f8f-4d00-a4bc-c5e3bd243d76;0;;358;4.00000000;0;379;;;;;;;;
1123;cbd33cc3-7491-49d1-aaa3-1b4de2184b1e;0;;235;1.00000000;0;379;;;;;;;;
1124;769e7816-b872-4805-b30f-64f35fcaf83b;0;;231;1.00000000;0;379;;;;;;;;
1125;720de5c4-a7a9-4c6c-b8f0-e3d71a267387;0;;232;1.00000000;0;379;;;;;;;;
1126;fae6850c-1c12-4614-97f7-80ee00d41838;0;;233;1.00000000;0;379;;;;;;;;
1127;1b125e18-2420-4435-8cf5-d5e287c12ae6;0;;30;0.15000000;0;379;;;;;;;;
1971;;0;;;;;;;;;;;;;
1972;;0;;;;;;;;;;;;;
1128;7aa31b95-30fa-46d6-be5e-849b1bb7db41;0;;201;1.00000000;0;378;;;;;;;;
1129;e2ded6d1-e86e-4d3b-868f-834ec2e7ff53;0;;312;4.00000000;0;378;;;;;;;;
1130;ac825fd0-1dfa-47c4-b3b8-9e468d72ca80;0;;235;0.50000000;0;378;;;;;;;;
1131;b2dd4c99-db05-4416-b389-818df3b97242;0;;231;1.00000000;0;378;;;;;;;;
1132;1d56972e-d9e7-41e1-9650-c097d229b836;0;;232;1.00000000;0;378;;;;;;;;
1133;7b772139-76b3-4489-84d2-030cc3cbd5a4;0;;233;1.00000000;0;378;;;;;;;;
1134;1f15468e-b8a8-4502-9b02-86092cf2e4a3;0;;30;0.15000000;0;378;;;;;;;;
1135;3946de33-e3fc-4e21-b678-2d2b951183f3;0;;201;1.50000000;0;383;;;;;;;;
1136;3d248fe2-be8e-4799-b947-97242207ab16;0;;312;4.00000000;0;383;;;;;;;;
1137;d09b18a1-f2a5-4b17-807e-d45e52fcc135;0;;30;0.20000000;0;383;;;;;;;;
1138;5a111759-4b8b-4ebe-a9b2-72cee8680bfb;0;;235;1.00000000;0;383;;;;;;;;
1139;45bfe338-3fdf-4521-916b-2b2e021cf17d;0;;231;1.00000000;0;383;;;;;;;;
1140;95f5250b-e041-4482-b1bc-73f3bbac6812;0;;232;1.00000000;0;383;;;;;;;;
1141;b044fd40-b12d-45a5-8711-d60949a145b2;0;;233;1.00000000;0;383;;;;;;;;
1145;6c3d3e12-38b1-4ce4-9ffb-f5ae1c1958b8;0;;68;1.00000000;0;385;;;;;;;;
1146;0fbcb029-7b4e-4931-a993-121106234212;0;;245;1.00000000;0;385;;;;;;;;
1153;96c10ace-ea47-4afe-817c-646b6b9ce833;0;;68;1.00000000;0;387;;;;;;;;
1156;e7dac5aa-75d6-417f-a108-5e8d34f7d791;0;;246;1.00000000;0;387;;;;;;;;
1157;880085bb-9206-477f-a68d-7560231a7b47;0;;375;1.00000000;0;387;;;;;;;;
1158;76b3c8b9-b3f6-4bc9-941b-28a4ce249890;0;;68;1.00000000;0;388;;;;;;;;
1161;4f4a7db5-1b2b-4800-af68-88f16e2738df;0;;278;1.00000000;0;388;;;;;;;;
1162;1ecbf57a-e655-44ca-89b8-829d83b83d60;0;;376;1.00000000;0;388;;;;;;;;
1163;2d73ed8a-50ac-4e64-9fdd-c34fa1185a30;0;;235;1.00000000;0;391;;;;;;;;
1164;f40927e1-f15b-4fa1-96b9-798b6887b332;0;;231;1.00000000;0;391;;;;;;;;
1165;538e4ee6-6dda-4912-8045-60c1503ce83e;0;;232;1.00000000;0;391;;;;;;;;
1166;417f98e5-7577-4127-a608-845594339e8a;0;;233;1.00000000;0;391;;;;;;;;
1167;647d04e1-e9e8-48b6-88b7-7cf31ecc7011;0;;17;8.00000000;0;391;;;;;;;;
1169;98e5f741-057a-4400-b10d-690878500edd;0;;118;4.00000000;0;391;;;;;;;;
1170;bf7a3606-eb3e-49d1-818f-1b6ac0e41823;0;;132;8.00000000;0;391;;;;;;;;
1171;a02d3b9f-334c-4d51-9b42-507247fb7066;0;;19;4.00000000;0;391;;;;;;;;
1172;2037c4f6-84db-44cd-8a3a-72c2c5677c6c;0;;30;0.25000000;0;391;;;;;;;;
1173;162533a6-2699-4a89-9f18-548764982edd;0;;192;1.40000000;0;391;;;;;;;;
1174;6f217d10-282f-48bf-95d8-a1ffb2cbcd2d;0;;175;0.55000000;0;391;;;;;;;;
1176;e3ba0789-faff-4de5-b75b-c1464bbb4d78;0;;149;8.00000000;0;391;;;;;;;;
1178;c37a5e5d-bffb-42f4-a626-1354d0e1d50e;0;;158;1.00000000;0;158;;;;;;;;
1180;b58bf46b-c965-4d96-9f1f-2c843a847a6f;0;;232;2.00000000;0;392;;;;;;;;
1181;a3130d1a-016c-4352-a102-a42a4a7a66e6;0;;158;1.00000000;0;392;;;;;;;;
1182;3e3f3695-fc5e-42e3-97cc-d5939a529f11;0;;316;0.25000000;0;392;;;;;;;;
1183;f55ddeff-c2ad-4664-a34e-c458ca1f09be;0;;316;0.25000000;0;265;;;;;;;;
1184;2c368b72-5735-4609-acd3-2219667396de;0;;316;0.25000000;0;44;;;;;;;;
1185;0ceb6271-0a69-4db2-86e9-eab59753818a;0;;149;8.00000000;0;257;;;;;;;;
1186;64aaab9a-bfb1-4db1-9b6b-caee35e64443;0;;35;4.00000000;0;394;;;;;;;;
1187;30b36dc1-7474-4a50-87f8-29417d3d7f6d;0;;346;2.00000000;0;394;;;;;;;;
1188;76d5745b-8f95-4f9e-83fc-9c6d8e61ccd9;0;;347;2.00000000;0;394;;;;;;;;
1189;4696a198-f830-4b87-9c3a-8f8ec58ea71e;0;;348;2.00000000;0;394;;;;;;;;
1190;7c677807-101f-4d08-870d-ae04104ad70f;0;;17;8.00000000;0;396;;;;;;;;
1191;85844894-0cb9-4396-be8e-e6736c262350;0;;118;4.00000000;0;396;;;;;;;;
1192;604c1ede-6845-4794-b3f5-9c46c15ac4e5;0;;132;4.00000000;0;396;;;;;;;;
1193;2945f29e-3270-46f6-ba35-5b11d8dfa452;0;;19;4.00000000;0;396;;;;;;;;
1195;5e139b3a-8868-4d5c-89ca-eea8dbd11ea8;0;;192;1.00000000;0;396;;;;;;;;
1196;a13bbf7d-1855-468b-a922-a9d03a829033;0;;235;0.50000000;0;396;;;;;;;;
1197;62dc5a37-7ff5-4e21-befa-7fe218bfba77;0;;231;0.50000000;0;396;;;;;;;;
1198;81e345d9-4bff-439c-a894-f6f587396450;0;;232;0.50000000;0;396;;;;;;;;
1199;921e4687-30e4-48f9-987c-cdb05c2c5bdb;0;;233;1.00000000;0;396;;;;;;;;
1200;30a77916-9540-4ac8-89a9-4ed74633ae26;0;;149;4.00000000;0;396;;;;;;;;
1201;334f16bd-644b-4b8b-9a95-0773fe446ae3;0;;17;8.00000000;0;397;;;;;;;;
1202;e416e9f3-85e3-410b-9187-214281bf7a4d;0;;118;4.00000000;0;397;;;;;;;;
1203;c614b799-5ca6-434a-a1a8-baed1cdb8df5;0;;132;4.00000000;0;397;;;;;;;;
1204;b77b625a-7ed2-4555-ac03-4a1df68afb49;0;;19;4.00000000;0;397;;;;;;;;
1206;60bacefa-5810-49a4-8084-27b59ca8a59f;0;;192;1.00000000;0;397;;;;;;;;
1207;6c1da3f1-a83c-4c3a-9daa-94bbdba10416;0;;235;0.50000000;0;397;;;;;;;;
1208;76434bbf-abe7-4e53-b5d0-46c6a3d08060;0;;231;0.50000000;0;397;;;;;;;;
1973;;0;;;;;;;;;;;;;
1974;;0;;;;;;;;;;;;;
1209;147ac38a-40f1-4c59-88d6-6127955d3004;0;;232;0.50000000;0;397;;;;;;;;
1210;bd3368ab-851b-4327-95fd-8400f72b6b10;0;;233;1.00000000;0;397;;;;;;;;
1211;2a181119-14df-4a22-aef1-3d5cf89cb6a6;0;;149;4.00000000;0;397;;;;;;;;
1226;9ffc1e67-b52d-4b53-87a4-019fd7cb6753;0;;365;1.00000000;0;399;;;;;;;;
1228;09e349e6-e7d6-4ddb-8b0e-5f01b4c71875;0;;395;1.00000000;0;399;;;;;;;;
1250;3e246d5f-f073-4c65-89e8-eb7ea9354c41;0;;279;1.00000000;0;402;;;;;;;;
1251;58985574-28d4-4194-a49e-36c420674ee4;0;;245;1.00000000;0;402;;;;;;;;
1252;c36466c5-0b31-497d-b361-e6d5de9f2e59;0;;244;1.00000000;0;403;;;;;;;;
1253;3e7f0cdd-3e26-4691-95d3-844cdfd56559;0;;279;1.00000000;0;403;;;;;;;;
1254;acce5947-ef14-4431-a5d0-1b2d17937553;0;;279;1.00000000;0;404;;;;;;;;
1255;a38a8e41-748c-4601-883c-c84299513bb8;0;;246;1.00000000;0;404;;;;;;;;
1256;bc1a0724-be3e-4d35-aced-a62bd34ec4e5;0;;278;1.00000000;0;405;;;;;;;;
1257;b67d9f77-8028-486e-8764-4f3fb9207d51;0;;279;1.00000000;0;405;;;;;;;;
1258;f3239c98-1b8a-401a-b742-4b9a123f644a;0;;32;0.04500000;0;330;;;;;;;;
1259;f9d7541d-d582-43fb-958a-79d30538ab42;0;;187;0.25000000;0;34;;;;;;;;
1260;33e961f5-2be9-4cb1-82a0-1584a7f0bf5c;0;;183;0.01600000;0;34;;;;;;;;
1262;a844f804-d260-4ef3-8c9d-89a1ce8ab72e;0;;231;1.00000000;0;34;;;;;;;;
1263;a38f7c00-3483-4101-aa5b-ff069c66caee;0;;232;1.00000000;0;34;;;;;;;;
1264;63b8334f-9f23-4d3c-8b7a-eb44ba6fac80;0;;233;1.00000000;0;34;;;;;;;;
1265;27a7efbd-c3e8-46dd-8834-b216e6f15955;0;;30;0.04200000;0;34;;;;;;;;
1266;47f84ffd-a5a0-4c58-8082-5d6d3654f9aa;0;;187;0.25000000;0;406;;;;;;;;
1267;86acc952-c9d0-4234-8ee8-5e3a8e2859f8;0;;183;0.01600000;0;406;;;;;;;;
1268;05d9b3ec-a0ba-4143-92f9-8efa689f633e;0;;231;1.00000000;0;406;;;;;;;;
1269;6acdc61d-ba48-418e-a17b-3a59cb3d963f;0;;232;1.00000000;0;406;;;;;;;;
1270;a83cb5e2-42ad-4928-9807-3b19e848da4e;0;;233;1.00000000;0;406;;;;;;;;
1271;38e49ed3-9cd7-4d8c-8ae3-c0f2b0d2072c;0;;30;0.04200000;0;406;;;;;;;;
1274;2b058370-6632-44b7-8efe-dfabfadf9b03;0;;282;1.00000000;0;407;;;;;;;;
1275;598672e9-319e-49c4-858a-42c2760cf8a5;0;;71;1.00000000;0;407;;;;;;;;
1276;5d58f204-4395-47dc-bd1d-b7cec1df43b7;0;;282;1.00000000;0;408;;;;;;;;
1288;7781e69b-34fa-4404-96c8-2e124c752b39;0;;231;0.10000000;0;71;;;;;;;;
1289;5e64eaea-6391-40dc-97a9-116ead623176;0;;232;0.10000000;0;71;;;;;;;;
1290;cee52d64-0310-4589-995f-e70f9e9003c6;0;;233;0.10000000;0;71;;;;;;;;
1291;8ed51ac2-cdd2-489c-aebe-d63f75f44bc2;0;;85;1.00000000;0;408;;;;;;;;
1293;f7cac826-5e26-4f89-b9b1-a5d8a2d4f0f6;0;;282;1.00000000;0;410;;;;;;;;
1294;4aa4cbc1-f2d6-44f6-a47b-6158e275db7d;0;;55;1.00000000;0;410;;;;;;;;
1295;71738fbc-85ac-434d-85f6-c21a439f0e88;0;;181;0.39000000;0;85;;;;;;;;
1296;c4da6cbb-4453-47ff-ae70-148a61691e5d;0;;212;0.36500000;0;85;;;;;;;;
1297;89e6638f-8a56-4816-959c-32454933addb;0;;234;0.20000000;0;85;;;;;;;;
1298;542d8a7c-496a-41fa-8ef3-75263219a89a;0;;235;0.20000000;0;85;;;;;;;;
1299;38690799-79d0-4047-bb35-cf5c1a0a7bb1;0;;232;0.20000000;0;85;;;;;;;;
1300;ef92903b-513a-41f1-a3bc-97477fb2193a;0;;181;0.46000000;0;55;;;;;;;;
1301;86048057-fb6e-4eaf-b6bb-28a8a28933ba;0;;212;0.39000000;0;55;;;;;;;;
1302;7d2199f3-7132-441e-9831-8d4d0e94585c;0;;231;0.20000000;0;55;;;;;;;;
1303;f90a4147-7d58-4b7f-80c8-c678108b9305;0;;232;0.20000000;0;55;;;;;;;;
1304;76b0ad3a-0682-4772-bac9-aeb88487a41d;0;;233;0.20000000;0;55;;;;;;;;
1305;8c3b0974-36ce-4acb-a4d3-b6ecdbe91250;0;;30;0.10000000;0;55;;;;;;;;
1306;ebecc20b-140e-4303-a4e3-9d4812eb9458;0;;234;2.00000000;0;411;;;;;;;;
1307;1d1cafd7-fcdf-42a3-9fb8-8a015752f4d7;0;;232;1.00000000;0;411;;;;;;;;
1308;185b5e68-3a7e-4589-b3cb-f0063a5c4258;0;;175;0.50000000;0;411;;;;;;;;
1309;4ff70127-5583-4e6c-a10b-d0fea2549028;0;;30;0.15000000;0;411;;;;;;;;
1310;54ebba2e-2c0b-49dd-9612-20c19254cac0;0;;332;1.00000000;0;328;;;;;;;;
1311;b1c87b42-2f42-46f9-ad9e-c791f9ca8320;0;;331;1.00000000;0;328;;;;;;;;
1312;942a2672-d229-497d-b4d7-d18ce131ae96;0;;105;8.00000000;0;380;;;;;;;;
1313;5ee94442-cdf4-4da9-887c-46755986bf78;0;;106;4.00000000;0;380;;;;;;;;
1314;8535fe43-4c25-47d4-8cf3-840417d533cd;0;;186;0.75000000;0;380;;;;;;;;
1315;d3b62df1-11d4-4674-a82e-1a68ec68c5eb;0;;150;8.00000000;0;380;;;;;;;;
1317;d4057ddd-9694-48c5-bb24-486cafd2a3a3;0;;209;0.25000000;0;101;;;;;;;;
1319;8936caef-9b62-4e39-bfff-bec47c52417a;0;;235;0.50000000;0;101;;;;;;;;
1320;69cfde05-f348-460a-a621-b5fa8efd7268;0;;231;1.00000000;0;101;;;;;;;;
1321;26e28418-015d-479b-a90d-a481cc26b268;0;;232;0.50000000;0;101;;;;;;;;
1322;126a2864-2d8e-49d1-a70a-f1bde2e1adfc;0;;233;0.50000000;0;101;;;;;;;;
1323;64106de4-2979-4eba-b580-cd623e8a348b;0;;101;1.00000000;0;413;;;;;;;;
1324;967a9b6b-5d9e-4a54-a829-8d44ee293c06;0;;412;1.00000000;0;413;;;;;;;;
1325;7cc2c3cb-8bfc-4379-88e5-6280e58db7f5;0;;187;0.20000000;0;414;;;;;;;;
1326;aa2e8fa8-b7c7-43e9-87e7-2a3bfdcf76df;0;;220;0.40000000;0;414;;;;;;;;
1975;;0;;;;;;;;;;;;;
1976;;0;;;;;;;;;;;;;
1327;1c2b10fc-e41b-416c-96f3-280ce7c67315;0;;197;0.20000000;0;414;;;;;;;;
1328;76003e82-ce44-4608-a83d-6ccc6a37cd96;0;;231;1.00000000;0;414;;;;;;;;
1329;5dbd8a0e-acd3-432d-aaf6-6e5f2aa70fbb;0;;232;1.00000000;0;414;;;;;;;;
1330;2492be61-4f05-4072-8d8c-af0b7d913e68;0;;233;0.75000000;0;414;;;;;;;;
1331;be6f9fff-d245-4b66-9166-3804acb89cda;0;;32;0.04500000;0;414;;;;;;;;
1338;55061734-cdac-4fbc-8998-4d3a46299c62;0;;235;1.00000000;0;416;;;;;;;;
1339;7311b741-1359-4dbd-ac7d-4beaf6da6ee0;0;;231;2.00000000;0;416;;;;;;;;
1340;542f6126-8aa8-42ef-bdb3-a074ba6e961e;0;;232;1.00000000;0;416;;;;;;;;
1341;68dd8332-705c-4db7-b1bb-4607445ed207;0;;233;1.00000000;0;416;;;;;;;;
1342;78621b44-d067-4041-851e-6771954a00bd;0;;28;0.20000000;0;416;;;;;;;;
1343;6224c462-3be4-49ac-a4e4-9be48ed3a5c2;0;;191;1.00000000;0;416;;;;;;;;
1344;aac189a8-7fd4-4daf-911c-340768285d09;0;;202;1.00000000;0;416;;;;;;;;
1345;19b1b5c6-618c-4d85-9904-721dd9a898ed;0;;309;4.00000000;0;416;;;;;;;;
1346;7d4d89c0-808c-42a8-b33e-8f3b8189d233;0;;106;4.00000000;0;416;;;;;;;;
1348;de473919-e558-4a8f-9112-09a5ae301fb5;0;;372;1.00000000;0;385;;;;;;;;
1349;5c446c3a-89e4-4acc-a8df-3fbfdb224753;0;;149;4.00000000;0;87;;;;;;;;
1350;2504e25c-0abe-44b5-bfe9-2e953493e12a;0;;16;8.00000000;0;417;;;;;;;;
1353;9c37241b-86f2-4b57-818b-23105cf7226b;0;;118;4.00000000;0;417;;;;;;;;
1354;52297655-41f3-4000-99c3-822f7488165b;0;;132;4.00000000;0;417;;;;;;;;
1355;b80eda67-d7d8-4b6b-9316-bc71d38cd168;0;;105;5.00000000;0;417;;;;;;;;
1356;593d899e-7f76-4cb5-a64b-98f7141a518f;0;;19;4.00000000;0;417;;;;;;;;
1357;b5c62d11-93d2-4b80-bf63-f51268471186;0;;30;0.20000000;0;417;;;;;;;;
1358;965cad3d-cc63-48ac-a109-13f5d0f9bbb5;0;;202;1.20000000;0;417;;;;;;;;
1359;ea596f78-68d1-4636-bc97-3bfd3ca44a1c;0;;235;1.00000000;0;417;;;;;;;;
1360;814e5689-d594-411d-8fb1-4a94c47d4325;0;;231;3.00000000;0;417;;;;;;;;
1361;b03bc087-380e-4a79-b6fc-5712648c11b8;0;;232;1.00000000;0;417;;;;;;;;
1362;0cb50f6a-1d9a-45ff-aa14-9ff88cd9106a;0;;233;1.00000000;0;417;;;;;;;;
1363;52b2080e-2860-4069-a6ac-000e355e8295;0;;212;0.30000000;0;418;;;;;;;;
1364;12af7ce3-4c86-4237-979e-27620e6a054b;0;;32;0.01500000;0;418;;;;;;;;
1365;d3d31d75-8a51-4e0e-af00-650de7da34ee;0;;232;0.50000000;0;418;;;;;;;;
1366;e54c3ba6-1055-48eb-a79a-f4885bb6bb1d;0;;183;0.03300000;0;418;;;;;;;;
1368;1b24d70d-1904-4df8-9d8b-b863249a9bf5;0;;235;0.10000000;0;418;;;;;;;;
1369;f2698f8a-bf20-4797-9db8-6157689ff8b4;0;;231;0.15000000;0;418;;;;;;;;
1370;c6062463-d96b-411f-96cb-fdf3178c25a4;0;;233;0.25000000;0;418;;;;;;;;
1371;50b939f0-a054-4e11-80e1-c94745f4c860;0;;212;0.25000000;0;419;;;;;;;;
1372;e57386bb-721a-4794-a9e4-2e50e0b9606c;0;;32;0.01500000;0;419;;;;;;;;
1373;16f2aa08-1031-4d94-ac11-ebe804397786;0;;232;0.50000000;0;419;;;;;;;;
1374;bb859a37-43e9-445d-ad29-b45a8005564c;0;;183;0.03300000;0;419;;;;;;;;
1376;e492913c-c0e4-4099-900c-7370268852b9;0;;235;0.10000000;0;419;;;;;;;;
1377;a4436583-8ab8-4824-9595-3214e79ce1b1;0;;231;0.15000000;0;419;;;;;;;;
1378;887a7297-2576-413f-9aa7-f3cee09bd87d;0;;233;0.25000000;0;419;;;;;;;;
1379;bbacbdc1-0c02-4c70-a0de-93c85c0fb5cb;0;;32;0.15000000;0;397;;;;;;;;
1380;434414c3-34ac-4d85-af7f-dae6f256d3a5;0;;28;0.15000000;0;396;;;;;;;;
1381;c6129fe7-96a5-4602-b2e0-c9af6e958829;0;;200;0.20000000;0;283;;;;;;;;
1382;8d94914e-4478-418b-83a6-5a7029f82cf7;0;;187;0.20000000;0;283;;;;;;;;
1383;470417f4-eed4-4883-b13e-fddebb98f206;0;;183;0.03500000;0;283;;;;;;;;
1384;5974eb10-4449-4741-b598-22fc93b061f3;0;;191;0.75000000;0;75;;;;;;;;
1385;8cc0bda1-5819-494a-9a0f-3ba4860fe2c9;0;;309;4.00000000;0;75;;;;;;;;
1386;281b5263-a18d-47b4-8814-b1529b97150b;0;;202;0.50000000;0;75;;;;;;;;
1387;46e0bfb7-63a7-474e-82e3-724cff9a4f59;0;;186;0.25000000;0;75;;;;;;;;
1388;357b0b7c-c50b-4c88-8728-f6948f2ea89f;0;;132;4.00000000;0;75;;;;;;;;
1389;55c7b1d7-5dca-4e59-9db3-74f200263d19;0;;233;1.00000000;0;75;;;;;;;;
1390;02a5c383-ea1c-49eb-a480-a7e8431d6ee6;0;;232;1.00000000;0;75;;;;;;;;
1391;c604e0bb-147a-4e26-b213-80eb003ef669;0;;231;1.00000000;0;75;;;;;;;;
1392;3bebfdf7-f7be-4952-ab84-d48734f9855f;0;;30;0.10000000;0;75;;;;;;;;
1394;fc7f00a5-5693-44cd-9121-f75244e5ba8b;0;;118;4.00000000;0;364;;;;;;;;
1396;430da758-1e36-4896-8dec-768343e5e51f;0;;148;4.00000000;0;364;;;;;;;;
1398;363bc063-8b38-47cc-8c93-03b410ec5f3a;0;;186;0.40000000;0;364;;;;;;;;
1399;1b105e32-f6f5-47b0-9f42-11f9c5d38524;0;;390;0.25000000;0;364;;;;;;;;
1400;f0a3f3c4-0778-4d1c-992b-96097f737304;0;;19;4.00000000;0;364;;;;;;;;
1401;05b64744-bb42-4c9c-b415-a42e04ea58eb;0;;118;4.00000000;0;420;;;;;;;;
1402;061f1476-fdcb-470e-a392-b341a0997054;0;;132;4.00000000;0;420;;;;;;;;
1404;69961540-245e-47f7-abc3-209f648e37ee;0;;30;0.15000000;0;420;;;;;;;;
1405;6a01c401-5607-46cc-8dcb-36c4ff0a7098;0;;192;0.40000000;0;420;;;;;;;;
1977;;0;;;;;;;;;;;;;
1978;;0;;;;;;;;;;;;;
1406;91d36b0a-e34c-41b3-9350-f3a01b6f7e88;0;;175;0.40000000;0;420;;;;;;;;
1408;1cfd8797-1f2e-4dbe-a285-67020f595c9a;0;;235;0.50000000;0;420;;;;;;;;
1409;7aed0c82-461b-4bce-8f1d-bdffad252f9e;0;;231;0.50000000;0;420;;;;;;;;
1410;be427846-55a4-42c4-9c29-cf76e70ed781;0;;232;0.70000000;0;420;;;;;;;;
1411;04ac1815-b953-4e67-b215-35d844fbc78d;0;;233;0.50000000;0;420;;;;;;;;
1412;6389cf27-fa25-40ca-bb51-a6d314d97937;0;;149;4.00000000;0;420;;;;;;;;
1413;2addbdc1-cdc8-47f8-bd1c-26e277374ffa;0;;333;4.00000000;0;420;;;;;;;;
1414;63cde217-d0ae-4aa1-91fb-a9f1b542a04d;0;;13;4.00000000;0;420;;;;;;;;
1415;3b16dbf4-1f4a-47ea-b62d-3f5755448cbb;0;;30;0.15000000;0;421;;;;;;;;
1416;2b13e816-f916-4756-be45-c06fb134391a;0;;135;4.00000000;0;421;;;;;;;;
1417;d3dcfb73-8e26-446e-ad1c-3184c2f900c4;0;;118;4.00000000;0;421;;;;;;;;
1418;1c6e8754-67c7-4a2f-92e1-8362cf70ba18;0;;132;4.00000000;0;421;;;;;;;;
1419;5b108fd3-7bbe-47c2-bdb6-1cf1ef951a08;0;;19;4.00000000;0;421;;;;;;;;
1420;6500747e-277e-4765-bb02-f8ab8056720e;0;;231;2.00000000;0;421;;;;;;;;
1421;b706e8b7-628f-433b-8b8b-5e34babdfdbe;0;;232;1.00000000;0;421;;;;;;;;
1423;07ae95d2-58ed-4257-87c6-f41bb753ab74;0;;235;1.00000000;0;421;;;;;;;;
1424;51e60e65-0aea-4fda-a409-dde1eb1bc90c;0;;18;1.00000000;0;421;;;;;;;;
1425;8321d4c4-4873-401f-b79a-6b9c1ba1a506;0;;233;1.00000000;0;421;;;;;;;;
1426;8ad8726a-6d65-45ca-a21d-7403b946f1e6;0;;422;1.22000000;0;421;;;;;;;;
1427;42815dcd-53da-40a0-a77b-fec9e29acfbb;0;;202;0.50000000;0;421;;;;;;;;
1428;ee5a7c1c-1f56-4cc4-80d9-fc96e25d50b7;0;;196;0.25000000;0;421;;;;;;;;
1429;8c3c6840-acf4-42a8-a04f-69b2a889cf24;0;;200;0.25000000;0;363;;;;;;;;
1430;535bccd8-6712-417f-94b7-73d14629c647;0;;186;0.58000000;0;363;;;;;;;;
1431;4bff2370-9b2c-46cb-ab00-2dd7437ace12;0;;390;0.20000000;0;363;;;;;;;;
1432;7e428b6b-23d1-4218-a3a9-d2bb5357fab2;0;;118;8.00000000;0;363;;;;;;;;
1433;0a9b6eb1-988a-4ddc-9beb-fe5440383947;0;;19;4.00000000;0;363;;;;;;;;
1434;af7fd60f-abac-47be-bc70-b479f5963964;0;;148;4.00000000;0;363;;;;;;;;
1444;10144534-6e1e-49db-b5f1-2355e60ac289;0;;192;0.50000000;0;424;;;;;;;;
1445;95d59aac-8c3d-4d14-88df-c77264bbeb31;0;;13;4.00000000;0;424;;;;;;;;
1446;5fadda06-8ed3-43a1-9c3f-a15e5757c88f;0;;235;1.00000000;0;424;;;;;;;;
1447;25d89ce8-294e-42dc-ae4a-6a94d78a0708;0;;231;2.00000000;0;424;;;;;;;;
1448;1f9a9129-b79b-4894-aba8-324e995e63d0;0;;232;1.00000000;0;424;;;;;;;;
1449;f90889f6-ad2e-4aac-a6f6-f83e4744921b;0;;233;1.00000000;0;424;;;;;;;;
1450;34a64652-468e-4a29-8f51-746ec4c62606;0;;32;0.20000000;0;424;;;;;;;;
1451;3b61c493-e4aa-4d89-a078-bc29fd7e78b5;0;;118;8.00000000;0;424;;;;;;;;
1452;d5f31369-a066-4538-84ed-a9c72b47d29d;0;;200;0.25000000;0;424;;;;;;;;
1453;df8a6540-9f1a-4805-8fc2-58acec96e1dd;0;;186;0.30000000;0;424;;;;;;;;
1454;6495c1b4-4c25-451d-934b-53367245b99c;0;;390;0.20000000;0;424;;;;;;;;
1455;c1ba1f88-e270-46cb-a338-a77efd03e7bd;0;;19;4.00000000;0;424;;;;;;;;
1456;2f068475-b872-4ac8-aad6-172e66d2e309;0;;148;4.00000000;0;424;;;;;;;;
1459;0a0449ea-e918-4c5d-aafe-f0fdf5038e6d;0;;235;1.00000000;0;425;;;;;;;;
1460;f190348d-397e-4139-b69c-99d6d156e81b;0;;231;2.00000000;0;425;;;;;;;;
1461;c56635c6-143e-490b-87b3-3d0eae9bb48a;0;;232;1.00000000;0;425;;;;;;;;
1462;05897b7c-9fac-4cd6-b148-83889ca77fb3;0;;233;1.00000000;0;425;;;;;;;;
1463;084bba95-a1bf-4fb9-856e-efb3b856977e;0;;32;0.20000000;0;425;;;;;;;;
1465;e1ae8bfa-2614-47d5-87cd-4881c094a8ad;0;;200;2.50000000;0;425;;;;;;;;
1466;eea7c70e-ab92-4c0f-8e51-5813a8299177;0;;186;0.50000000;0;425;;;;;;;;
1468;164f66c4-caee-4c03-9c8a-0a0b7ac102e8;0;;19;12.00000000;0;425;;;;;;;;
1470;ea960829-97f1-4dee-8dde-5aae2dc80523;0;;191;1.50000000;0;428;;;;;;;;
1471;98d63bd7-7019-4af4-ade8-2766dbee8160;0;;309;6.00000000;0;428;;;;;;;;
1473;7b3c31a7-6357-4720-b740-fc5c5e80052b;0;;186;0.25000000;0;428;;;;;;;;
1475;55166055-3309-4dce-97d1-3f908f39bb87;0;;233;2.00000000;0;428;;;;;;;;
1476;fc1893a6-e3fb-4227-86c1-f4aa8729bfad;0;;232;1.00000000;0;428;;;;;;;;
1477;f728d92a-55f2-4fdf-897c-7d7bf1576d3e;0;;231;2.00000000;0;428;;;;;;;;
1478;81c37cd1-f56e-4c68-bb08-693db3196b4f;0;;30;0.30000000;0;428;;;;;;;;
1479;06d9e058-edbc-4673-b8ac-14d1b4c808f8;0;;186;1.60000000;0;428;;;;;;;;
1480;42f4932f-8738-4a22-8e3a-f5f5419929d1;0;;390;0.80000000;0;428;;;;;;;;
1481;c876cec9-445d-4f44-b98d-399e7a06d4ce;0;;118;16.00000000;0;428;;;;;;;;
1482;db2d878d-2696-40a5-8a6e-dbb0e1a40181;0;;148;16.00000000;0;428;;;;;;;;
1483;863cd6ca-b0b0-4b19-944c-be1e4e27a67c;0;;426;1.00000000;0;428;;;;;;;;
1484;822508ba-d666-4446-9b56-c70b6ab1ac83;0;;191;0.80000000;0;84;;;;;;;;
1485;48cf97e3-8acf-4625-8410-065125ac08bb;0;;186;0.50000000;0;84;;;;;;;;
1486;ae31735f-e6b0-4fda-96c7-ae4c2056b953;0;;390;0.20000000;0;84;;;;;;;;
1487;413cf85c-f9e9-4d75-9ee3-a4577f616a85;0;;309;4.00000000;0;84;;;;;;;;
1488;90ac707c-0a9a-48d6-aa15-a3818ec52752;0;;118;4.00000000;0;84;;;;;;;;
1979;;1;;;;;;;;;;;;;
2002;;90000;;;;;;;;;;;;;
1489;8ef24853-5e9c-46ff-b70e-53b7e0814afa;0;;148;4.00000000;0;84;;;;;;;;
1490;150c7702-6531-47cd-8481-0a68ea6cee4b;0;;105;8.00000000;0;84;;;;;;;;
1491;584e9b78-0c7a-4466-9afa-e7c2fd0959c3;0;;191;1.50000000;0;429;;;;;;;;
1492;5f944523-7650-4243-8987-6c14f1bec6c3;0;;309;6.00000000;0;429;;;;;;;;
1493;6b692cd6-fd7d-4bfa-8743-6cffc3fad1f0;0;;186;0.25000000;0;429;;;;;;;;
1494;54d3d4e0-b04f-4596-9d90-ad2958539402;0;;233;2.00000000;0;429;;;;;;;;
1495;fa5a4aa8-375f-4c30-b07e-a0262d55b3de;0;;232;1.00000000;0;429;;;;;;;;
1496;00da4b4f-5381-481e-aa4b-62ad5940ff01;0;;231;2.00000000;0;429;;;;;;;;
1497;b4425529-8579-4b24-a8d5-6f6458330bdd;0;;30;0.30000000;0;429;;;;;;;;
1498;029a9b55-321a-4aec-92af-0f3d4da54e3b;0;;186;1.60000000;0;429;;;;;;;;
1499;0539fa98-f0e9-4981-838f-cbc3d3a6a59b;0;;390;0.80000000;0;429;;;;;;;;
1500;cfff61c2-c334-4715-8609-6eaf94084d13;0;;118;16.00000000;0;429;;;;;;;;
1501;604d8c98-076f-46bb-98cc-54ba402a1603;0;;148;16.00000000;0;429;;;;;;;;
1503;145aec3f-87e3-4003-b088-68930484bce3;0;;97;1.00000000;0;431;;;;;;;;
1504;fd2a98ae-6508-41e3-855b-d3b0edf630c0;0;;427;1.00000000;0;431;;;;;;;;
1505;dcbfbe05-ddc5-4007-8d6b-17457069f50e;0;;430;1.00000000;0;364;;;;;;;;
1523;50cb7f6c-b8dc-4378-8fd7-4fbc012d5cf7;0;;200;0.25000000;0;432;;;;;;;;
1524;2eab4830-47a2-402a-bc9e-3c72b6ddf779;0;;6;0.30000000;0;432;;;;;;;;
1525;08618deb-29e9-40b2-ab11-b531a804cce6;0;;13;2.00000000;0;432;;;;;;;;
1526;5be0fa29-212d-4ee9-abfc-23fe83860132;0;;333;4.00000000;0;432;;;;;;;;
1527;7b09be97-3bd3-4f35-bd55-1fe3bd2f5507;0;;170;0.15000000;0;432;;;;;;;;
1528;d5e82029-da26-4f91-b12b-a4dcfba2ab10;0;;118;12.00000000;0;432;;;;;;;;
1529;cb167ec3-313b-4a03-9694-0dc5e128c08f;0;;187;0.65000000;0;432;;;;;;;;
1530;c5cec6c5-cb76-43c9-9bae-00588ea134c4;0;;117;12.00000000;0;432;;;;;;;;
1531;ecf15584-23dd-46a3-b0f0-e50624e5c6a0;0;;212;0.59000000;0;432;;;;;;;;
1532;03e74483-e6df-4489-9bbc-df26e7475b81;0;;26;12.00000000;0;432;;;;;;;;
1533;8af0582e-0465-4ad5-9e19-da9faf45bba8;0;;32;0.15000000;0;432;;;;;;;;
1534;33d785ff-1762-4c24-a1ec-72914b466089;0;;235;1.00000000;0;432;;;;;;;;
1535;8478a5f1-a3df-4f10-a52c-76be3082d229;0;;231;1.00000000;0;432;;;;;;;;
1536;9754c38f-b0f5-45f4-9967-b65327157467;0;;232;1.00000000;0;432;;;;;;;;
1537;1c9d3c88-bf7c-412a-bc4e-8fca0173476f;0;;233;1.00000000;0;432;;;;;;;;
1538;c7606feb-15ba-498d-ade7-a933facb30ab;0;;432;1.00000000;0;49;;;;;;;;
1539;f9d83f2d-b49f-479c-bfa9-f8e456b6a877;0;;331;3.00000000;0;49;;;;;;;;
1540;53749529-64bd-470f-bfa3-5cc7090c1a8a;0;;377;3.00000000;0;47;;;;;;;;
1541;c557f8bb-3f08-415d-a96b-add20a13a06e;0;;432;1.00000000;0;47;;;;;;;;
1543;ffe3f1ff-90e4-45fc-a50b-4d51df710449;0;;55;1.00000000;0;433;;;;;;;;
1550;d733124b-9677-4ed9-8aa9-7c8980117c7f;0;;420;1.00000000;0;436;;;;;;;;
1551;6a1c6c5f-a408-42e9-9c87-a7dc1f9f6af1;0;;71;1.00000000;0;436;;;;;;;;
1552;b8353bfa-098e-4381-bfc0-9f723fcb6d18;0;;85;1.00000000;0;435;;;;;;;;
1553;e4327734-bfe2-492e-9447-aaf926826f54;0;;420;1.00000000;0;435;;;;;;;;
1554;35e30ccc-6c6a-424c-9d25-77237afa725d;0;;420;1.00000000;0;433;;;;;;;;
1555;6b258e3f-5c51-4b0b-bf27-ce57680cb126;0;;440;0.02000000;0;439;;;;;;;;
1556;98215b65-af5c-4689-9e2d-849b6d5aaa0a;0;;118;1.00000000;0;439;;;;;;;;
1558;dfde152b-305f-409a-891e-ec241c0240d8;0;;231;1.00000000;0;439;;;;;;;;
1559;198a6c75-e06a-4bd6-8cdf-908ea09beb38;0;;233;0.10000000;0;439;;;;;;;;
1560;fc522dac-e2eb-4a50-b15c-60fb5bed17d5;0;;30;0.00200000;0;439;;;;;;;;
1561;5a8d007e-823a-44de-a47e-b6dbc93dff58;0;;316;0.00900000;0;439;;;;;;;;
1562;ab0aecc9-d5b6-43b7-9feb-760d807df498;0;;118;4.00000000;0;443;;;;;;;;
1563;701d09c0-5a05-4f50-a17a-cf35c05db3f5;0;;132;4.00000000;0;443;;;;;;;;
1564;d0e2afd6-bfdd-40b6-a841-15a771a68c93;0;;19;4.00000000;0;443;;;;;;;;
1565;5fe0e4b6-364d-405e-85c1-69fa6598a451;0;;30;0.15000000;0;443;;;;;;;;
1566;dd588970-cf4f-4227-bd3e-02dcced30bb6;0;;192;0.80000000;0;443;;;;;;;;
1568;454dd59b-8300-427e-bd15-00fa86e27dac;0;;17;8.00000000;0;443;;;;;;;;
1569;bc9bb91a-f3bb-4c1b-86f6-4e3a513eb50f;0;;235;0.50000000;0;443;;;;;;;;
1570;c4647b5f-c81b-4cca-b139-a391ec2cff63;0;;231;0.50000000;0;443;;;;;;;;
1571;f2d09dc7-d2b8-4d30-9b11-3e9b2ecc8799;0;;232;0.70000000;0;443;;;;;;;;
1572;b66e4a59-8ddc-45a0-aeda-1a9d5f50933b;0;;233;0.50000000;0;443;;;;;;;;
1573;6f30d1b4-3a61-4ed6-bda2-1f9b3994a69a;0;;149;1.00000000;0;443;;;;;;;;
1574;2c61b7b2-348d-473f-ad15-104dcb8f8ffb;0;;208;0.45000000;0;443;;;;;;;;
1575;42d79fef-de49-42b2-86f3-515b1f6deb26;0;;175;0.20000000;0;443;;;;;;;;
1576;c4482467-b527-4059-825c-78e39f5cf7cb;0;;179;1.00000000;0;444;;;;;;;;
1579;f59da03b-48c0-4f19-b407-a5960732554b;0;;341;1.00000000;0;444;;;;;;;;
1580;d6e24aaf-75f4-442f-bf9d-85e54e43feb2;0;;321;0.40000000;0;444;;;;;;;;
1980;;0;;;;;;;;;;;;;
1981;;0;;;;;;;;;;;;;
1581;b3526976-6e7c-4670-aa2d-4326981d68be;0;;322;0.30000000;0;444;;;;;;;;
1582;e0a2a241-a6fa-4cea-8ff5-cc23fe9d5104;0;;143;12.00000000;0;444;;;;;;;;
1584;fc318a32-4364-4c63-9002-7e099d18b523;0;;320;0.55000000;0;444;;;;;;;;
1588;0837d45b-03ec-4ff7-8b87-5fe4f683b45e;0;;32;0.10000000;0;444;;;;;;;;
1589;80bcbce8-69ba-4208-a2b4-ddee5aab20de;0;;235;1.00000000;0;444;;;;;;;;
1590;da31a35a-ad48-44bb-80a7-336181de867d;0;;231;1.00000000;0;444;;;;;;;;
1591;5f8b05d5-c28e-410f-a90f-5382b1d62b35;0;;232;1.00000000;0;444;;;;;;;;
1592;fa51a8bb-ca4e-4cfc-a241-2ea4470c4b91;0;;233;2.00000000;0;444;;;;;;;;
1594;e8ca41af-0770-4ca4-8e4f-91ad38bc9074;0;;445;4.00000000;0;444;;;;;;;;
1595;90f2962c-ad66-4a6a-a53b-78d8f342056f;0;;446;0.25000000;0;444;;;;;;;;
1596;05f0b07a-15af-4596-a40c-cb07cd0c5197;0;;149;4.00000000;0;239;;;;;;;;
1599;a526ccf2-eb36-4221-85e0-45501c747c25;0;;188;0.20000000;0;447;;;;;;;;
1601;6c0eb805-d7f8-4bb8-9aa2-c694b8d2e48a;0;;32;0.15000000;0;447;;;;;;;;
1602;a4970363-b5fe-4ece-b0b3-cd70b9fbd2bd;0;;234;1.00000000;0;447;;;;;;;;
1603;34f6d409-1e45-4d04-8ff2-265ee18e224b;0;;235;0.50000000;0;447;;;;;;;;
1605;cd81d33c-88dc-4e03-9e5a-b30fefecc2e7;0;;232;1.00000000;0;447;;;;;;;;
1611;0ddeac5d-4a78-4a08-9928-37cc51953a85;0;;232;0.50000000;0;448;;;;;;;;
1613;5337854d-085a-4fd8-ae52-f5b7b07654c2;0;;32;0.04500000;0;448;;;;;;;;
1614;5ccd8232-2851-4035-9fd7-c84767083692;0;;195;0.70000000;0;448;;;;;;;;
1620;2a45206e-3f22-4d65-80f1-254a6e86aef5;0;;149;4.00000000;0;241;;;;;;;;
1622;bbe70105-5846-4e05-aa56-f464da3e0ba8;0;;30;0.15000000;0;449;;;;;;;;
1623;e0c99052-b789-4c0a-9ba8-a0cebde04793;0;;118;8.00000000;0;449;;;;;;;;
1624;7f3df9d6-cdb2-402f-927c-8d18833b9dc0;0;;132;4.00000000;0;449;;;;;;;;
1625;fe5a6eea-83d7-4a8d-a2bf-c2e202f2c212;0;;19;4.00000000;0;449;;;;;;;;
1626;de56dbcf-337f-496c-af39-ca49479522a6;0;;231;1.00000000;0;449;;;;;;;;
1627;e97765a0-a87d-4402-9e7a-83f9f3f57fbc;0;;232;1.00000000;0;449;;;;;;;;
1629;f7f88991-3c22-4073-b07e-6a14d33c2207;0;;235;1.00000000;0;449;;;;;;;;
1630;36e2027e-86db-4ae3-830b-356e055d5df2;0;;18;1.00000000;0;449;;;;;;;;
1631;36bc8ac5-ce37-4545-a7fe-b6661fc808e8;0;;233;1.00000000;0;449;;;;;;;;
1632;c1c72bc1-ccf0-4477-bf9b-cf3a6258f6ae;0;;149;4.00000000;0;449;;;;;;;;
1633;26d7e17f-14c5-4fec-ac23-299fecee1cbe;0;;200;1.20000000;0;449;;;;;;;;
1634;cc59ad4f-142e-4d88-8b08-587c206bef6d;0;;202;0.30000000;0;449;;;;;;;;
1635;35dde153-6024-4c82-8c3b-041d5586e30d;0;;30;0.15000000;0;450;;;;;;;;
1636;c0d0e38a-b7ff-4117-8906-2196ec85b253;0;;118;8.00000000;0;450;;;;;;;;
1637;fca3e96b-408f-486f-abb4-0c7cd69aee48;0;;132;4.00000000;0;450;;;;;;;;
1638;471526d7-caa1-4fbf-9bb2-3425726a4e4a;0;;19;4.00000000;0;450;;;;;;;;
1639;af2ac4dc-3dca-4c53-b2b6-48154aba3dfd;0;;231;1.00000000;0;450;;;;;;;;
1640;67a55862-1b7a-42f3-9eef-b9b7eb38f48c;0;;232;1.00000000;0;450;;;;;;;;
1641;045a32a0-2066-479b-abe1-7479cdb97ead;0;;235;1.00000000;0;450;;;;;;;;
1642;bb4bc1e5-da8d-468f-9cde-b8fac793a0eb;0;;18;1.00000000;0;450;;;;;;;;
1643;79574f90-f42a-49e2-b079-4efbe254c1b6;0;;233;1.00000000;0;450;;;;;;;;
1644;f1ac352b-b1ae-4a51-a7d7-6b0fd1135686;0;;149;4.00000000;0;450;;;;;;;;
1645;91f89f6c-c7bc-4db6-8d27-b463d54cb342;0;;200;1.25000000;0;450;;;;;;;;
1646;89d78682-791a-4103-a22a-4f2c2f105f7e;0;;202;0.30000000;0;450;;;;;;;;
1647;ce74b3d7-c90a-4f75-8909-4a3878cde8a0;0;;186;0.34000000;0;449;;;;;;;;
1648;c8c4ec6a-1b44-4e28-ad49-db306511c961;0;;196;0.03000000;0;449;;;;;;;;
1649;6c3de1fd-c0f1-4ba4-bfd2-9b1d7a341c88;0;;150;4.00000000;0;449;;;;;;;;
1650;da25d612-df59-413e-9f62-998e2308f9fa;0;;150;4.00000000;0;450;;;;;;;;
1651;8a483c09-481b-4e1d-b28d-f38449d4362d;0;;196;0.04000000;0;450;;;;;;;;
1652;927a939f-98f7-488e-b931-9ab810cfcc8f;0;;186;0.34000000;0;450;;;;;;;;
1610;3d1d4018-4d9a-48a2-b9a7-5dde8577c91b;1;;231;1.00000000;1;448;0.00000000;0;f;;0.00000000;f;0;0.00000000
1606;ebb71a1a-02f5-4cf3-aaf4-b19a7b80d18b;7;;233;1.50000000;1;447;0.00000000;0;f;;0.00000000;f;0;0.00000000
1585;e427adf0-53ce-45dc-b262-2bd5a327714b;0;;135;4.00000000;1;;0.00000000;0;f;;0.00000000;f;0;0.00000000
1982;;0;;;;;;;;;;;;;
1983;;0;;;;;;;;;;;;;
1984;;0;;;;;;;;;;;;;
1985;;0;;;;;;;;;;;;;
1986;;60;;;;;;;;;;;;;
1987;;30;;;;;;;;;;;;;
1988;;30;;;;;;;;;;;;;
1989;;30;;;;;;;;;;;;;
1990;;0;;;;;;;;;;;;;
1991;;0;;;;;;;;;;;;;
1992;;0;;;;;;;;;;;;;
1993;;0;;;;;;;;;;;;;
1593;90e704db-0402-4f70-8db3-60d9a8fbb55b;16;;132;4.00000000;2;444;0.00000000;0;f;;0.00000000;f;0;0.00000000
1653;f58ae173-2cd5-4253-98e0-e7075de81613;0;;18;1.00000000;0;451;;;;;;;;
1654;388ac59c-9044-4165-995a-bcb3e8c48a8b;0;;17;8.00000000;0;451;;;;;;;;
1655;f969b46d-791d-492a-b87a-b03e1f00b0ed;0;;118;4.00000000;0;451;;;;;;;;
1656;de0f5b83-fa44-4c16-ac1d-73f9b7955144;0;;132;4.00000000;0;451;;;;;;;;
1657;edf2fef0-6cff-423b-8886-42ac1eb3f0a5;0;;19;4.00000000;0;451;;;;;;;;
1658;ab41c0d8-1ff1-46ec-b8b8-5863a56dc930;0;;30;0.00800000;0;451;;;;;;;;
1660;e30aa6f6-5e90-4ddc-a224-328304d40f65;0;;235;0.50000000;0;451;;;;;;;;
1661;d8228637-6555-47cd-b2eb-d782a6837010;0;;231;0.50000000;0;451;;;;;;;;
1662;48f7a7dd-6550-414b-a521-d298d219876d;0;;232;0.50000000;0;451;;;;;;;;
1663;d6f1b0c1-39b9-403d-9b51-c79a6a789ae1;0;;233;1.00000000;0;451;;;;;;;;
1664;bf3fe988-9019-4124-91e2-8a8ce34ecd13;0;;149;8.00000000;0;451;;;;;;;;
1668;a89dd316-bac4-461e-bfb8-6194ed57b834;0;;234;1.00000000;0;452;;;;;;;;
1669;a612c96b-c5af-417d-8a9b-15da8adb63f1;0;;232;2.00000000;0;452;;;;;;;;
1670;00136409-f144-4fe8-aeee-0e3ec96273f1;0;;30;0.12000000;0;452;;;;;;;;
1671;f3428887-acae-4e54-9e89-9270a534b1dd;0;;233;1.00000000;0;452;;;;;;;;
1672;2de9d66e-09c8-4ab2-91e0-2da9bc65f3eb;0;;307;0.25000000;0;452;;;;;;;;
1673;2c4d710a-b45b-43ca-97a9-6adfa9b26d97;0;;30;0.20000000;0;453;;;;;;;;
1674;1930b90b-caa3-408d-ad0b-9fe4d503deaf;0;;118;8.00000000;0;453;;;;;;;;
1675;bc11ee73-1ae1-4fe7-959e-dce56e3413b9;0;;132;4.00000000;0;453;;;;;;;;
1676;d1f225d4-9558-4d58-bc3e-35a38295b69e;0;;19;4.00000000;0;453;;;;;;;;
1677;8323e2a2-8903-41b6-9e9c-6da9bc445baf;0;;231;1.00000000;0;453;;;;;;;;
1678;3ed4e121-4e2e-4f68-86d7-e3fabb02a304;0;;232;1.00000000;0;453;;;;;;;;
1679;d967c804-426f-4a58-8209-1488896ed462;0;;235;1.00000000;0;453;;;;;;;;
1680;820748e8-e6e1-4cc6-9bc1-212f5bb8ecdd;0;;18;1.00000000;0;453;;;;;;;;
1681;cd2b5d2b-2279-4838-a933-2dbb7b903612;0;;233;2.00000000;0;453;;;;;;;;
1682;0de3893d-d7f4-47d3-95fb-a6b21333b912;0;;149;4.00000000;0;453;;;;;;;;
1687;5fba8221-8910-473a-9208-49be09cc58ec;0;;186;1.00000000;0;453;;;;;;;;
1689;70e29b9e-fe40-474b-8c76-ad54b08ecc9e;0;;30;0.20000000;0;454;;;;;;;;
1690;dd97876b-bf39-4600-a136-cd7d7c78ab02;0;;118;8.00000000;0;454;;;;;;;;
1691;427dfb10-02f6-430d-a03d-c05b91eb6a16;0;;132;4.00000000;0;454;;;;;;;;
1692;1cb0dbfa-1703-40b1-a6cd-28793caf7a36;0;;19;4.00000000;0;454;;;;;;;;
1693;5a572094-fa0f-42ab-9d72-7e54e18aa4b0;0;;231;1.00000000;0;454;;;;;;;;
1694;a9e1f3fd-23af-485e-82af-404bd285bf38;0;;232;1.00000000;0;454;;;;;;;;
1695;b5fbd05a-9662-457e-a6d7-ee74d7ce29d9;0;;235;1.00000000;0;454;;;;;;;;
1696;fa8ca5a1-9a05-4215-9a4c-d519022ce643;0;;18;1.00000000;0;454;;;;;;;;
1697;372bb9d8-c782-4100-a9c3-1cd1001bd4e7;0;;233;2.00000000;0;454;;;;;;;;
1698;9a3f1254-7d7f-40ab-b07f-76eee6d7b45f;0;;149;4.00000000;0;454;;;;;;;;
1699;5ba5c842-8ea3-4c5e-a8ce-390af7473dbc;0;;186;1.20000000;0;454;;;;;;;;
1701;2163b2f8-66dd-42b9-91e6-c1bac0b21d84;0;;118;8.00000000;0;455;;;;;;;;
1702;f415468d-f428-4833-966f-3399b13844cc;0;;132;4.00000000;0;455;;;;;;;;
1703;8653317b-cddb-4296-ba9e-220a6e6e1af2;0;;30;0.15000000;0;455;;;;;;;;
1704;714032b9-915e-489d-930a-a58d3be76030;0;;192;0.30000000;0;455;;;;;;;;
1705;b6fac182-188b-4787-b07b-33acd4b6ca6f;0;;175;0.40000000;0;455;;;;;;;;
1706;bfe5581a-9403-4d96-be52-04f4d5b7ef92;0;;235;0.50000000;0;455;;;;;;;;
1707;ffdf577a-a5e1-4067-b2c7-9887ef3ef553;0;;231;1.00000000;0;455;;;;;;;;
1708;3014a9a1-bbeb-4556-a585-aad399f53927;0;;232;0.70000000;0;455;;;;;;;;
1709;4722b73d-1dc2-40d4-b186-aabfe36d20fc;0;;233;1.00000000;0;455;;;;;;;;
1710;77432c9f-62cc-4962-b9e7-e5b102bc51a1;0;;149;4.00000000;0;455;;;;;;;;
1711;7be8bced-f589-42a3-a948-9bfdab212cf1;0;;333;0.00000000;0;455;;;;;;;;
1712;686c6c54-93f4-4e84-9e91-a0413bb40bc6;0;;13;4.00000000;0;455;;;;;;;;
1713;2e219183-12e9-4f22-87d2-cd1890214f0a;0;;200;0.30000000;0;455;;;;;;;;
1714;d66a469f-6ae5-426c-b981-6c2c79dc16e2;0;;27;4.00000000;0;455;;;;;;;;
1715;ae3c2e80-4af2-46d8-aeaf-2d811d7b9638;0;;186;0.50000000;0;455;;;;;;;;
1716;711b34fb-ece5-44af-8be5-6fc6a2b74c10;0;;201;0.22000000;0;455;;;;;;;;
1721;2aebb7ad-ee55-4b44-ab07-41fe4db86f47;0;;32;0.15000000;0;456;;;;;;;;
1723;05c84fa5-82ee-429b-be8e-ae66438c581c;0;;235;1.00000000;0;456;;;;;;;;
1724;d17f85a4-1c36-4a5e-a399-d8ba5f5b0112;0;;231;2.00000000;0;456;;;;;;;;
1725;38bd0357-0016-4296-9be6-83603d06fb27;0;;232;1.00000000;0;456;;;;;;;;
1726;a506e13c-fae3-43f7-9477-606732409e28;0;;233;2.00000000;0;456;;;;;;;;
1727;dff398fd-42a8-426f-a2b8-7173fe1a94f6;0;;16;6.00000000;0;456;;;;;;;;
1728;f4996dd1-9552-4129-b2cf-ff0b0609f0e9;0;;202;1.00000000;0;456;;;;;;;;
1729;8e474119-746f-4c43-b8e3-32ab0151f317;0;;118;4.00000000;0;456;;;;;;;;
1730;3e24b6b0-288e-43b1-8b3a-0448e9a265b8;0;;19;4.00000000;0;456;;;;;;;;
1994;;0;;;;;;;;;;;;;
1995;;0;;;;;;;;;;;;;
1996;;0;;;;;;;;;;;;;
1997;;30;;;;;;;;;;;;;
1731;3a742ad0-46c7-4a38-ba0c-81f0d8c821d9;0;;18;1.00000000;0;455;;;;;;;;
1732;3d6328e2-46e4-4950-bc96-b18830bb10af;0;;148;4.00000000;0;455;;;;;;;;
1733;b723f350-d953-4205-9227-1d08361b49b6;0;;235;1.00000000;0;457;;;;;;;;
1734;1396c80c-09ed-4c60-9185-ba2cfb608d9d;0;;231;2.00000000;0;457;;;;;;;;
1735;0eaf30e0-07bb-40c9-b40f-ea0e54b654f9;0;;232;1.00000000;0;457;;;;;;;;
1736;32b3d7eb-874b-47ed-b9d6-38872dddd918;0;;233;2.00000000;0;457;;;;;;;;
1737;2c64b134-c491-4333-9e66-b8ef403e8a99;0;;199;0.50000000;0;457;;;;;;;;
1739;0be4026c-0241-4441-a7df-23094a90b506;0;;118;6.00000000;0;457;;;;;;;;
1740;c53c8adc-8f86-4eff-94bb-3fd7835088f4;0;;132;4.00000000;0;457;;;;;;;;
1741;4e9594eb-cbab-4150-9148-1f2b41ec860e;0;;105;6.00000000;0;457;;;;;;;;
1742;8ea51979-6f82-4acc-9aeb-941ee4c6395a;0;;106;8.00000000;0;457;;;;;;;;
1743;f215cefe-fa0c-4787-bc47-541caab95616;0;;19;4.00000000;0;457;;;;;;;;
1744;7281eadf-29f8-4bec-9e2f-e1b7ed3d6789;0;;30;0.30000000;0;457;;;;;;;;
1745;522f81f1-5e7d-476d-b950-196746ef6b47;0;;202;0.15000000;0;457;;;;;;;;
1749;a95172b7-2be6-4fd6-80b1-bb9b84d6e343;0;;233;3.00000000;0;460;;;;;;;;
1750;75891008-4db2-465b-ab10-c893d1ef2bf7;0;;232;3.00000000;0;460;;;;;;;;
1751;a8678af5-b1ff-411b-907b-f430dce67dfb;0;;231;4.00000000;0;460;;;;;;;;
1752;1a177d93-d9bf-45ac-bb08-3ee4f68abbef;0;;30;0.30000000;0;460;;;;;;;;
1753;229a0a7c-e05c-4b09-b07e-2a83f7041faf;0;;186;1.20000000;0;460;;;;;;;;
1754;52251c71-b782-497e-a076-dd2413176c64;0;;390;0.80000000;0;460;;;;;;;;
1755;38231acb-0d3f-4428-b116-0b7dd188990c;0;;118;8.00000000;0;460;;;;;;;;
1756;cd83ef81-de88-44a9-83c1-79036514f577;0;;148;8.00000000;0;460;;;;;;;;
1757;fefcff2f-bdf5-4a06-98e1-9a16b16dfb55;0;;15;6.00000000;0;460;;;;;;;;
1758;856db39c-8f32-4c9c-9fe6-29e5b81567c7;0;;200;0.50000000;0;460;;;;;;;;
1759;09805432-f237-4e85-9699-70b2cf1ffcd1;0;;192;0.80000000;0;460;;;;;;;;
1760;61e3bb9d-73bd-4c61-add8-93d233ce4b1d;0;;235;3.00000000;0;460;;;;;;;;
1761;cf279b61-cfb7-4e68-8251-7df2c1e8b483;0;;233;1.00000000;0;461;;;;;;;;
1762;e843818f-8a05-4080-b83f-d010751e890c;0;;232;1.00000000;0;461;;;;;;;;
1763;31690331-e754-4d6a-881f-5a5fd6ff97a6;0;;231;1.50000000;0;461;;;;;;;;
1764;92d59803-bd5e-421c-9cc5-852239df404c;0;;30;0.15000000;0;461;;;;;;;;
1765;3413b649-e91f-4e20-81dd-dc8c7fa7ac98;0;;186;0.65000000;0;461;;;;;;;;
1766;b6a6e0da-5958-4d4a-9abd-73e83593f8b4;0;;390;0.25000000;0;461;;;;;;;;
1767;a9f995b1-b18d-442d-954f-367a4d78ea2d;0;;118;4.00000000;0;461;;;;;;;;
1768;a34b223f-711d-40a2-9f44-01bf6b1fb700;0;;148;4.00000000;0;461;;;;;;;;
1769;efecb75b-0667-4a38-b602-38423bc771ef;0;;15;4.00000000;0;461;;;;;;;;
1770;a4ca4077-6524-46ea-9767-0ef3f017d9d2;0;;200;0.25000000;0;461;;;;;;;;
1771;60c1bc03-c092-437c-8d7e-ca37e4326ea7;0;;192;0.50000000;0;461;;;;;;;;
1772;2755e165-6f70-47c8-9b39-88b1734f954b;0;;235;1.00000000;0;461;;;;;;;;
1773;10e1e916-348f-4d96-804e-43af429828e6;0;;235;1.00000000;0;464;;;;;;;;
1774;d4961273-7267-46a2-bac6-88a41e21058a;0;;231;2.00000000;0;464;;;;;;;;
1775;bcd4fdbd-60bc-47c1-8f8d-8311a04bf6ca;0;;232;1.00000000;0;464;;;;;;;;
1776;1c23fc69-97d9-457a-b895-bdc567b0197d;0;;233;1.00000000;0;464;;;;;;;;
1777;e8f1f42f-19eb-4779-a0a7-0aaf5162f8a0;0;;28;0.20000000;0;464;;;;;;;;
1778;e2cd2a71-c8ce-4e05-a99f-b2189be24996;0;;191;1.00000000;0;464;;;;;;;;
1779;a052a08f-9b8e-4cb9-bfa5-2ec732d9fd63;0;;202;1.00000000;0;464;;;;;;;;
1780;4c305fd9-f982-416e-9c78-559e8d2a868d;0;;309;4.00000000;0;464;;;;;;;;
1781;0432ac2a-dbd9-49ef-aada-4b70db6200d2;0;;106;4.00000000;0;464;;;;;;;;
1784;282a90f8-57f2-4a93-974c-ed9369b22a7f;0;;19;4.00000000;0;465;;;;;;;;
1785;5473a4b9-69fc-4dda-a499-b8b53ef6b283;0;;30;0.25000000;0;465;;;;;;;;
1786;3e292952-b8dc-45cd-b7a3-8f03930360bb;0;;235;2.00000000;0;465;;;;;;;;
1787;71b637ce-873e-491a-af3c-d3587efe15c3;0;;231;3.00000000;0;465;;;;;;;;
1788;bca3db4e-637f-4aeb-91f4-f0bd528d0a0f;0;;232;2.00000000;0;465;;;;;;;;
1789;3c83d81c-fd29-4374-b21d-f422aeeb2d93;0;;233;1.00000000;0;465;;;;;;;;
1791;bca63243-af4c-43d1-86d8-5710ebac7cdf;0;;395;1.00000000;0;466;;;;;;;;
1792;668e20bf-e5d4-41a7-a331-b0e9423cba2e;0;;464;1.00000000;0;466;;;;;;;;
1801;a6cfe186-0186-4c09-91e4-d549bdd74586;0;;465;1.00000000;0;467;;;;;;;;
1802;ef8f3265-96dc-4a58-bf07-10c8ef58d7e1;0;;427;1.00000000;0;467;;;;;;;;
1803;ac180da3-4182-44c0-9e92-1a1db26bb756;0;;118;4.00000000;0;468;;;;;;;;
1804;9d9563c2-8080-4ad8-b935-83e5540c95c1;0;;132;4.00000000;0;468;;;;;;;;
1805;6f81b9a7-86de-4b54-a926-11758b2e1481;0;;30;0.15000000;0;468;;;;;;;;
1806;04893b4c-8ce8-4ca2-9fab-f5d9fe0ed91c;0;;192;0.40000000;0;468;;;;;;;;
1808;56be96f0-6245-402d-86fa-892e15c3dba5;0;;235;0.50000000;0;468;;;;;;;;
1809;80a18fe6-952b-42c4-a32b-415c1a1dcdcd;0;;231;0.50000000;0;468;;;;;;;;
1998;;0;;;;;;;;;;;;;
1999;;0;;;;;;;;;;;;;
1810;bf24be40-752b-4411-ab49-9e3e7f622247;0;;232;0.70000000;0;468;;;;;;;;
1811;3b2f221b-a61d-4285-ae13-639507e8e04e;0;;233;0.50000000;0;468;;;;;;;;
1812;e1051f2b-704e-4dee-a7d0-71f44bba3a63;0;;149;4.00000000;0;468;;;;;;;;
1815;825a0d32-c7b9-4d73-8f34-2cd24f30be09;0;;208;0.45000000;0;468;;;;;;;;
1816;182dcf6a-f3ad-42c1-9728-95311d807f76;0;;175;0.20000000;0;468;;;;;;;;
1814;737232d8-bbde-4bdf-a0b6-497bc92407e6;10;;13;4.00000000;1;468;0.00000000;0;f;;0.00000000;f;0;0.00000000
1813;4af46b87-2e36-4a8d-a238-9c47b3fbead7;0;;333;4.00000000;1;;0.00000000;0;f;;0.00000000;f;0;0.00000000
1817;8ad9f266-2ee9-4577-8a56-5d4c78760fcc;13;;333;4.00000000;0;468;0.00000000;1;f;;0.00000000;f;0;0.00000000
1818;;1;;;;;;;;;;;;;
1819;;1;;;;;;;;;;;;;
1820;2cf27f12-7bd2-4cba-8563-3cc844bbc60d;1;;233;3.00000000;0;1;0.00000000;0;f;;0.00000000;f;0;0.00000000
1821;fab62caa-9924-41db-b3bf-6159abf89d7f;2;;232;3.00000000;0;1;0.00000000;0;f;;0.00000000;f;0;0.00000000
1822;79a7aaef-b24f-4e67-ab54-bb0fc3aa753f;3;;231;4.00000000;0;1;0.00000000;0;f;;0.00000000;f;0;0.00000000
1823;e398ca19-6d3b-4f10-ba2f-565999ad8084;4;;30;0.30000000;0;1;0.00000000;0;f;;0.00000000;f;0;0.00000000
1831;375ad3fc-d5f9-4e19-bacc-985761ed4870;12;;235;3.00000000;0;1;0.00000000;0;f;;0.00000000;f;0;0.00000000
1844;daedba14-08de-4473-b6c7-c1e1afb6c8a3;13;;105;8.00000000;0;1;0.00000000;1;f;;0.00000000;f;0;0.00000000
1829;711a0a01-7d2d-40b8-8a68-edce16129ab2;10;;200;0.40000000;1;1;0.00000000;0;f;;0.00000000;f;0;0.00000000
1830;ce3d5973-2049-4c28-9c29-bb33a6aa147c;11;;192;0.50000000;1;1;0.00000000;0;f;;0.00000000;f;0;0.00000000
1827;126a96f1-31c6-4d2a-9e55-673432814366;8;;148;4.00000000;1;1;0.00000000;0;f;;0.00000000;f;0;0.00000000
1826;faf32906-6272-4dda-b7ed-fd5da6dfcff7;7;;118;4.00000000;1;1;0.00000000;0;f;;0.00000000;f;0;0.00000000
1825;f830666f-ec26-4b75-8224-f73c1d6fb098;6;;390;0.30000000;1;1;0.00000000;0;f;;0.00000000;f;0;0.00000000
1824;3526c6a6-7b68-4cdd-be90-07c0b51fdb9c;5;;186;0.80000000;1;1;0.00000000;0;f;;0.00000000;f;0;0.00000000
1828;5631c427-f551-4ca0-a42a-4864f76f550c;9;;15;4.00000000;1;1;0.00000000;0;f;;0.00000000;f;0;0.00000000
1845;;0;;;;;;;;;;;;;
1846;b8bc5b34-1707-4b9b-98ec-4dea7ad46069;0;;307;0.00000000;0;;0.00000000;1;f;;0.00000000;f;0;0.00000000
1847;5ec8e2e7-c4b8-46ce-b6a4-eb1c473ebf29;3;;307;0.50000000;0;45;0.00000000;1;f;;0.00000000;f;0;0.00000000
1848;89753c71-e248-48d3-911f-ea509ebe51dd;4;;232;1.00000000;0;45;0.00000000;1;f;;0.00000000;f;0;0.00000000
1849;571a8266-fde0-4393-bbd0-11ed741c026e;5;;233;1.00000000;0;45;0.00000000;1;f;;0.00000000;f;0;0.00000000
537;88a1b56f-afc8-4c22-998f-397d08665dae;0;;264;0.00000000;1;;0.00000000;0;f;;0.00000000;f;0;0.00000000
957;f45527d9-ebf0-45f9-8a89-0d6942dd3f6f;3;;175;0.25000000;1;;0.00000000;0;f;;0.00000000;f;0;0.00000000
535;f0186c40-ae9f-49bb-aedc-aa7e9bf13942;2;;232;1.00000000;1;;0.00000000;0;f;;0.00000000;f;0;0.00000000
1621;7becee54-cda3-45da-93e2-93308cfc389b;0;;336;4.00000000;1;;0.00000000;0;f;;0.00000000;f;0;0.00000000
186;19e4b6d3-61ac-4775-945c-96fbbe8ebffc;0;;19;4.00000000;1;62;0.00000000;0;f;;0.00000000;f;0;0.00000000
1851;;32;;;;;;;;;;;;;
1852;;13;;;;;;;;;;;;;
1855;eb4b838f-e799-4dc1-af52-57a2b2073258;3;;181;0.03800000;0;3;0.00000000;0;f;;0.00000000;f;0;0.00000000
1856;0e3152cf-2519-4aa6-b620-63b7142152af;4;;231;0.10000000;0;3;0.00000000;0;f;;0.00000000;f;0;0.00000000
1857;17507539-f570-4433-a939-162e361fc216;5;;232;0.10000000;0;3;0.00000000;0;f;;0.00000000;f;0;0.00000000
1858;887e34dc-3fbf-4b64-ad68-54a2a26ae9b3;6;;233;0.10000000;0;3;0.00000000;0;f;;0.00000000;f;0;0.00000000
1859;fda8d2af-db07-40de-80b3-1f08f778379a;6;;28;0.15000000;0;3;0.00000000;1;f;;0.00000000;f;0;0.00000000
1854;84a642a1-87a7-4ccd-b5ed-230159d2f54a;5;;212;0.36500000;1;3;0.00000000;0;f;;0.00000000;f;0;0.00000000
1853;d3c469a9-7281-4074-b10f-69c95254d630;1;;30;0.12000000;1;;0.00000000;0;f;;0.00000000;f;0;0.00000000
1860;;8;;;;;;;;;;;;;
1861;;2;;;;;;;;;;;;;
1862;;0;;;;;;;;;;;;;
1863;;8;;;;;;;;;;;;;
1864;;8;;;;;;;;;;;;;
1865;;8;;;;;;;;;;;;;
1866;;0;;;;;;;;;;;;;
1867;;32;;;;;;;;;;;;;
1868;;72;;;;;;;;;;;;;
1869;;72;;;;;;;;;;;;;
1870;;46;;;;;;;;;;;;;
1871;;20;;;;;;;;;;;;;
1872;;21;;;;;;;;;;;;;
1873;;18;;;;;;;;;;;;;
1874;;0;;;;;;;;;;;;;
1875;05e8f33a-d8cf-49fc-8e9a-343391453cad;1;;235;1.00000000;0;4;0.00000000;0;f;;0.00000000;f;0;0.00000000
1876;471301ce-dd4a-464c-b484-b959437eb764;2;;231;2.00000000;0;4;0.00000000;0;f;;0.00000000;f;0;0.00000000
1877;18c04b16-740a-4ee7-8aaa-2ae5d858271a;3;;232;1.00000000;0;4;0.00000000;0;f;;0.00000000;f;0;0.00000000
1878;00eed576-bbdc-46cd-a3a2-cb469e018ccc;4;;233;1.00000000;0;4;0.00000000;0;f;;0.00000000;f;0;0.00000000
1879;f91a2130-c037-474b-b4ee-d94a13e1c71d;5;;32;0.20000000;0;4;0.00000000;0;f;;0.00000000;f;0;0.00000000
1881;5078bb31-09f0-41a3-aa94-dae95af42db3;7;;186;0.50000000;0;4;0.00000000;0;f;;0.00000000;f;0;0.00000000
1883;ed719109-4c21-4794-ae6a-e672d5fdafac;9;;196;0.10000000;0;4;0.00000000;1;f;;0.00000000;f;0;0.00000000
1882;8dfbebee-8f8b-4f38-a8d4-0f75fd8ac42e;8;;19;4.00000000;1;4;0.00000000;0;f;;0.00000000;f;0;0.00000000
2000;;0;;;;;;;;;;;;;
2001;;30;;;;;;;;;;;;;
2003;;0;;;;;;;;;;;;;
2004;;30;;;;;;;;;;;;;
2005;;19000;;;;;;;;;;;;;
2006;;0;;;;;;;;;;;;;
2007;;0;;;;;;;;;;;;;
2008;;0;;;;;;;;;;;;;
1880;c53600b9-cc56-4ca7-a41c-af9f0ba3c193;6;;200;0.55000000;1;4;0.00000000;0;f;;0.00000000;f;0;0.00000000
1885;8000cbe4-fda0-41eb-89ff-3115d717c250;2;;232;1.00000000;0;5;0.00000000;0;f;;0.00000000;f;0;0.00000000
1886;98710e2c-0441-45c6-967d-c8be5b916677;3;;231;1.50000000;0;5;0.00000000;0;f;;0.00000000;f;0;0.00000000
1887;5dc5fe8e-291b-402c-9935-2a59fcd3677b;4;;30;0.15000000;0;5;0.00000000;0;f;;0.00000000;f;0;0.00000000
1890;273d8e40-2015-4183-a102-2551d1f7ce38;7;;118;4.00000000;0;5;0.00000000;0;f;;0.00000000;f;0;0.00000000
1891;7aadda04-7e9e-45e3-bfaf-4cd17f06786d;8;;148;4.00000000;0;5;0.00000000;0;f;;0.00000000;f;0;0.00000000
1892;8c24f84c-12f1-49d9-9123-094a6bdd2471;9;;15;4.00000000;0;5;0.00000000;0;f;;0.00000000;f;0;0.00000000
1894;73ff4203-1945-4cea-92cc-b776e6586328;11;;192;0.50000000;0;5;0.00000000;0;f;;0.00000000;f;0;0.00000000
1895;7e6ab300-3d67-4097-a05c-e705eb9d0bc1;12;;235;1.00000000;0;5;0.00000000;0;f;;0.00000000;f;0;0.00000000
1916;;38;;;;;;;;;;;;;
1893;7e02c94d-b13c-4d89-aedd-799c3a85f3b5;10;;200;0.35000000;2;5;0.00000000;0;f;;0.00000000;f;0;0.00000000
62;6abbf349-bdb6-43b3-88c0-71c13d64a3c9;0;;135;8.00000000;1;;0.00000000;0;f;;0.00000000;f;0;0.00000000
1917;a97f4098-fab1-4884-b99e-74ba21e24187;14;;149;8.00000000;1;78;0.00000000;1;f;;0.00000000;f;0;0.00000000
1918;ac1c1c50-3943-4cd6-b441-8c48bdf51942;8;;470;4.00000000;0;448;0.00000000;1;f;;0.00000000;f;0;0.00000000
1884;0867591f-39e5-473f-949b-6a8e80661a12;1;;233;2.00000000;1;5;0.00000000;0;f;;0.00000000;f;0;0.00000000
1888;cd9eb4dd-4e0f-4a88-86bb-050ef1c4a5de;5;;186;0.70000000;2;5;0.00000000;0;f;;0.00000000;f;0;0.00000000
1615;dde71a84-9941-4d88-9f0a-a16ed4d110f5;5;;393;0.15000000;1;448;0.00000000;0;f;;0.00000000;f;0;0.00000000
1896;a8790755-ba1b-4576-b86a-e54c8e791e5d;13;;183;0.03000000;2;5;0.00000000;1;f;;0.00000000;f;0;0.00000000
1897;98c7d915-82c4-417c-871b-20526561db18;14;;105;8.00000000;2;5;0.00000000;1;f;;0.00000000;f;0;0.00000000
1898;9f9cbd16-db4c-4f31-b965-8917743c3ee9;15;;336;4.00000000;2;5;0.00000000;1;f;;0.00000000;f;0;0.00000000
1899;a39835aa-0aa3-4aff-b89b-6d8b0057aaa4;1;;233;2.00000000;0;6;0.00000000;0;f;;0.00000000;f;0;0.00000000
1900;bca1105c-a563-4ba6-a9cb-6b1a34f7f248;2;;232;1.00000000;0;6;0.00000000;0;f;;0.00000000;f;0;0.00000000
1901;b29699e2-3491-480f-91b4-30d3b8804165;3;;231;1.50000000;0;6;0.00000000;0;f;;0.00000000;f;0;0.00000000
1902;88b4f8cf-2cb1-407d-9650-9c84375b3afd;4;;30;0.15000000;0;6;0.00000000;0;f;;0.00000000;f;0;0.00000000
1906;7ffed2af-1046-45c2-9f97-5161461d3b22;8;;148;4.00000000;0;6;0.00000000;0;f;;0.00000000;f;0;0.00000000
1907;c7f6c022-65e7-4100-9c92-148937b36f7c;9;;15;4.00000000;0;6;0.00000000;0;f;;0.00000000;f;0;0.00000000
1909;84016936-7d29-44a2-9f45-c33f1314c2d9;11;;192;0.50000000;0;6;0.00000000;0;f;;0.00000000;f;0;0.00000000
1910;993122f5-ff05-45ec-bddb-3e3e7109ad77;12;;235;1.00000000;0;6;0.00000000;0;f;;0.00000000;f;0;0.00000000
1911;56c0319c-8589-4ba1-a517-a9c08453afaf;13;;183;0.03000000;0;6;0.00000000;1;f;;0.00000000;f;0;0.00000000
1913;bf0d6b66-36bc-4ef9-a060-2e262f97c01d;15;;336;4.00000000;0;6;0.00000000;1;f;;0.00000000;f;0;0.00000000
1903;40fee300-d0bf-4fdf-964a-df7df97847c0;5;;186;0.33000000;1;6;0.00000000;0;f;;0.00000000;f;0;0.00000000
1908;2a6b0e67-6453-4529-8faa-7c67ce4ea400;10;;200;0.39000000;1;6;0.00000000;0;f;;0.00000000;f;0;0.00000000
1912;8ea458e5-6dc7-4d55-a703-0215800d5c33;14;;105;6.00000000;1;6;0.00000000;1;f;;0.00000000;f;0;0.00000000
1914;4ae0e3ef-ceaf-45ea-9bec-44232d6e5354;0;;201;0.00000000;0;;0.00000000;1;f;;0.00000000;f;0;0.00000000
1915;bfe5225c-a896-463a-9a4a-7f56ae33a47e;15;;201;0.30000000;0;5;0.00000000;1;f;;0.00000000;f;0;0.00000000
1889;32c2639a-749d-40ba-948d-a8e36a40ad7d;6;;390;0.30000000;2;;0.00000000;0;f;;0.00000000;f;0;0.00000000
1617;5413afba-636b-4afd-8d7b-9dbe43ec18e5;6;;235;0.50000000;1;448;0.00000000;0;f;;0.00000000;f;0;0.00000000
1618;1067d616-6a45-488f-bad4-6c313c89cb23;7;;233;1.50000000;1;448;0.00000000;0;f;;0.00000000;f;0;0.00000000
1616;05fb4fa2-f1db-4757-8b10-a07811fab5bb;0;;437;4.00000000;1;;0.00000000;0;f;;0.00000000;f;0;0.00000000
1919;346db970-4535-48e2-9728-b9e279fc1c8e;0;;201;0.00000000;0;;0.00000000;1;f;;0.00000000;f;0;0.00000000
1920;634cf8dd-2f00-4579-999a-9f3bd21aac3e;15;;201;0.30000000;0;6;0.00000000;1;f;;0.00000000;f;0;0.00000000
1905;27ac238b-17c5-4d8d-b266-3129e2b634a4;9;;118;4.00000000;1;6;0.00000000;0;f;;0.00000000;f;0;0.00000000
1904;3fd51f52-79cb-4872-8861-bc44d940c8e2;6;;390;0.20000000;2;;0.00000000;0;f;;0.00000000;f;0;0.00000000
1921;;61;;;;;;;;;;;;;
1922;;111;;;;;;;;;;;;;
1923;;1;;;;;;;;;;;;;
1924;;1;;;;;;;;;;;;;
1925;;12;;;;;;;;;;;;;
1926;;12;;;;;;;;;;;;;
1927;;8;;;;;;;;;;;;;
1928;;5;;;;;;;;;;;;;
1665;c9064487-4f02-4392-b0ca-bddee90c61ba;0;;34;1.00000000;1;;0.00000000;0;f;;0.00000000;f;0;0.00000000
1929;;1;;;;;;;;;;;;;
1930;;1;;;;;;;;;;;;;
1931;;1;;;;;;;;;;;;;
1932;;1;;;;;;;;;;;;;
1933;;1;;;;;;;;;;;;;
1934;;10;;;;;;;;;;;;;
1935;;20;;;;;;;;;;;;;
1936;;20;;;;;;;;;;;;;
1937;;10;;;;;;;;;;;;;
1938;;8;;;;;;;;;;;;;
1939;;10;;;;;;;;;;;;;
1940;;30;;;;;;;;;;;;;
1941;;20;;;;;;;;;;;;;
1942;;15;;;;;;;;;;;;;
1945;2dd11518-aa07-4f16-a884-155871ba6049;21;;149;4.00000000;0;444;0.00000000;1;f;;0.00000000;f;0;0.00000000
1946;;0;;;;;;;;;;;;;
1947;;0;;;;;;;;;;;;;
1948;;0;;;;;;;;;;;;;
2009;;0;;;;;;;;;;;;;
2012;;0;;;;;;;;;;;;;
2015;;30;;;;;;;;;;;;;
2018;;0;;;;;;;;;;;;;
2021;;0;;;;;;;;;;;;;
2024;;30;;;;;;;;;;;;;
2027;;0;;;;;;;;;;;;;
2029;;44;;;;;;;;;;;;;
2035;;1;;;;;;;;;;;;;
2038;;6;;;;;;;;;;;;;
2042;;3;;;;;;;;;;;;;
2045;;0;;;;;;;;;;;;;
2048;;0;;;;;;;;;;;;;
2050;;11;;;;;;;;;;;;;
2010;;0;;;;;;;;;;;;;
2013;;60;;;;;;;;;;;;;
2016;;30;;;;;;;;;;;;;
2019;;0;;;;;;;;;;;;;
2022;;0;;;;;;;;;;;;;
2025;;0;;;;;;;;;;;;;
2030;;0;;;;;;;;;;;;;
2032;;190000;;;;;;;;;;;;;
2033;;3;;;;;;;;;;;;;
2036;;0;;;;;;;;;;;;;
2039;;0;;;;;;;;;;;;;
2041;;11;;;;;;;;;;;;;
2043;;2;;;;;;;;;;;;;
2046;;0;;;;;;;;;;;;;
2049;;0;;;;;;;;;;;;;
2011;;0;;;;;;;;;;;;;
2014;;30;;;;;;;;;;;;;
2017;;0;;;;;;;;;;;;;
2020;;0;;;;;;;;;;;;;
2023;;0;;;;;;;;;;;;;
2026;;0;;;;;;;;;;;;;
2028;;30;;;;;;;;;;;;;
2031;;11;;;;;;;;;;;;;
2034;;2;;;;;;;;;;;;;
2037;;0;;;;;;;;;;;;;
2040;;0;;;;;;;;;;;;;
2044;;1;;;;;;;;;;;;;
2047;;6;;;;;;;;;;;;;
2051;;22;;;;;;;;;;;;;
2052;;6;;;;;;;;;;;;;
2053;;0;;;;;;;;;;;;;
2054;;5000000;;;;;;;;;;;;;
2055;;0;;;;;;;;;;;;;
2056;;15;;;;;;;;;;;;;
2057;;15;;;;;;;;;;;;;
2058;;2724;;;;;;;;;;;;;
2059;efb8571d-2d64-4771-86e6-6203daa0ba6f;11;;149;4.00000000;0;65;0.00000000;1;f;;0.00000000;f;0;0.00000000
15;173e7e59-755a-461b-a314-3f8b6fbc4172;0;;135;4.00000000;1;;0.00000000;0;f;;0.00000000;f;0;0.00000000
2060;;0;;;;;;;;;;;;;
2061;;1;;;;;;;;;;;;;
508;09cc40ef-eee9-4c7a-b2c8-ebf59f2804b7;5;;171;0.28000000;2;;0.00000000;0;f;;0.00000000;f;0;0.00000000
2062;bb9aad8d-00c6-4a6c-a961-baa83d6bf187;1;;491;0.66666660;2;469;0.00000000;1;f;;0.00000000;f;0;0.00000000
2066;7431d6e2-73c6-4a3b-a55d-f9e0f7b45afd;5;;231;2.00000000;1;469;0.00000000;1;f;;0.00000000;f;0;0.00000000
2067;eece475c-afa1-4e11-91d1-97f74111080b;6;;232;2.00000000;1;469;0.00000000;1;f;;0.00000000;f;0;0.00000000
2068;4abf98ed-016a-4e79-92a6-d1ffd8adbafb;7;;233;2.00000000;1;469;0.00000000;1;f;;0.00000000;f;0;0.00000000
2069;f071a6e2-e89b-499a-81d7-58f5f7ee0b24;8;;235;1.00000000;1;469;0.00000000;1;f;;0.00000000;f;0;0.00000000
2109;f11b0686-ac97-42ad-b4ba-9f559fe2d980;1;;99;1.00000000;1;470;0.00000000;1;f;;0.00000000;f;0;0.00000000
2071;;7;;;;;;;;;;;;;
1148;e1c4cd95-ef9f-4de9-8671-b8cf00cc2f0c;0;;68;1.00000000;1;386;0.00000000;0;t;;0.00000000;f;0;0.00000000
1151;b821251b-31e0-4d76-b7f9-2e1cf3f97f54;0;;244;1.00000000;1;386;0.00000000;0;t;;0.00000000;f;0;0.00000000
1152;f385c6aa-6bc2-406f-ba45-061d42d872c8;0;;374;1.00000000;1;386;0.00000000;0;t;;0.00000000;f;0;0.00000000
2072;;7;;;;;;;;;;;;;
2073;;1260;;;;;;;;;;;;;
2074;;1;;;;;;;;;;;;;
2075;;7;;;;;;;;;;;;;
2076;;1;;;;;;;;;;;;;
2077;;22;;;;;;;;;;;;;
2078;;2;;;;;;;;;;;;;
2079;;19;;;;;;;;;;;;;
2080;;20;;;;;;;;;;;;;
2081;;1;;;;;;;;;;;;;
2082;;7;;;;;;;;;;;;;
2083;;1;;;;;;;;;;;;;
2084;;1;;;;;;;;;;;;;
2085;;26;;;;;;;;;;;;;
2086;;12;;;;;;;;;;;;;
2087;;12;;;;;;;;;;;;;
2088;;7;;;;;;;;;;;;;
2089;;7;;;;;;;;;;;;;
2090;;2;;;;;;;;;;;;;
2091;;1;;;;;;;;;;;;;
2092;;1;;;;;;;;;;;;;
2093;;0;;;;;;;;;;;;;
2094;;0;;;;;;;;;;;;;
2095;;4;;;;;;;;;;;;;
2096;;0;;;;;;;;;;;;;
2097;;0;;;;;;;;;;;;;
2098;;7;;;;;;;;;;;;;
2099;;7;;;;;;;;;;;;;
2100;;7;;;;;;;;;;;;;
2101;;7;;;;;;;;;;;;;
2102;;7;;;;;;;;;;;;;
2103;;7;;;;;;;;;;;;;
2104;;7;;;;;;;;;;;;;
2105;;7;;;;;;;;;;;;;
2106;;7;;;;;;;;;;;;;
2107;;7;;;;;;;;;;;;;
2108;97b030fd-fa46-4932-a96c-634b3841f7e7;0;;245;0.00000000;0;;0.00000000;1;f;;0.00000000;f;0;0.00000000
2112;56974daa-36d7-468a-aae2-1abd7f627bef;4;;287;1.00000000;1;470;0.00000000;1;f;;0.00000000;f;0;0.00000000
2111;bcf07230-fcb9-4b24-8c56-b1a49ecf731b;3;;56;1.00000000;1;470;0.00000000;1;f;;0.00000000;f;0;0.00000000
2110;e3ed962b-93eb-4144-a55c-f9b62e69b7c9;2;;495;1.00000000;1;470;0.00000000;1;f;;0.00000000;f;0;0.00000000
2113;;1;;;;;;;;;;;;;
2114;;1;;;;;;;;;;;;;
2115;;1;;;;;;;;;;;;;
2116;95e8f240-4ee7-4df2-8cd6-8e9c91a28f13;14;;149;8.00000000;0;260;0.00000000;1;f;;0.00000000;f;0;0.00000000
521;35e80aed-f961-4565-93b6-3dbed032b14e;0;;135;8.00000000;1;;0.00000000;0;f;;0.00000000;f;0;0.00000000
2117;fba89195-4f00-426f-8361-10479926ba44;12;;149;8.00000000;0;289;0.00000000;1;f;;0.00000000;f;0;0.00000000
753;f62c9bb5-c723-4d4c-a019-ac3fa3de95ea;5;;30;0.01000000;1;289;0.00000000;0;f;;0.00000000;f;0;0.00000000
750;cc8c2ad9-8674-4597-b92e-72dedcc3a814;0;;135;8.00000000;1;;0.00000000;0;f;;0.00000000;f;0;0.00000000
2118;5fafa8d0-fa65-4220-a14e-6da43231650a;14;;149;8.00000000;0;259;0.00000000;1;f;;0.00000000;f;0;0.00000000
507;afd63773-3e70-4ca6-b03a-9a0b6ab3513e;0;;135;8.00000000;1;;0.00000000;0;f;;0.00000000;f;0;0.00000000
2121;43e18383-780a-4d07-9bf6-49238fe82418;3;;495;1.00000000;1;471;0.00000000;1;f;;0.00000000;f;0;0.00000000
2120;645566df-2600-4efa-9236-34266324815b;2;;287;1.00000000;1;471;0.00000000;1;f;;0.00000000;f;0;0.00000000
2119;75543948-ff07-49a2-8cb4-dec109fc26e0;1;;62;1.00000000;2;471;0.00000000;1;f;;0.00000000;f;0;0.00000000
2122;;1;;;;;;;;;;;;;
2123;;1;;;;;;;;;;;;;
2124;;1;;;;;;;;;;;;;
2125;;10;;;;;;;;;;;;;
2126;;10;;;;;;;;;;;;;
2127;;10;;;;;;;;;;;;;
2128;;10;;;;;;;;;;;;;
2129;;10;;;;;;;;;;;;;
2130;;5;;;;;;;;;;;;;
2131;d33cad0a-248d-48f8-820b-0794cea070d5;0;;177;0.00000000;0;;0.00000000;1;f;;0.00000000;f;0;0.00000000
2135;e7bfcb34-48a0-4c5c-ba1f-a0d5c2a2e226;4;;234;2.00000000;1;472;0.00000000;1;f;;0.00000000;f;0;0.00000000
2134;2152f022-7480-429b-81d4-ad3ef6b0dca5;3;;232;1.00000000;1;472;0.00000000;1;f;;0.00000000;f;0;0.00000000
2132;925067e5-7817-4450-8229-0f2125f9cc01;1;;30;0.10000000;1;472;0.00000000;1;f;;0.00000000;f;0;0.00000000
2133;692ce99d-6708-4bc9-982d-4190f04b09b1;2;;188;0.50000000;1;472;0.00000000;1;f;;0.00000000;f;0;0.00000000
2136;;25;;;;;;;;;;;;;
2137;;19;;;;;;;;;;;;;
2138;;25;;;;;;;;;;;;;
2139;;25;;;;;;;;;;;;;
2140;;25;;;;;;;;;;;;;
2141;;19;;;;;;;;;;;;;
2142;;25;;;;;;;;;;;;;
2143;;25;;;;;;;;;;;;;
2144;;0;;;;;;;;;;;;;
2145;;100;;;;;;;;;;;;;
2146;;100;;;;;;;;;;;;;
2147;;8;;;;;;;;;;;;;
2148;;1;;;;;;;;;;;;;
2149;;22;;;;;;;;;;;;;
2150;;1;;;;;;;;;;;;;
2151;;43;;;;;;;;;;;;;
2152;;4;;;;;;;;;;;;;
2153;;6;;;;;;;;;;;;;
2154;;11;;;;;;;;;;;;;
1782;e2212783-2b20-4ecf-9a7a-c6b1d6982771;0;;192;1.30000000;1;465;0.00000000;0;f;;0.00000000;f;0;0.00000000
1783;55bdc0e2-c211-4ad1-aea0-b1b39e4dd9b0;0;;118;8.00000000;1;465;0.00000000;0;f;;0.00000000;f;0;0.00000000
2155;25e4ed56-a5ba-4a6e-9dac-a06a5c9c1cbe;13;;149;8.00000000;0;88;0.00000000;1;f;;0.00000000;f;0;0.00000000
2156;;2;;;;;;;;;;;;;
2157;;1;;;;;;;;;;;;;
2158;c1a8558e-ff04-4942-80d7-13596ea8bb09;13;;149;8.00000000;0;283;0.00000000;1;f;;0.00000000;f;0;0.00000000
711;01d33697-7506-4ae8-ae35-409f1850cf6b;0;;135;8.00000000;1;;0.00000000;0;f;;0.00000000;f;0;0.00000000
2159;;50;;;;;;;;;;;;;
2160;;9;;;;;;;;;;;;;
2161;;50;;;;;;;;;;;;;
2162;;32;;;;;;;;;;;;;
2163;;0;;;;;;;;;;;;;
2164;;32;;;;;;;;;;;;;
2165;;8;;;;;;;;;;;;;
2166;;0;;;;;;;;;;;;;
2167;;21;;;;;;;;;;;;;
2168;;32;;;;;;;;;;;;;
2169;1f4c82a6-fd15-4cd2-bcb0-0b0918714eb7;0;;106;0.00000000;0;;0.00000000;1;f;;0.00000000;f;0;0.00000000
2173;2ae24ca3-05dc-4a33-be8a-b0cc9ca453d9;4;;142;4.00000000;1;473;0.00000000;1;f;;0.00000000;f;0;0.00000000
2174;34fb7b58-cbb0-406b-bb25-1de79811678e;5;;138;4.00000000;1;473;0.00000000;1;f;;0.00000000;f;0;0.00000000
2625;;54;;;;;;;;;;;;;
2959;;78;;;;;;;;;;;;;
2961;;0;;;;;;;;;;;;;
2183;c9c5b19e-f60b-4e04-b8d3-b2cf49627111;13;;149;4.00000000;0;417;0.00000000;1;f;;0.00000000;f;0;0.00000000
2177;e8db1077-4e8b-4ccb-9f1a-a0a93c212e23;8;;231;2.00000000;1;473;0.00000000;1;f;;0.00000000;f;0;0.00000000
2172;49c88e76-2e75-4b2b-aeda-467ba0721395;3;;106;4.00000000;2;;0.00000000;1;f;;0.00000000;f;0;0.00000000
2171;ff91e77a-56ea-435a-b081-482e009bb270;2;;175;0.25000000;1;473;0.00000000;1;f;;0.00000000;f;0;0.00000000
2170;d5cc6ac4-dcf1-4a27-a006-996f41119ce3;1;;190;0.80000000;1;473;0.00000000;1;f;;0.00000000;f;0;0.00000000
2175;19a0f62a-085f-42f8-b196-b5c66044bda0;6;;149;4.00000000;1;473;0.00000000;1;f;;0.00000000;f;0;0.00000000
2179;502f28c7-4eb7-456f-83e7-95a368766973;10;;233;2.00000000;2;473;0.00000000;1;f;;0.00000000;f;0;0.00000000
2182;5b7d16b5-211b-4d4c-acfd-eb4fb2c87690;12;;149;8.00000000;0;279;0.00000000;1;f;;0.00000000;f;0;0.00000000
660;fbde45c8-0603-4b78-bbcb-4a75bd876062;0;;135;8.00000000;1;;0.00000000;0;f;;0.00000000;f;0;0.00000000
1351;ead11f1d-1942-4e3a-a640-54541a091e72;0;;135;4.00000000;1;;0.00000000;0;f;;0.00000000;f;0;0.00000000
2187;fd072a2b-3bc5-4377-bbe4-b68c1eeea055;4;;142;4.00000000;1;474;0.00000000;1;f;;0.00000000;f;0;0.00000000
2195;f3ff99db-aaba-410f-8949-d4e01ff890e5;1;;17;8.00000000;0;475;0.00000000;0;f;;0.00000000;f;0;0.00000000
2193;d2f09c34-e3bc-4cc6-9a1a-91598ab0c053;10;;234;2.00000000;1;474;0.00000000;1;f;;0.00000000;f;0;0.00000000
2194;3a449ccc-82ba-4b63-8c4c-f5f1bf18d116;11;;235;2.00000000;1;474;0.00000000;1;f;;0.00000000;f;0;0.00000000
2191;db4c5ed7-4b72-4e4a-8cf3-89d9ec782d01;8;;232;2.00000000;1;474;0.00000000;1;f;;0.00000000;f;0;0.00000000
2192;11978003-5ad8-48c0-8630-bb18de2f23d0;9;;233;2.00000000;1;474;0.00000000;1;f;;0.00000000;f;0;0.00000000
2190;775f1d00-98c3-4d04-82da-065a71818638;7;;231;2.00000000;1;474;0.00000000;1;f;;0.00000000;f;0;0.00000000
2186;1adca622-a4eb-4e6b-a796-5a07b792a89b;3;;19;4.00000000;1;474;0.00000000;1;f;;0.00000000;f;0;0.00000000
2185;d398acf8-d9bf-4ce8-a62c-5ab87af67fd0;2;;175;0.35000000;1;474;0.00000000;1;f;;0.00000000;f;0;0.00000000
2184;612121b0-ea67-42ac-91e7-d95dcd57774a;1;;190;1.00000000;1;474;0.00000000;1;f;;0.00000000;f;0;0.00000000
2189;b970d089-fae6-48a6-9d53-f9c327f7e8d1;6;;149;8.00000000;1;474;0.00000000;1;f;;0.00000000;f;0;0.00000000
2188;e2e58b9b-aa1e-4d9e-a50e-c25cc60db157;5;;138;8.00000000;2;474;0.00000000;1;f;;0.00000000;f;0;0.00000000
2196;c5f592e5-0ad9-445c-a7e4-11d2b478c2c4;2;;118;4.00000000;0;475;0.00000000;0;f;;0.00000000;f;0;0.00000000
2197;bc07c486-a2b0-43a1-bbfe-c4f525e57251;3;;132;8.00000000;0;475;0.00000000;0;f;;0.00000000;f;0;0.00000000
2198;fe6f69a6-4cbe-465a-8f92-79a7749d378c;4;;19;4.00000000;0;475;0.00000000;0;f;;0.00000000;f;0;0.00000000
2199;7b521f82-1157-4a3e-a5c9-9720547beffe;5;;30;0.45000000;0;475;0.00000000;0;f;;0.00000000;f;0;0.00000000
2180;ff017539-e79f-47b3-95c9-588990c4ae87;11;;234;2.00000000;2;473;0.00000000;1;f;;0.00000000;f;0;0.00000000
2963;;39;;;;;;;;;;;;;
2964;;48;;;;;;;;;;;;;
2966;;0;;;;;;;;;;;;;
2969;;4;;;;;;;;;;;;;
2972;;261;;;;;;;;;;;;;
2974;;0;;;;;;;;;;;;;
2976;;434;;;;;;;;;;;;;
2200;8402c77f-1387-4ef9-9c82-a967da3ceba7;6;;192;1.25000000;0;475;0.00000000;0;f;;0.00000000;f;0;0.00000000
2201;51bc6ae5-ae38-4943-951d-b432ad7e7624;7;;175;0.15000000;0;475;0.00000000;0;f;;0.00000000;f;0;0.00000000
2202;b9b72e43-8d9e-433b-a87a-1dff2608449f;8;;171;0.45000000;0;475;0.00000000;0;f;;0.00000000;f;0;0.00000000
2203;c65f9df0-3536-4180-91fb-7ea12508fc55;9;;235;1.00000000;0;475;0.00000000;0;f;;0.00000000;f;0;0.00000000
2204;2c040fc7-f640-4eee-92e2-32789e576baf;10;;231;1.00000000;0;475;0.00000000;0;f;;0.00000000;f;0;0.00000000
2205;b77ea518-06be-431b-81b3-6a4dce7cfc1c;11;;232;1.00000000;0;475;0.00000000;0;f;;0.00000000;f;0;0.00000000
2206;37df1622-ab2a-4086-bffe-408bff7a2838;12;;233;1.00000000;0;475;0.00000000;0;f;;0.00000000;f;0;0.00000000
2207;b059db98-ef9b-4a05-a878-a1e33fdf2483;13;;149;8.00000000;0;475;0.00000000;1;f;;0.00000000;f;0;0.00000000
2208;6c29b50f-4d3c-4d00-85ca-1153d86bcc8e;0;;106;4.00000000;3;;0.00000000;1;f;;0.00000000;f;0;0.00000000
2210;577e0527-ca33-4155-b2a7-6e47f149a99b;0;;106;0.00000000;1;;0.00000000;1;f;;0.00000000;f;0;0.00000000
2209;f0b51c0e-e5cd-4f52-95ea-de24128be410;12;;105;4.00000000;3;474;0.00000000;1;f;;0.00000000;f;0;0.00000000
2176;6eee6489-8f23-4263-8600-84c6e56655f4;6;;19;4.00000000;2;473;0.00000000;1;f;;0.00000000;f;0;0.00000000
2211;50d0be51-5adf-4693-b845-0ee02d1b14cb;12;;105;4.00000000;2;473;0.00000000;1;f;;0.00000000;f;0;0.00000000
2212;a8766a07-ce5c-4985-b107-05816aeb4b3a;1;;190;0.50000000;1;476;0.00000000;1;f;;0.00000000;f;0;0.00000000
2230;;373;;;;;;;;;;;;;
2232;;497;;;;;;;;;;;;;
2234;;99;;;;;;;;;;;;;
2236;;99;;;;;;;;;;;;;
2239;bb1c7349-19c5-4341-a8b0-43d4fe498a26;13;;30;0.15000000;0;473;0.00000000;1;f;;0.00000000;f;0;0.00000000
2181;df5749f1-c4aa-4e41-b36d-e6a3244fa4ac;12;;235;2.00000000;2;473;0.00000000;1;f;;0.00000000;f;0;0.00000000
2178;8a98ed33-39ad-462c-a0bb-947db51d8e61;9;;232;2.00000000;2;473;0.00000000;1;f;;0.00000000;f;0;0.00000000
2213;90c6fd76-66a9-463d-aefe-aebb0801e745;2;;175;0.25000000;0;476;0.00000000;1;f;;0.00000000;f;0;0.00000000
2214;0bfa173e-b348-4e01-b85e-0fc388131345;3;;142;4.00000000;0;476;0.00000000;1;f;;0.00000000;f;0;0.00000000
2215;add912da-e922-4935-8a60-03a134092a96;4;;138;4.00000000;0;476;0.00000000;1;f;;0.00000000;f;0;0.00000000
2216;bccf74ed-14db-4405-8151-b1a4175b8ad8;5;;19;4.00000000;0;476;0.00000000;1;f;;0.00000000;f;0;0.00000000
2217;b5451045-6abe-43e0-8dd5-cc33ea61003c;6;;149;4.00000000;0;476;0.00000000;1;f;;0.00000000;f;0;0.00000000
2218;c1cfc493-f303-495e-a754-7b6d03d537e7;7;;231;2.00000000;0;476;0.00000000;1;f;;0.00000000;f;0;0.00000000
2219;1700212d-e835-4f12-b757-99cc39b3dae5;8;;232;1.00000000;0;476;0.00000000;1;f;;0.00000000;f;0;0.00000000
2220;d547b625-2005-4024-be78-596df900ec21;9;;233;2.00000000;0;476;0.00000000;1;f;;0.00000000;f;0;0.00000000
2221;20057d21-3fd5-440f-aeaa-aa292d317187;10;;234;1.00000000;0;476;0.00000000;1;f;;0.00000000;f;0;0.00000000
2222;d041481f-3849-4f67-b91f-78c4fe238f81;11;;105;4.00000000;0;476;0.00000000;1;f;;0.00000000;f;0;0.00000000
2223;a1ac7b0f-4000-4bb5-9776-35aeaabe8df3;12;;235;1.00000000;0;476;0.00000000;1;f;;0.00000000;f;0;0.00000000
2224;32ceaf4d-3f04-46b9-a88c-8cb949be6477;1;;234;1.00000000;0;477;0.00000000;0;f;;0.00000000;f;0;0.00000000
2225;2c9abdad-5119-463d-a6d9-c1709c454b2c;2;;232;2.00000000;0;477;0.00000000;0;f;;0.00000000;f;0;0.00000000
2226;2e2c0133-a98c-432f-a86f-fdaa10383854;3;;30;0.12000000;0;477;0.00000000;0;f;;0.00000000;f;0;0.00000000
2227;b74ad8f9-a2dc-4b84-9c84-5ac81b2d8e31;4;;233;1.00000000;0;477;0.00000000;0;f;;0.00000000;f;0;0.00000000
2228;0db57384-911f-491e-aca3-8a2fd5cdd058;5;;307;0.25000000;0;477;0.00000000;0;f;;0.00000000;f;0;0.00000000
2229;;497;;;;;;;;;;;;;
2231;;497;;;;;;;;;;;;;
2233;;1;;;;;;;;;;;;;
2235;;199;;;;;;;;;;;;;
2237;;497;;;;;;;;;;;;;
2238;;45;;;;;;;;;;;;;
2240;;4;;;;;;;;;;;;;
2241;;3;;;;;;;;;;;;;
2242;;400;;;;;;;;;;;;;
2243;dfe1b390-cc94-48da-945e-5e59ac3de056;1;;118;8.00000000;0;478;0.00000000;0;f;;0.00000000;f;0;0.00000000
2244;3d0bd357-8582-4c33-b843-e191d2ffa5dc;2;;192;1.30000000;0;478;0.00000000;0;f;;0.00000000;f;0;0.00000000
2245;add5733f-360a-4cc4-9517-9637903f574b;3;;19;4.00000000;0;478;0.00000000;0;f;;0.00000000;f;0;0.00000000
2246;1279f751-ead6-4f38-a0a6-5dd0059beecc;4;;30;0.25000000;0;478;0.00000000;0;f;;0.00000000;f;0;0.00000000
2247;95927fd0-ff3a-4c0f-b1be-fde71b8c66f8;5;;235;2.00000000;0;478;0.00000000;0;f;;0.00000000;f;0;0.00000000
2248;75d45efa-c7a2-478e-a333-21351aa7eed3;6;;231;3.00000000;0;478;0.00000000;0;f;;0.00000000;f;0;0.00000000
2249;41f3d161-0327-401b-8079-3a6d51215698;7;;232;2.00000000;0;478;0.00000000;0;f;;0.00000000;f;0;0.00000000
2250;366fe332-cb35-4788-9900-fdca8259ad8d;8;;233;1.00000000;0;478;0.00000000;0;f;;0.00000000;f;0;0.00000000
2251;0d87e1d5-5bed-494a-83d7-2feba3ecd49e;1;;234;2.00000000;0;479;0.00000000;0;f;;0.00000000;f;0;0.00000000
2252;e1da04a2-2e68-4adf-a625-4671a4ea1651;2;;232;1.00000000;0;479;0.00000000;0;f;;0.00000000;f;0;0.00000000
2253;5392d989-def0-46f5-b288-a14066ce5747;3;;175;0.50000000;0;479;0.00000000;0;f;;0.00000000;f;0;0.00000000
2254;f8e0a2b4-5edf-4bf4-bb0a-1656c2e5d0c0;4;;30;0.15000000;0;479;0.00000000;0;f;;0.00000000;f;0;0.00000000
2255;;2;;;;;;;;;;;;;
2256;;2;;;;;;;;;;;;;
2257;;9;;;;;;;;;;;;;
2258;;18;;;;;;;;;;;;;
2259;;39;;;;;;;;;;;;;
2260;;0;;;;;;;;;;;;;
2261;;0;;;;;;;;;;;;;
2263;a7c380ac-fbca-4be0-9ac0-8799672db2c2;2;;6;0.30000000;0;480;0.00000000;0;f;;0.00000000;f;0;0.00000000
2264;70c5040f-2540-41eb-ae37-92c683d9fb2e;3;;13;2.00000000;0;480;0.00000000;0;f;;0.00000000;f;0;0.00000000
2272;e64ee9ad-1535-4347-bdb6-428f9f7ca594;11;;32;0.15000000;0;480;0.00000000;0;f;;0.00000000;f;0;0.00000000
2273;7da6b0e4-e6bb-45bf-b3f4-56dffafe101b;12;;235;1.00000000;0;480;0.00000000;0;f;;0.00000000;f;0;0.00000000
2274;58c8c79e-2fcf-4bb7-9756-534832756654;13;;231;1.00000000;0;480;0.00000000;0;f;;0.00000000;f;0;0.00000000
2275;ab52f080-a09b-4c81-8021-913d96514c89;14;;232;1.00000000;0;480;0.00000000;0;f;;0.00000000;f;0;0.00000000
2276;e51cc725-96dc-4ee9-88df-c02442fd3f3c;15;;233;1.00000000;0;480;0.00000000;0;f;;0.00000000;f;0;0.00000000
2262;d8fc4490-5f83-4b86-a86e-8004ce81335e;14;;200;0.50000000;1;480;0.00000000;0;f;;0.00000000;f;0;0.00000000
2277;8d51befc-971b-4e93-98cf-4768e7a9d017;1;;331;4.00000000;2;481;0.00000000;1;f;;0.00000000;f;0;0.00000000
2278;475d1e8b-9486-4903-8cea-64ceacf717ba;2;;512;1.00000000;1;481;0.00000000;1;f;;0.00000000;f;0;0.00000000
2269;d178fda3-6ac0-47e8-8a91-8cc999765e76;8;;117;16.00000000;1;480;0.00000000;0;f;;0.00000000;f;0;0.00000000
2271;1c05a190-527c-4151-a2bc-42b9b1f0e2ce;10;;26;16.00000000;1;480;0.00000000;0;f;;0.00000000;f;0;0.00000000
2284;6c974bce-ff48-4f56-a614-3269474b9185;6;;192;0.95000000;1;482;0.00000000;0;f;;0.00000000;f;0;0.00000000
2279;8f3b149c-b2a7-4369-b27e-ca7ebd7a64c5;1;;19;4.00000000;0;482;0.00000000;0;f;;0.00000000;f;0;0.00000000
2280;d0ebce52-0e47-4b93-b42e-4944292a2f5a;2;;17;8.00000000;0;482;0.00000000;0;f;;0.00000000;f;0;0.00000000
2281;78076d0a-ba41-4d6e-9622-4c20f1c34e58;3;;118;4.00000000;0;482;0.00000000;0;f;;0.00000000;f;0;0.00000000
2282;b1dbf3df-00ff-4969-add4-99da4326812f;4;;132;4.00000000;0;482;0.00000000;0;f;;0.00000000;f;0;0.00000000
2283;e7f8f732-fd7e-4cef-a8f5-b726a9f75b03;5;;30;0.15000000;0;482;0.00000000;0;f;;0.00000000;f;0;0.00000000
2285;819f3a7f-693c-40a4-8e57-2c1344019a50;7;;235;0.50000000;0;482;0.00000000;0;f;;0.00000000;f;0;0.00000000
2286;f949f6b6-3b66-48a4-8d6b-234ac2e2194c;8;;231;0.50000000;0;482;0.00000000;0;f;;0.00000000;f;0;0.00000000
2287;c0f4cc23-30fe-4cd7-9dfe-cff1ae4ee44b;9;;232;0.50000000;0;482;0.00000000;0;f;;0.00000000;f;0;0.00000000
2266;12b700b9-8211-47db-9198-c6a3f4ec26ec;11;;170;0.20000000;1;480;0.00000000;0;f;;0.00000000;f;0;0.00000000
2270;50cf30ea-6524-4ae8-afa4-0119b43ee772;7;;212;0.75000000;1;480;0.00000000;0;f;;0.00000000;f;0;0.00000000
2268;3688c668-e4de-473c-9792-14272f906e28;9;;187;0.80000000;1;480;0.00000000;0;f;;0.00000000;f;0;0.00000000
2267;0e2261d6-75ac-4881-ad3a-c0413cc3f240;10;;118;20.00000000;2;480;0.00000000;0;f;;0.00000000;f;0;0.00000000
2265;00d9730b-0994-446d-b3fd-fa14d903ea6e;4;;333;4.00000000;1;;0.00000000;0;f;;0.00000000;f;0;0.00000000
2626;;0;;;;;;;;;;;;;
2627;;0;;;;;;;;;;;;;
2628;;1;;;;;;;;;;;;;
2629;;1;;;;;;;;;;;;;
2630;;1;;;;;;;;;;;;;
2631;;3;;;;;;;;;;;;;
2632;;0;;;;;;;;;;;;;
2633;;1;;;;;;;;;;;;;
2634;;1;;;;;;;;;;;;;
2635;;2;;;;;;;;;;;;;
2636;;1;;;;;;;;;;;;;
2637;;4;;;;;;;;;;;;;
2638;;0;;;;;;;;;;;;;
2639;;0;;;;;;;;;;;;;
2640;;0;;;;;;;;;;;;;
2641;;0;;;;;;;;;;;;;
2960;;4;;;;;;;;;;;;;
2962;;39;;;;;;;;;;;;;
2288;ddf7de07-70df-4aa7-b5a8-1cf6a6729f9e;10;;233;1.00000000;0;482;0.00000000;0;f;;0.00000000;f;0;0.00000000
2289;10410857-d9df-4069-bb45-628ed5b5d52a;11;;149;4.00000000;0;482;0.00000000;0;f;;0.00000000;f;0;0.00000000
2290;797665e1-fbf6-4ef8-a5b2-349d0aaa2bd8;1;;234;1.00000000;0;483;0.00000000;0;f;;0.00000000;f;0;0.00000000
2291;ed31a7f6-ede5-4993-834b-0392a74db594;2;;232;2.00000000;0;483;0.00000000;0;f;;0.00000000;f;0;0.00000000
2292;7e1a98e3-6c98-42d1-b409-49c4ef84ae25;3;;30;0.12000000;0;483;0.00000000;0;f;;0.00000000;f;0;0.00000000
2293;24bf245c-91af-4691-b158-b33e7ab28077;4;;233;1.00000000;0;483;0.00000000;0;f;;0.00000000;f;0;0.00000000
2294;d8cd8297-21f9-4ef5-a638-0da78231682c;5;;307;0.25000000;0;483;0.00000000;0;f;;0.00000000;f;0;0.00000000
2295;68ad3f21-3c57-427b-bafc-11906de04980;15;;27;4.00000000;0;480;0.00000000;1;f;;0.00000000;f;0;0.00000000
2296;da4e43d1-b2b0-4b04-8141-2f1ffa44921b;0;;19;0.00000000;0;;0.00000000;1;f;;0.00000000;f;0;0.00000000
2297;6edd102c-e323-4a80-aaa4-33a20a335a57;16;;19;4.00000000;0;480;0.00000000;1;f;;0.00000000;f;0;0.00000000
2298;fe2767ed-5928-4d43-b090-25f5d9dec72b;1;;179;1.50000000;1;484;0.00000000;1;f;;0.00000000;f;0;0.00000000
2299;caa8f46a-9476-4171-95ce-6b1d2aec706e;2;;437;12.00000000;1;484;0.00000000;1;f;;0.00000000;f;0;0.00000000
2300;a1d42877-4339-4c5a-bbc4-14460944093b;3;;231;3.00000000;1;484;0.00000000;1;f;;0.00000000;f;0;0.00000000
2301;adc1e3a4-e05b-4431-9306-f875924d2462;4;;232;1.00000000;1;484;0.00000000;1;f;;0.00000000;f;0;0.00000000
2302;01e4a1f5-11e5-47a0-ab8c-dce4a60fe212;5;;233;2.00000000;1;484;0.00000000;1;f;;0.00000000;f;0;0.00000000
2303;92ded7c4-7724-4b10-b189-a11784dbdfac;6;;235;1.00000000;1;484;0.00000000;1;f;;0.00000000;f;0;0.00000000
2304;471d4d40-17cb-43f9-b9cf-db530aa4a8ff;7;;32;0.15000000;1;484;0.00000000;1;f;;0.00000000;f;0;0.00000000
2305;;1;;;;;;;;;;;;;
2333;636521fa-17e2-4d6b-89fc-5b484be27dae;16;;179;1.65000000;1;486;0.00000000;1;f;;0.00000000;f;0;0.00000000
2307;;16;;;;;;;;;;;;;
2308;;1;;;;;;;;;;;;;
2309;;230;;;;;;;;;;;;;
2310;;1;;;;;;;;;;;;;
2311;;0;;;;;;;;;;;;;
2312;;1;;;;;;;;;;;;;
2313;;100;;;;;;;;;;;;;
2314;;20;;;;;;;;;;;;;
2315;;20;;;;;;;;;;;;;
2319;0f5c0e09-d8a9-4245-8cdd-49aa0fe6ebe8;11;;118;16.00000000;0;484;0.00000000;1;f;;0.00000000;f;0;0.00000000
2320;9f9c21f6-8839-42a1-a232-6217bd166ce9;12;;303;0.24600000;0;484;0.00000000;1;f;;0.00000000;f;0;0.00000000
2321;1ece44b2-4d5b-4900-828c-8f28f17f5472;13;;111;24.00000000;0;484;0.00000000;1;f;;0.00000000;f;0;0.00000000
2322;f7685627-1b86-4555-bc91-3b311f7d0c18;14;;143;24.00000000;0;484;0.00000000;1;f;;0.00000000;f;0;0.00000000
2323;ad27d5fd-9a95-4a5a-9f91-b718dccccd1f;15;;322;0.60000000;0;484;0.00000000;1;f;;0.00000000;f;0;0.00000000
2324;d27f4bc4-3b2c-4e16-96da-2005b4250363;16;;321;0.80000000;0;484;0.00000000;1;f;;0.00000000;f;0;0.00000000
2325;4a53e9ec-7f0d-4e5d-abd0-a4959892762b;17;;341;1.00000000;0;484;0.00000000;1;f;;0.00000000;f;0;0.00000000
2326;c1aa031e-e740-4575-a17f-15a6893933f9;18;;340;0.30000000;0;484;0.00000000;1;f;;0.00000000;f;0;0.00000000
2327;;10;;;;;;;;;;;;;
2328;;50;;;;;;;;;;;;;
2329;;20;;;;;;;;;;;;;
2330;;20;;;;;;;;;;;;;
2331;;20;;;;;;;;;;;;;
2332;;20;;;;;;;;;;;;;
2335;28c0827a-66e4-4e19-a070-cf5de9beaffd;3;;231;3.00000000;0;486;0.00000000;1;f;;0.00000000;f;0;0.00000000
2336;89158098-de2c-4a67-988a-1ec84957dc8d;4;;232;1.00000000;0;486;0.00000000;1;f;;0.00000000;f;0;0.00000000
2337;29a03099-23cc-4406-bbd8-8c4db610ea7a;5;;233;2.00000000;0;486;0.00000000;1;f;;0.00000000;f;0;0.00000000
2338;0c68b071-fe11-4d59-bd15-f04e6db0b55d;6;;235;1.00000000;0;486;0.00000000;1;f;;0.00000000;f;0;0.00000000
2339;a589837c-82bb-4855-935d-1a5099430b9e;7;;32;0.15000000;0;486;0.00000000;1;f;;0.00000000;f;0;0.00000000
2344;20383037-81a4-4fb7-becf-e13f04795fdd;12;;303;0.24600000;0;486;0.00000000;1;f;;0.00000000;f;0;0.00000000
2341;3291b783-95ee-4864-a628-a147b3ca74bb;8;;462;4.00000000;1;486;0.00000000;1;f;;0.00000000;f;0;0.00000000
2345;df8263a7-2401-49c2-bc2e-4d8fd460ff51;13;;111;24.00000000;1;;0.00000000;1;f;;0.00000000;f;0;0.00000000
2343;d3d41369-99a6-4729-930b-0a5247233d5b;7;;118;16.00000000;1;;0.00000000;1;f;;0.00000000;f;0;0.00000000
2317;b50d1141-9489-4104-9adb-860f0289c05b;10;;462;4.00000000;1;484;0.00000000;1;f;;0.00000000;f;0;0.00000000
2318;de10123c-aeea-48ab-ab2b-b605f8be0e03;9;;463;16.00000000;1;484;0.00000000;1;f;;0.00000000;f;0;0.00000000
2316;70841c5c-5d72-4d34-bdec-782415e3cfa5;8;;149;8.00000000;1;;0.00000000;1;f;;0.00000000;f;0;0.00000000
2334;4633a0a1-046d-4465-9ba5-aeaca9ca1d30;2;;437;14.00000000;1;486;0.00000000;1;f;;0.00000000;f;0;0.00000000
2342;5fcbe76e-48b4-498a-9aac-539eb422a60c;7;;463;24.00000000;2;486;0.00000000;1;f;;0.00000000;f;0;0.00000000
2340;1a9342f5-9226-451c-b2c7-83c26e04ab52;8;;149;4.00000000;1;486;0.00000000;1;f;;0.00000000;f;0;0.00000000
2349;21a4e7d8-bd4d-4f0c-8e6f-30d82f7dad4a;17;;341;1.00000000;0;486;0.00000000;1;f;;0.00000000;f;0;0.00000000
2351;6cb81bc0-c64f-44c2-86d8-cb15d9dd834f;17;;132;4.00000000;0;486;0.00000000;1;f;;0.00000000;f;0;0.00000000
2352;7b0f0e1b-26d3-47ee-aff5-23ae8fbcf8bf;18;;445;4.00000000;0;486;0.00000000;1;f;;0.00000000;f;0;0.00000000
2346;0d77cd7d-10bc-42c3-b8b2-fcab7c42693f;5;;143;28.00000000;1;486;0.00000000;1;f;;0.00000000;f;0;0.00000000
2350;4244defd-f618-42b6-b54d-80f7fc2b29be;1;;340;0.50000000;1;486;0.00000000;1;f;;0.00000000;f;0;0.00000000
2355;76ac27ce-1587-4002-b539-c3774b4131f0;3;;231;3.00000000;0;487;0.00000000;1;f;;0.00000000;f;0;0.00000000
2359;bb26e349-43c5-4893-a0d7-f63e3b4f78e2;7;;235;1.00000000;0;487;0.00000000;1;f;;0.00000000;f;0;0.00000000
2361;74a02769-ab6b-4c30-9b91-741753c06d9a;9;;32;0.15000000;0;487;0.00000000;1;f;;0.00000000;f;0;0.00000000
2367;48813326-3df3-4c39-b940-ac9fec0dd412;2;;179;1.50000000;1;487;0.00000000;1;f;;0.00000000;f;0;0.00000000
2368;89ee03dd-bf97-4a89-a4df-8a038f170676;16;;132;4.00000000;1;;0.00000000;1;f;;0.00000000;f;0;0.00000000
2370;51ab722f-6d95-4018-8330-d96199727ae0;1;;445;4.00000000;1;;0.00000000;1;f;;0.00000000;f;0;0.00000000
2371;5fa33f2d-4328-4e66-b915-1fd332a8f610;0;;201;0.00000000;0;;0.00000000;1;f;;0.00000000;f;0;0.00000000
2372;2382467d-4a5e-4b0b-b1ca-4e479bed1fc4;0;;201;0.00000000;0;;0.00000000;1;f;;0.00000000;f;0;0.00000000
2373;e8f7b669-4d46-416d-b0ea-d0d9e028d23d;19;;201;0.53000000;0;486;0.00000000;1;f;;0.00000000;f;0;0.00000000
2375;751b1213-8c06-4c82-bc71-b60c6bf1d264;16;;437;16.00000000;1;488;0.00000000;1;f;;0.00000000;f;0;0.00000000
2348;8e46d264-4bbd-40c6-b85e-44f152060af7;16;;321;1.20000000;1;486;0.00000000;1;f;;0.00000000;f;0;0.00000000
2347;0862f381-0c7a-44ff-97d8-f03287ef6e0c;15;;322;1.20000000;2;486;0.00000000;1;f;;0.00000000;f;0;0.00000000
2376;ddb555c2-9171-4edc-8c5f-cc4c54d73e19;3;;231;3.00000000;0;488;0.00000000;1;f;;0.00000000;f;0;0.00000000
2377;56c2fae2-a35f-4029-bab4-0b057db0515c;4;;232;1.00000000;0;488;0.00000000;1;f;;0.00000000;f;0;0.00000000
2378;a4ab1301-8e3f-4b88-b706-d6ede18ff4e1;5;;143;28.00000000;0;488;0.00000000;1;f;;0.00000000;f;0;0.00000000
2379;d7ca5977-18b0-49cb-89cc-eddbe1ac0ccf;6;;233;2.00000000;0;488;0.00000000;1;f;;0.00000000;f;0;0.00000000
2380;1fdfb106-3930-4342-9097-85e8adcc7dd9;7;;235;1.00000000;0;488;0.00000000;1;f;;0.00000000;f;0;0.00000000
2382;26e06915-fbed-47cd-99bb-b79be0137366;9;;32;0.15000000;0;488;0.00000000;1;f;;0.00000000;f;0;0.00000000
2385;75cdf848-c607-4212-868a-e4db39bc27c6;12;;303;0.24600000;0;488;0.00000000;1;f;;0.00000000;f;0;0.00000000
2386;f90158f2-58f1-4bfe-9b60-c9c1ba48eda4;13;;322;1.20000000;0;488;0.00000000;1;f;;0.00000000;f;0;0.00000000
2387;ba9c8133-2a15-4013-a72d-f1bafd5e74d0;14;;321;1.20000000;0;488;0.00000000;1;f;;0.00000000;f;0;0.00000000
2389;15b2177f-eab2-4394-9257-5a2ca9155661;16;;132;4.00000000;0;488;0.00000000;1;f;;0.00000000;f;0;0.00000000
2390;4465ec6a-032c-48eb-b970-8f41331e48ef;17;;341;1.00000000;0;488;0.00000000;1;f;;0.00000000;f;0;0.00000000
2356;85b33623-65f7-44e0-8f7c-8981c2f4a0d5;5;;232;1.00000000;1;487;0.00000000;1;f;;0.00000000;f;0;0.00000000
2384;f764f79c-107a-43e6-addc-aa68005df493;8;;149;4.00000000;1;;0.00000000;1;f;;0.00000000;f;0;0.00000000
2383;153ba0d8-7e55-4504-8135-9fbbf8e88678;8;;462;4.00000000;1;488;0.00000000;1;f;;0.00000000;f;0;0.00000000
2381;9add3d28-d1c5-4e1f-ad66-9a943523992d;10;;463;24.00000000;1;488;0.00000000;1;f;;0.00000000;f;0;0.00000000
2946;;2;;;;;;;;;;;;;
2948;;240;;;;;;;;;;;;;
2950;;8;;;;;;;;;;;;;
2952;;3;;;;;;;;;;;;;
2953;;0;;;;;;;;;;;;;
2965;;24;;;;;;;;;;;;;
2967;;4;;;;;;;;;;;;;
2968;;8;;;;;;;;;;;;;
2970;;0;;;;;;;;;;;;;
2971;;522;;;;;;;;;;;;;
2973;;31;;;;;;;;;;;;;
2975;;0;;;;;;;;;;;;;
2977;;217;;;;;;;;;;;;;
2979;;22;;;;;;;;;;;;;
2980;;217;;;;;;;;;;;;;
2982;;242;;;;;;;;;;;;;
2984;;24;;;;;;;;;;;;;
2986;;678;;;;;;;;;;;;;
2988;;41;;;;;;;;;;;;;
2990;;0;;;;;;;;;;;;;
2991;;266;;;;;;;;;;;;;
2993;;0;;;;;;;;;;;;;
2996;;5;;;;;;;;;;;;;
2998;;1;;;;;;;;;;;;;
3000;;1;;;;;;;;;;;;;
3002;;0;;;;;;;;;;;;;
3004;;12;;;;;;;;;;;;;
3006;;6;;;;;;;;;;;;;
3008;;7;;;;;;;;;;;;;
2363;425a0504-5182-4d31-9173-9033447f93d8;11;;149;8.00000000;1;;0.00000000;1;f;;0.00000000;f;0;0.00000000
2393;;2;;;;;;;;;;;;;
2410;55232e5a-89ae-45a1-9482-0740a0dc4286;3;;446;0.10000000;2;489;0.00000000;0;f;;0.00000000;f;0;0.00000000
2391;68b28377-40a3-406b-8e8a-e026840913f0;18;;445;4.00000000;1;;0.00000000;1;f;;0.00000000;f;0;0.00000000
2399;672b0b03-f0b0-4013-aace-16225e4b3f8d;6;;322;0.30000000;0;489;0.00000000;0;f;;0.00000000;f;0;0.00000000
2401;357ccab6-67af-4c3c-83d0-5ffdfaef20cb;8;;320;0.55000000;0;489;0.00000000;0;f;;0.00000000;f;0;0.00000000
2404;4d2dc764-a164-4a84-814f-070314adb24d;11;;32;0.10000000;0;489;0.00000000;0;f;;0.00000000;f;0;0.00000000
2405;5adf5e79-e9ac-425a-84df-c6b5f04cbd48;12;;235;1.00000000;0;489;0.00000000;0;f;;0.00000000;f;0;0.00000000
2406;14990119-bd9f-40a5-8699-3641f373b223;13;;231;1.00000000;0;489;0.00000000;0;f;;0.00000000;f;0;0.00000000
2407;2b887f43-30d6-4a71-99be-6152ba1a3bcf;14;;232;1.00000000;0;489;0.00000000;0;f;;0.00000000;f;0;0.00000000
2415;f608df61-ad75-4bea-9012-70a22b0c45ec;17;;197;0.20000000;0;489;0.00000000;1;f;;0.00000000;f;0;0.00000000
2403;61eb8674-4aee-410d-862a-54a2c2b29ab5;8;;303;0.12300000;1;489;0.00000000;0;f;;0.00000000;f;0;0.00000000
2394;578b0e8e-b0bb-45de-bb45-a5e06cb276b5;16;;179;0.70000000;1;489;0.00000000;0;f;;0.00000000;f;0;0.00000000
2395;daa46caa-a689-45e6-a45d-5325f200357f;15;;437;8.00000000;1;489;0.00000000;0;f;;0.00000000;f;0;0.00000000
2400;1276b7ef-0261-4862-bd83-1ea2be71dcb0;10;;143;8.00000000;1;489;0.00000000;0;f;;0.00000000;f;0;0.00000000
2408;948bf812-c859-4e1e-9ede-1f067768203b;3;;233;2.00000000;1;489;0.00000000;0;f;;0.00000000;f;0;0.00000000
2412;133d8487-61fe-4ba5-8caf-a6e5d32bf297;1;;463;8.00000000;1;489;0.00000000;1;f;;0.00000000;f;0;0.00000000
2402;ff607977-9f53-4364-a223-819aea2ba168;9;;111;12.00000000;1;;0.00000000;0;f;;0.00000000;f;0;0.00000000
2409;e13e55b9-349d-46f3-a246-a561b708e4d8;6;;445;4.00000000;1;;0.00000000;0;f;;0.00000000;f;0;0.00000000
2411;6086752e-9630-4a06-bf2d-f23952da9b6d;4;;132;8.00000000;1;;0.00000000;0;f;;0.00000000;f;0;0.00000000
2413;354624ee-d1cc-473a-a5c3-62bb39e50f65;2;;462;8.00000000;1;;0.00000000;1;f;;0.00000000;f;0;0.00000000
2414;d56df52a-ba1b-47c7-8042-5811ce297f3c;1;;149;4.00000000;1;;0.00000000;1;f;;0.00000000;f;0;0.00000000
2418;1eb30787-ed3b-409a-8adb-865b1e9604dc;3;;340;0.15000000;0;490;0.00000000;0;f;;0.00000000;f;0;0.00000000
2419;1d045b26-bcf1-43cf-99e2-95109ae65923;4;;341;1.00000000;0;490;0.00000000;0;f;;0.00000000;f;0;0.00000000
2420;f1a9a5fc-22da-46ae-92f6-37a00d2ab48e;5;;321;0.40000000;0;490;0.00000000;0;f;;0.00000000;f;0;0.00000000
2421;1a0f6bb9-cc49-4daa-9afc-ea2b27ad97e5;6;;322;0.30000000;0;490;0.00000000;0;f;;0.00000000;f;0;0.00000000
2422;7635fb02-3a18-4282-afb7-77c2cf810e30;7;;143;12.00000000;0;490;0.00000000;0;f;;0.00000000;f;0;0.00000000
2423;1f6ab8b6-db44-4285-8258-493efca0aaab;8;;320;0.55000000;0;490;0.00000000;0;f;;0.00000000;f;0;0.00000000
2426;e6305b80-b111-4f61-84c4-1adb58e6a4b2;11;;32;0.10000000;0;490;0.00000000;0;f;;0.00000000;f;0;0.00000000
2427;92e50814-d937-4809-9180-6230d6944ae0;12;;235;1.00000000;0;490;0.00000000;0;f;;0.00000000;f;0;0.00000000
2428;e723041c-3def-4fb7-87b1-0e6fe4bf63a1;13;;231;1.00000000;0;490;0.00000000;0;f;;0.00000000;f;0;0.00000000
2429;eb63c903-2daa-49be-bfef-a09f424030ba;14;;232;1.00000000;0;490;0.00000000;0;f;;0.00000000;f;0;0.00000000
2425;5a02e127-0854-46c9-bc48-d9c3cdd800fb;10;;303;0.12300000;1;490;0.00000000;0;f;;0.00000000;f;0;0.00000000
2432;8478057b-0ffb-4660-9b99-3a0e46bbad71;4;;446;0.25000000;1;490;0.00000000;0;f;;0.00000000;f;0;0.00000000
2430;bf1bec0e-9992-4f6f-854d-1efcecef6364;5;;233;2.00000000;1;490;0.00000000;0;f;;0.00000000;f;0;0.00000000
2417;d55c65c0-82d5-4aa0-b51a-183fc06070ea;17;;437;12.00000000;1;490;0.00000000;0;f;;0.00000000;f;0;0.00000000
2397;2d71dc17-29b7-49a9-9fbc-07358889b1e2;13;;341;1.00000000;1;489;0.00000000;0;f;;0.00000000;f;0;0.00000000
2424;bf42bcd4-95f0-4856-ab5c-1b5e38031cfa;9;;111;12.00000000;1;;0.00000000;0;f;;0.00000000;f;0;0.00000000
2431;ab113a56-3049-4f06-ae3a-c2d6f26925cc;5;;445;4.00000000;1;;0.00000000;0;f;;0.00000000;f;0;0.00000000
2416;0243dfe4-6ffe-4ac6-93ae-eaf0860f55cb;17;;179;0.80000000;2;490;0.00000000;0;f;;0.00000000;f;0;0.00000000
2392;341f4235-5728-4484-8df9-bc0cad94645f;1;;201;0.53000000;2;;0.00000000;1;f;;0.00000000;f;0;0.00000000
2396;b0f788e2-7da0-454a-ac72-69b55acba103;3;;340;0.15000000;1;;0.00000000;0;f;;0.00000000;f;0;0.00000000
2398;d7133f34-cd52-492c-8e27-5577e40d18fb;13;;321;0.40000000;1;;0.00000000;0;f;;0.00000000;f;0;0.00000000
2435;e3f55a15-93bf-4a33-bf79-8a4deb12045b;2;;462;4.00000000;1;490;0.00000000;1;f;;0.00000000;f;0;0.00000000
2434;2d1397e5-dbc8-4e22-9df8-12b2ba99579d;3;;463;8.00000000;1;490;0.00000000;1;f;;0.00000000;f;0;0.00000000
2433;4e5bca94-e0ca-4d0b-8cf0-cf945e2b5ede;4;;132;8.00000000;1;;0.00000000;0;f;;0.00000000;f;0;0.00000000
2436;0e91d487-43a2-4168-b347-69757d73bc19;21;;149;4.00000000;1;;0.00000000;1;f;;0.00000000;f;0;0.00000000
1587;4e9986f6-c403-4742-842d-7e29998de847;12;;303;0.12300000;1;444;0.00000000;0;f;;0.00000000;f;0;0.00000000
1944;be678257-028c-49f1-b0f9-2c68884dd3b2;2;;462;4.00000000;1;444;0.00000000;1;f;;0.00000000;f;0;0.00000000
1943;ec5bcd5a-9279-41c0-800e-a59981e13581;3;;463;8.00000000;1;444;0.00000000;1;f;;0.00000000;f;0;0.00000000
1586;f5b9027c-f15e-4406-871a-9c8f25da63ba;0;;111;12.00000000;1;;0.00000000;0;f;;0.00000000;f;0;0.00000000
2439;6fe4b216-fec8-4173-b211-18678d655099;3;;231;3.00000000;0;491;0.00000000;1;f;;0.00000000;f;0;0.00000000
2440;f9389a31-ae13-4136-9be4-64f9a742293b;4;;232;1.00000000;0;491;0.00000000;1;f;;0.00000000;f;0;0.00000000
2441;e98bce53-56ea-4def-804f-dd2eea36ed7b;5;;233;2.00000000;0;491;0.00000000;1;f;;0.00000000;f;0;0.00000000
2442;9da23914-8ea8-4ee0-b243-feef717d5293;6;;235;1.00000000;0;491;0.00000000;1;f;;0.00000000;f;0;0.00000000
2443;93f5b147-dcfe-45e2-afaa-3e67e47c6a64;7;;32;0.15000000;0;491;0.00000000;1;f;;0.00000000;f;0;0.00000000
2444;fe29affc-cdcf-4faf-8f2c-76988c40ad8f;8;;463;16.00000000;0;491;0.00000000;1;f;;0.00000000;f;0;0.00000000
2445;4a5918ba-54eb-49c3-9ab1-044ab9d30682;9;;462;4.00000000;0;491;0.00000000;1;f;;0.00000000;f;0;0.00000000
2450;028ee98c-ce22-41f6-ba6c-c9f7cca5cdf0;14;;322;0.60000000;0;491;0.00000000;1;f;;0.00000000;f;0;0.00000000
2451;8bfe83b8-bde2-4005-892e-a9f15592210c;15;;321;0.80000000;0;491;0.00000000;1;f;;0.00000000;f;0;0.00000000
2452;05fae022-0a6f-4837-9eaa-bb607349c843;16;;341;1.00000000;0;491;0.00000000;1;f;;0.00000000;f;0;0.00000000
2453;b23bb5e3-5e5b-4281-851b-2223f9a64308;17;;340;0.30000000;0;491;0.00000000;1;f;;0.00000000;f;0;0.00000000
2454;00ad8196-16f9-4636-8e48-d54f10c12983;16;;132;4.00000000;0;491;0.00000000;1;f;;0.00000000;f;0;0.00000000
2437;98f7fa4b-635c-4d48-991c-915271ff5f09;15;;179;1.75000000;1;491;0.00000000;1;f;;0.00000000;f;0;0.00000000
2438;82288c79-bbc2-48d7-bbf1-04fc18c095e9;14;;437;8.00000000;1;491;0.00000000;1;f;;0.00000000;f;0;0.00000000
2447;15290c00-8df3-4771-895c-d392a38ceb0d;6;;303;0.24600000;1;491;0.00000000;1;f;;0.00000000;f;0;0.00000000
2446;221567f7-2b3e-4ac9-be8b-8cd2308e3e18;10;;118;16.00000000;1;;0.00000000;1;f;;0.00000000;f;0;0.00000000
2448;88bf08b9-a3cd-410c-8ea5-85a9b21ae47c;6;;111;24.00000000;1;;0.00000000;1;f;;0.00000000;f;0;0.00000000
2465;c6366bb2-3fd1-49e7-b14c-b8fea299b2c2;6;;322;0.60000000;1;492;0.00000000;1;f;;0.00000000;f;0;0.00000000
2455;70ff2067-3688-48ec-aaac-f098ca968116;17;;445;4.00000000;2;491;0.00000000;1;f;;0.00000000;f;0;0.00000000
2456;ac7ad486-286c-4221-9fa8-0bcdc3f049dd;1;;231;3.00000000;0;492;0.00000000;1;f;;0.00000000;f;0;0.00000000
2457;2a6499b0-f23f-4e23-9641-d5854b8bfbc0;2;;232;1.00000000;0;492;0.00000000;1;f;;0.00000000;f;0;0.00000000
2458;653d2a5d-3448-4621-98e0-6cf5f5a39225;3;;143;16.00000000;0;492;0.00000000;1;f;;0.00000000;f;0;0.00000000
2459;b4577b95-682c-47cf-b048-aa58d6ec5d01;4;;233;2.00000000;0;492;0.00000000;1;f;;0.00000000;f;0;0.00000000
2460;aebb43f7-b00c-4ebf-8b04-0dff6287a5d5;5;;303;0.24600000;0;492;0.00000000;1;f;;0.00000000;f;0;0.00000000
2461;3c6ce86d-0628-4656-8e89-78fd223594cc;6;;235;1.00000000;0;492;0.00000000;1;f;;0.00000000;f;0;0.00000000
2462;2e10a969-bdd8-4cd6-a351-d5b68c4fa89e;7;;32;0.15000000;0;492;0.00000000;1;f;;0.00000000;f;0;0.00000000
2463;db1d6a79-0922-4a37-b1d0-eef2562fa3c8;8;;463;16.00000000;0;492;0.00000000;1;f;;0.00000000;f;0;0.00000000
2467;f64fac18-50f2-4f64-a9a9-1ece5ee01ada;12;;321;0.80000000;0;492;0.00000000;1;f;;0.00000000;f;0;0.00000000
2470;04754814-bc0c-4f68-8840-ede37e1b5f96;2;;341;1.00000000;1;492;0.00000000;1;f;;0.00000000;f;0;0.00000000
2468;b97f4701-c0bb-4fd8-9e59-85c663a8db8a;3;;179;1.35000000;1;492;0.00000000;1;f;;0.00000000;f;0;0.00000000
2466;5d4564c9-5a20-4527-96d3-81d1624a9ee7;5;;437;12.00000000;1;492;0.00000000;1;f;;0.00000000;f;0;0.00000000
2464;c047037e-1b9d-4795-af9e-c7e8fc83e5a9;9;;462;4.00000000;1;;0.00000000;1;f;;0.00000000;f;0;0.00000000
2471;9d8769ba-98f3-42c7-a0d7-68e2250b8bdd;2;;445;4.00000000;1;;0.00000000;1;f;;0.00000000;f;0;0.00000000
2469;2f2b1511-ebbb-4e6b-b7b5-8d8e3c2cbf60;3;;132;4.00000000;1;;0.00000000;1;f;;0.00000000;f;0;0.00000000
2449;053d4faf-98e0-45f6-927e-148de432fdef;5;;143;20.00000000;2;491;0.00000000;1;f;;0.00000000;f;0;0.00000000
2494;;20;;;;;;;;;;;;;
2495;;1;;;;;;;;;;;;;
2947;;240;;;;;;;;;;;;;
2949;;6;;;;;;;;;;;;;
2951;;10;;;;;;;;;;;;;
2954;;40;;;;;;;;;;;;;
2955;;16;;;;;;;;;;;;;
2956;;4;;;;;;;;;;;;;
2978;;0;;;;;;;;;;;;;
2981;;484;;;;;;;;;;;;;
2983;;0;;;;;;;;;;;;;
2985;;261;;;;;;;;;;;;;
2987;;339;;;;;;;;;;;;;
2989;;0;;;;;;;;;;;;;
2992;;133;;;;;;;;;;;;;
2994;;13;;;;;;;;;;;;;
2995;;10;;;;;;;;;;;;;
2997;;0;;;;;;;;;;;;;
2999;;2;;;;;;;;;;;;;
3001;;0;;;;;;;;;;;;;
3003;;6;;;;;;;;;;;;;
3005;;1;;;;;;;;;;;;;
3007;;0;;;;;;;;;;;;;
3009;;14;;;;;;;;;;;;;
3011;;14;;;;;;;;;;;;;
3013;;8;;;;;;;;;;;;;
3015;;3;;;;;;;;;;;;;
3017;;0;;;;;;;;;;;;;
3019;;14;;;;;;;;;;;;;
3021;;28;;;;;;;;;;;;;
3023;;11;;;;;;;;;;;;;
2472;21b6573c-92fa-4bee-968c-bfd68f1e36c3;17;;340;0.30000000;0;492;0.00000000;1;f;;0.00000000;f;0;0.00000000
2473;d6a3a0f9-c72b-4d0b-a0df-f6aacd839d71;18;;149;4.00000000;0;491;0.00000000;1;f;;0.00000000;f;0;0.00000000
2474;c36ae554-4f40-4273-8646-67f574fce091;1;;440;0.08000000;1;493;0.00000000;1;f;;0.00000000;f;0;0.00000000
2475;ab734e05-b840-42cb-9b79-b8e18e38d8a4;2;;538;1.00000000;1;493;0.00000000;1;f;;0.00000000;f;0;0.00000000
2476;e4042fc0-fe4a-4250-9380-d2bfbca0d8e9;3;;184;0.20000000;1;493;0.00000000;1;f;;0.00000000;f;0;0.00000000
2477;1fee36e2-c356-48f1-84e6-c312b05af6aa;4;;142;4.00000000;1;493;0.00000000;1;f;;0.00000000;f;0;0.00000000
2478;497d3c24-c033-4f6d-be68-e26cc8c03307;5;;19;4.00000000;1;493;0.00000000;1;f;;0.00000000;f;0;0.00000000
2479;6835bbbe-7ada-4735-b443-63ad04e3ed90;6;;32;0.10000000;1;493;0.00000000;1;f;;0.00000000;f;0;0.00000000
2480;0be3efd4-c7ab-4851-a06f-3af33ce5a5fa;7;;231;2.00000000;1;493;0.00000000;1;f;;0.00000000;f;0;0.00000000
2511;f356d946-a9e8-4c05-b199-373dd5d7798c;14;;149;8.00000000;0;495;0.00000000;1;f;;0.00000000;f;0;0.00000000
2482;a412d09a-8777-42bf-a071-cd4000a19efc;9;;233;1.00000000;1;493;0.00000000;1;f;;0.00000000;f;0;0.00000000
2481;815cb72a-82c3-4b3a-9863-f18ac0773b7b;8;;232;1.00000000;2;493;0.00000000;1;f;;0.00000000;f;0;0.00000000
2483;ce9c6ab1-2b05-4af2-b8ca-d5e2d8ace41c;10;;235;1.00000000;1;493;0.00000000;1;f;;0.00000000;f;0;0.00000000
2485;c04b9c7d-fd6c-4e06-94cb-52138259753a;2;;538;1.00000000;0;494;0.00000000;1;f;;0.00000000;f;0;0.00000000
2486;760e2d78-b677-46bf-a5cf-43772ce64c3b;3;;184;0.20000000;0;494;0.00000000;1;f;;0.00000000;f;0;0.00000000
2487;b5d51450-22d5-442d-87b7-9d1dd486c1af;4;;142;4.00000000;0;494;0.00000000;1;f;;0.00000000;f;0;0.00000000
2488;71071506-5dc8-473e-a99e-bc24b177f6c6;5;;19;4.00000000;0;494;0.00000000;1;f;;0.00000000;f;0;0.00000000
2489;69c1b72c-ab84-410d-9dbc-015140d8572c;6;;32;0.10000000;0;494;0.00000000;1;f;;0.00000000;f;0;0.00000000
2490;050435ca-113c-4d81-a216-cfac16e88d2f;7;;231;2.00000000;0;494;0.00000000;1;f;;0.00000000;f;0;0.00000000
2491;7167e085-6e2a-48d5-b0a1-5ca1b0ac23ef;8;;232;1.00000000;0;494;0.00000000;1;f;;0.00000000;f;0;0.00000000
2492;a8847d17-a742-4a5a-8d08-6018f4cd3d73;9;;233;1.00000000;0;494;0.00000000;1;f;;0.00000000;f;0;0.00000000
2493;242fa174-c35c-48dd-a191-7e00a9010c02;10;;235;1.00000000;0;494;0.00000000;1;f;;0.00000000;f;0;0.00000000
2484;364f5cbd-218e-4a52-9860-06834f1b4098;1;;440;0.20000000;1;494;0.00000000;1;f;;0.00000000;f;0;0.00000000
2496;;18;;;;;;;;;;;;;
1577;6c6b2c5e-6631-44d8-aa93-caa257eff19f;0;;437;6.00000000;1;444;0.00000000;0;f;;0.00000000;f;0;0.00000000
1578;cb586d9c-1a0c-4f6a-baa8-876983c3145a;0;;340;0.25000000;1;444;0.00000000;0;f;;0.00000000;f;0;0.00000000
2497;a29f767f-25fa-438f-9fa9-a585b5415613;1;;235;1.00000000;0;495;0.00000000;0;f;;0.00000000;f;0;0.00000000
2498;fb8955e5-fc5e-4471-8ccb-73cbd4ee3fd7;2;;231;3.00000000;0;495;0.00000000;0;f;;0.00000000;f;0;0.00000000
2499;20c9839c-3bb5-4500-8023-9cae3305ac91;3;;232;2.00000000;0;495;0.00000000;0;f;;0.00000000;f;0;0.00000000
2500;3f70f3ed-f38e-4efd-a6e2-d59a89c733ed;4;;233;2.00000000;0;495;0.00000000;0;f;;0.00000000;f;0;0.00000000
2501;34ce388a-4507-4fad-b123-a55673570097;5;;30;0.00900000;0;495;0.00000000;0;f;;0.00000000;f;0;0.00000000
2512;9d466feb-f758-4b8c-b19f-bbbd75d5714b;15;;170;0.15000000;0;495;0.00000000;1;f;;0.00000000;f;0;0.00000000
2513;1ddf0d78-a615-4e79-8324-62b840f9de9c;16;;111;8.00000000;0;495;0.00000000;1;f;;0.00000000;f;0;0.00000000
2504;c36f0114-a61b-4985-bccf-7ec71fe33ec2;6;;199;0.80000000;1;495;0.00000000;0;f;;0.00000000;f;0;0.00000000
2506;c2bb24f4-e9b5-40fe-b570-a62ae3db29c2;5;;118;4.00000000;1;495;0.00000000;0;f;;0.00000000;f;0;0.00000000
2507;5b7e7134-6f57-4a39-920b-d02b4c248bb3;4;;132;8.00000000;1;495;0.00000000;0;f;;0.00000000;f;0;0.00000000
2510;5f2315fb-6bb5-41d3-9db8-c6e590b4d70e;1;;200;0.28000000;1;495;0.00000000;0;f;;0.00000000;f;0;0.00000000
2505;aab20fe3-cd6c-41a3-a97c-0e8bf2d3684b;9;;135;2.00000000;1;;0.00000000;0;f;;0.00000000;f;0;0.00000000
2509;a91f577b-111b-424c-b0ac-cdf692842298;5;;19;4.00000000;1;495;0.00000000;0;f;;0.00000000;f;0;0.00000000
2508;f9ff9cad-f458-4608-bd55-ebd9a805eee0;12;;150;8.00000000;1;;0.00000000;0;f;;0.00000000;f;0;0.00000000
2502;bce90496-72c9-4b56-933c-101e9936a7e7;10;;106;8.00000000;1;;0.00000000;0;f;;0.00000000;f;0;0.00000000
2503;e6b49f45-cf96-4ffc-a09b-12aaf8197384;9;;105;5.00000000;1;;0.00000000;0;f;;0.00000000;f;0;0.00000000
2515;b7654332-bb02-43b1-9994-5b8a06fac77e;15;;212;0.20000000;0;495;0.00000000;1;f;;0.00000000;f;0;0.00000000
2522;662ed7ce-6f69-4e05-8f2e-7795de485a29;7;;233;1.50000000;2;496;0.00000000;1;f;;0.00000000;f;0;0.00000000
2518;a337476d-8ad7-4e6c-af95-98f0490a3feb;3;;148;12.00000000;1;496;0.00000000;1;f;;0.00000000;f;0;0.00000000
2519;b26f9b95-ac70-40ca-bf12-676fb65fa963;4;;28;0.15000000;1;496;0.00000000;1;f;;0.00000000;f;0;0.00000000
2520;c2c98f82-21a8-49d2-a5e5-697f8cea6ea6;5;;231;2.00000000;1;496;0.00000000;1;f;;0.00000000;f;0;0.00000000
2521;a86b1526-4ec7-4e63-a0fc-5070dcdcfc85;6;;232;1.00000000;1;496;0.00000000;1;f;;0.00000000;f;0;0.00000000
2523;52e68a17-b529-49a7-81e3-7a36c2221a7a;8;;235;0.50000000;2;496;0.00000000;1;f;;0.00000000;f;0;0.00000000
2524;27a5c8c0-c1c1-475c-8ed4-8245fc923084;9;;19;4.00000000;0;496;0.00000000;1;f;;0.00000000;f;0;0.00000000
2516;be935ec7-b46c-4355-b658-f5d44055c292;1;;201;0.55000000;2;496;0.00000000;1;f;;0.00000000;f;0;0.00000000
2517;22ee161f-31b8-4f8a-85bd-0b3f843c4da7;2;;118;14.00000000;2;496;0.00000000;1;f;;0.00000000;f;0;0.00000000
2526;9dcbdaee-e320-490f-b602-1e3a7b77251d;2;;205;0.50000000;1;497;0.00000000;1;f;;0.00000000;f;0;0.00000000
2514;b2f491d8-8bcc-45ea-b82c-a5deb79932d2;14;;181;1.07000000;1;495;0.00000000;1;f;;0.00000000;f;0;0.00000000
2527;f9779cd3-6195-4dc3-a6a0-c36ab9249d95;3;;335;4.00000000;1;497;0.00000000;1;f;;0.00000000;f;0;0.00000000
2528;799506ef-c4f1-429f-a205-e8ea2ef9da60;4;;32;0.15000000;1;497;0.00000000;1;f;;0.00000000;f;0;0.00000000
2529;90af18af-3321-44c4-ad0e-00423db7bc83;5;;231;1.00000000;1;497;0.00000000;1;f;;0.00000000;f;0;0.00000000
2530;e9296eb4-10ce-447e-a315-840130c4cf7f;6;;232;1.00000000;1;497;0.00000000;1;f;;0.00000000;f;0;0.00000000
2531;abd39e6a-904f-4db0-84d4-9726706eac72;7;;233;2.00000000;1;497;0.00000000;1;f;;0.00000000;f;0;0.00000000
2532;00d5ec04-3c55-4458-957b-dd66ac29b8fa;8;;235;1.00000000;1;497;0.00000000;1;f;;0.00000000;f;0;0.00000000
2533;3091c133-98b4-418a-8ce8-be3854868bb5;10;;312;12.00000000;0;496;0.00000000;1;f;;0.00000000;f;0;0.00000000
2525;e54d0312-7158-4a10-886e-b7b2e7d7ca76;1;;180;0.30000000;1;497;0.00000000;1;f;;0.00000000;f;0;0.00000000
2534;;1;;;;;;;;;;;;;
1659;7bc3fa3e-5847-4ead-a819-40223a30e3c8;0;;192;0.90300000;1;451;0.00000000;0;f;;0.00000000;f;0;0.00000000
2535;;14;;;;;;;;;;;;;
2536;;30;;;;;;;;;;;;;
2537;;0;;;;;;;;;;;;;
2538;;0;;;;;;;;;;;;;
2539;;0;;;;;;;;;;;;;
2540;;5;;;;;;;;;;;;;
2541;;10;;;;;;;;;;;;;
2542;;10;;;;;;;;;;;;;
2543;;10;;;;;;;;;;;;;
2544;;20;;;;;;;;;;;;;
2545;;20;;;;;;;;;;;;;
2546;;20;;;;;;;;;;;;;
2547;;83;;;;;;;;;;;;;
2548;;52;;;;;;;;;;;;;
2549;;500;;;;;;;;;;;;;
2550;;58;;;;;;;;;;;;;
2551;;71;;;;;;;;;;;;;
2552;;50;;;;;;;;;;;;;
2553;;51;;;;;;;;;;;;;
2554;;10;;;;;;;;;;;;;
2555;;66;;;;;;;;;;;;;
2556;;0;;;;;;;;;;;;;
2557;;0;;;;;;;;;;;;;
2558;;0;;;;;;;;;;;;;
2559;;10;;;;;;;;;;;;;
2560;;0;;;;;;;;;;;;;
2561;;90;;;;;;;;;;;;;
2562;;0;;;;;;;;;;;;;
2563;d58343de-39aa-499e-9a85-2f186b743696;1;;201;3.10000000;1;498;0.00000000;1;f;;0.00000000;f;0;0.00000000
2564;01cd633d-c680-4d05-8af7-6dafedcbe9dd;2;;231;2.00000000;1;498;0.00000000;1;f;;0.00000000;f;0;0.00000000
2565;e769ec66-8e83-4535-aee6-547ff85387c1;3;;232;2.00000000;1;498;0.00000000;1;f;;0.00000000;f;0;0.00000000
2566;91edde03-3130-49cf-a104-a79329d926de;4;;233;2.00000000;1;498;0.00000000;1;f;;0.00000000;f;0;0.00000000
2567;038503f9-3462-451e-8853-bb8887b7b9f5;5;;235;1.00000000;1;498;0.00000000;1;f;;0.00000000;f;0;0.00000000
2568;45eaa2b4-27e6-42f9-ad4a-333c9aecde1b;6;;542;0.25000000;1;498;0.00000000;1;f;;0.00000000;f;0;0.00000000
2573;062eccb7-7c4a-4d4f-a08b-7fb53f648e52;5;;202;1.10000000;0;499;0.00000000;0;f;;0.00000000;f;0;0.00000000
2574;18602200-a0ad-47dc-ac80-5fe80bbb2900;6;;235;1.00000000;0;499;0.00000000;0;f;;0.00000000;f;0;0.00000000
2575;3ec7813f-c455-48e6-92be-85d2b2c1546c;7;;231;1.00000000;0;499;0.00000000;0;f;;0.00000000;f;0;0.00000000
2576;4e9ba050-e83d-48c9-8fc0-ece310cca963;8;;232;1.00000000;0;499;0.00000000;0;f;;0.00000000;f;0;0.00000000
2579;950f65cb-6719-4f5a-a453-abc369afb665;6;;542;0.25000000;0;499;0.00000000;1;f;;0.00000000;f;0;0.00000000
2577;b45ea06d-8842-496b-aa25-3cb03a2d749e;1;;233;2.00000000;1;499;0.00000000;0;f;;0.00000000;f;0;0.00000000
2569;685f0b0c-c795-4917-9fd8-7be39d8232a2;1;;118;4.00000000;1;;0.00000000;0;f;;0.00000000;f;0;0.00000000
2570;4f8a048b-ab9a-4942-ae9c-375a04e23754;9;;132;4.00000000;1;;0.00000000;0;f;;0.00000000;f;0;0.00000000
2571;7f7fc685-e9b6-4428-8b08-6af6ac832e4e;8;;19;4.00000000;1;;0.00000000;0;f;;0.00000000;f;0;0.00000000
2572;89ad466d-6a78-4b08-b0e0-55097b2c539d;7;;30;0.12000000;1;;0.00000000;0;f;;0.00000000;f;0;0.00000000
2578;e941e649-c57b-4257-98dd-81562d218cdf;1;;149;4.00000000;1;;0.00000000;0;f;;0.00000000;f;0;0.00000000
2580;;20;;;;;;;;;;;;;
2581;;50;;;;;;;;;;;;;
2582;;50;;;;;;;;;;;;;
2583;;15;;;;;;;;;;;;;
2584;;15;;;;;;;;;;;;;
2585;;1;;;;;;;;;;;;;
2586;;8;;;;;;;;;;;;;
2587;;8;;;;;;;;;;;;;
2588;;1;;;;;;;;;;;;;
2065;bff0c5d5-ff62-4950-b4bf-64fc50dbcc51;4;;494;12.00000000;2;469;0.00000000;1;f;;0.00000000;f;0;0.00000000
2063;9bb60c4f-ac5d-4f69-b4d0-820681d7ee32;2;;492;0.29000000;2;469;0.00000000;1;f;;0.00000000;f;0;0.00000000
2064;dc819b11-20e4-491e-b059-e6ea25740c44;3;;493;0.26666660;3;469;0.00000000;1;f;;0.00000000;f;0;0.00000000
2589;d41b331d-5fd7-4613-9cc4-946d0763d4d0;9;;545;0.20000000;0;469;0.00000000;1;f;;0.00000000;f;0;0.00000000
2070;53bd3126-3b33-4a68-b020-0caa9393ea0c;9;;29;0.20000000;4;;0.00000000;1;f;;0.00000000;f;0;0.00000000
2590;5707a3a2-e6c6-411d-ac98-6b9f777ead67;1;;235;1.00000000;0;500;0.00000000;0;f;;0.00000000;f;0;0.00000000
2591;3f3f6f37-25cd-4066-aba7-33567170066b;2;;231;2.00000000;0;500;0.00000000;0;f;;0.00000000;f;0;0.00000000
2592;166f50d7-11bf-4090-a0d9-20fd01f657fd;3;;232;1.00000000;0;500;0.00000000;0;f;;0.00000000;f;0;0.00000000
2593;6e8cd630-a85a-4c02-a9fa-e513c1d48c01;4;;233;1.00000000;0;500;0.00000000;0;f;;0.00000000;f;0;0.00000000
2594;2e7a537d-b968-4e09-b16b-c934c75e90a7;5;;32;0.20000000;0;500;0.00000000;0;f;;0.00000000;f;0;0.00000000
2595;990cddf8-1542-4ffb-9e16-b51be28c2fcc;2;;200;1.50000000;1;500;0.00000000;0;f;;0.00000000;f;0;0.00000000
2597;953cd57f-bc1f-4488-83e3-97bd8299e5a0;1;;19;4.00000000;1;500;0.00000000;0;f;;0.00000000;f;0;0.00000000
2596;ef83d7e5-c236-42bf-bbb0-52c3dc94b434;7;;186;0.50000000;1;;0.00000000;0;f;;0.00000000;f;0;0.00000000
2598;;7;;;;;;;;;;;;;
2599;;24;;;;;;;;;;;;;
2600;;4;;;;;;;;;;;;;
2601;;3;;;;;;;;;;;;;
2602;;5;;;;;;;;;;;;;
2603;;3;;;;;;;;;;;;;
2604;;14;;;;;;;;;;;;;
2605;;1;;;;;;;;;;;;;
2606;;4;;;;;;;;;;;;;
2607;;30;;;;;;;;;;;;;
2608;;30;;;;;;;;;;;;;
2609;;30;;;;;;;;;;;;;
2610;;1;;;;;;;;;;;;;
2611;;1;;;;;;;;;;;;;
2612;;40;;;;;;;;;;;;;
2613;;0;;;;;;;;;;;;;
2614;;0;;;;;;;;;;;;;
2615;;0;;;;;;;;;;;;;
2616;;32;;;;;;;;;;;;;
2617;;32;;;;;;;;;;;;;
2618;;63;;;;;;;;;;;;;
2619;;71;;;;;;;;;;;;;
2620;;13000;;;;;;;;;;;;;
2621;;71;;;;;;;;;;;;;
2622;;32;;;;;;;;;;;;;
2623;;63;;;;;;;;;;;;;
2624;;1000;;;;;;;;;;;;;
2642;4802d9a4-ecff-42be-9cc9-4ca36d2ee28e;11;;111;4.00000000;0;281;0.00000000;1;f;;0.00000000;f;0;0.00000000
2643;d95b977c-6746-467b-b340-ca13af96d17b;12;;170;0.16000000;0;281;0.00000000;1;f;;0.00000000;f;0;0.00000000
2644;93f77586-d98d-41dd-ab8f-db1c2fbc101c;13;;172;0.05000000;0;281;0.00000000;1;f;;0.00000000;f;0;0.00000000
695;fce43bb8-695f-4fbc-a3a2-2f774fbd7127;6;;199;0.60000000;1;281;0.00000000;0;f;;0.00000000;f;0;0.00000000
697;1e8d6cab-3ca3-45b2-83d4-f5ebbea4d93b;7;;118;12.00000000;1;281;0.00000000;0;f;;0.00000000;f;0;0.00000000
700;d8fcde27-198a-4c7a-a2a6-b851209a113c;9;;19;4.00000000;1;281;0.00000000;0;f;;0.00000000;f;0;0.00000000
692;d7fbf017-9c26-4358-bdcf-cf6214c8f654;0;;106;8.00000000;1;;0.00000000;0;f;;0.00000000;f;0;0.00000000
693;3386a9a7-2289-4d79-8e5f-d3500adabf44;6;;105;5.00000000;1;;0.00000000;0;f;;0.00000000;f;0;0.00000000
696;290f5449-1803-430c-8b0b-1705334bc6bc;7;;135;2.00000000;1;;0.00000000;0;f;;0.00000000;f;0;0.00000000
699;46dcf09c-5c16-45b4-928e-74cdae6b2b28;9;;150;8.00000000;1;;0.00000000;0;f;;0.00000000;f;0;0.00000000
2684;bb752b2d-0b63-4acd-a7ab-35f2bcaf82a8;1;;195;0.90000000;1;503;0.00000000;1;f;;0.00000000;f;0;0.00000000
2664;a3a0e686-9b27-4a7f-a936-58be62a6db37;2;;30;0.00900000;1;502;0.00000000;0;f;;0.00000000;f;0;0.00000000
2650;6491f724-16a2-41fa-8f51-21bc0f97db8a;2;;30;0.00900000;1;501;0.00000000;0;f;;0.00000000;f;0;0.00000000
2674;;1;;;;;;;;;;;;;
2675;;1;;;;;;;;;;;;;
2676;;1;;;;;;;;;;;;;
2677;;1;;;;;;;;;;;;;
2678;;1;;;;;;;;;;;;;
2679;;16800;;;;;;;;;;;;;
2680;;16000;;;;;;;;;;;;;
2681;;1;;;;;;;;;;;;;
2682;;1;;;;;;;;;;;;;
2683;19ef043d-a0ed-4efb-9fe3-486ab9be7020;0;;234;0.00000000;0;;0.00000000;1;f;;0.00000000;f;0;0.00000000
2685;e18824c8-6f41-4796-a5b4-47b0133e20a0;2;;180;0.30000000;1;503;0.00000000;1;f;;0.00000000;f;0;0.00000000
2686;ac8a6eeb-928b-471a-9754-23fbf984ca99;3;;190;0.20000000;1;503;0.00000000;1;f;;0.00000000;f;0;0.00000000
2687;340f4669-fef0-490e-ab72-65fd4a138410;4;;170;0.01500000;1;503;0.00000000;1;f;;0.00000000;f;0;0.00000000
2688;bd74e465-76a6-47de-9b9e-a65dfa3e6f97;5;;215;0.15000000;1;503;0.00000000;1;f;;0.00000000;f;0;0.00000000
2689;0da9a31e-1665-49da-a640-2df7521cc3ce;6;;335;4.00000000;1;503;0.00000000;1;f;;0.00000000;f;0;0.00000000
2690;bb83b157-00fc-4492-b121-b49efdbf35ee;7;;30;0.15000000;1;503;0.00000000;1;f;;0.00000000;f;0;0.00000000
2957;;230;;;;;;;;;;;;;
2691;d2fafcfe-7583-41cc-a4c3-8748fcceb304;8;;231;5.00000000;2;503;0.00000000;1;f;;0.00000000;f;0;0.00000000
3010;;7;;;;;;;;;;;;;
3012;;2;;;;;;;;;;;;;
3014;;35;;;;;;;;;;;;;
3016;;3;;;;;;;;;;;;;
3018;;84;;;;;;;;;;;;;
3020;;0;;;;;;;;;;;;;
3022;;288;;;;;;;;;;;;;
3024;;144;;;;;;;;;;;;;
3026;;144;;;;;;;;;;;;;
3028;;34;;;;;;;;;;;;;
2648;1067fa3a-3171-447f-85ab-b8374bfb23d2;4;;232;0.50000000;1;501;0.00000000;0;f;;0.00000000;f;0;0.00000000
2659;0a1fadff-c3b5-45df-96af-f828c0c3eaa6;1;;181;0.69000000;2;501;0.00000000;1;f;;0.00000000;f;0;0.00000000
2649;3432273f-9597-4249-aed3-1ca93fd19023;3;;233;0.50000000;1;501;0.00000000;0;f;;0.00000000;f;0;0.00000000
2647;99db4556-676d-4fdf-945a-3e5382c37193;5;;231;0.50000000;1;501;0.00000000;0;f;;0.00000000;f;0;0.00000000
2646;f4681e42-bf52-455f-894c-c033dba3d1a5;6;;235;0.50000000;1;501;0.00000000;0;f;;0.00000000;f;0;0.00000000
2657;51a38b2a-947b-4f73-8947-41361c1716f9;12;;170;0.16000000;1;;0.00000000;1;f;;0.00000000;f;0;0.00000000
2658;fa53f1ca-e049-4069-83b5-62d62ffdebd8;2;;172;0.05000000;1;;0.00000000;1;f;;0.00000000;f;0;0.00000000
2652;a632fa12-c910-432a-9fbe-e85ebcad93f4;6;;199;0.60000000;1;;0.00000000;0;f;;0.00000000;f;0;0.00000000
2651;4beda92e-3eb9-4c16-8104-ac2f6fcf29dd;6;;200;0.20000000;1;;0.00000000;0;f;;0.00000000;f;0;0.00000000
2655;951eb5f6-36dd-4cd4-b273-21c04e4d05e6;3;;19;4.00000000;1;;0.00000000;0;f;;0.00000000;f;0;0.00000000
2653;1d9b3e8e-f514-4ba7-a2ee-3ee5d837e24f;4;;118;12.00000000;1;;0.00000000;0;f;;0.00000000;f;0;0.00000000
2656;f676c1af-5ff2-4c11-8272-e2e8e99609f7;2;;111;4.00000000;1;;0.00000000;1;f;;0.00000000;f;0;0.00000000
2654;1bf7accd-9c6e-4408-a89b-b5a639df020b;2;;132;4.00000000;1;;0.00000000;0;f;;0.00000000;f;0;0.00000000
2692;1daa3d9f-c539-4f72-8f6c-3d852e715901;9;;232;2.00000000;1;503;0.00000000;1;f;;0.00000000;f;0;0.00000000
2693;85ea70f1-a9bf-405f-b78f-1dd35b4e162f;10;;233;3.00000000;1;503;0.00000000;1;f;;0.00000000;f;0;0.00000000
2694;1e095cfa-5ce9-4301-bc42-fbbafefde7bb;11;;235;1.00000000;1;503;0.00000000;1;f;;0.00000000;f;0;0.00000000
2695;829be44b-fc59-4d00-babb-732f6d722d62;12;;234;1.00000000;1;503;0.00000000;1;f;;0.00000000;f;0;0.00000000
2696;;9;;;;;;;;;;;;;
2697;;1;;;;;;;;;;;;;
2698;;700;;;;;;;;;;;;;
2699;;107;;;;;;;;;;;;;
2700;;52;;;;;;;;;;;;;
2701;;52;;;;;;;;;;;;;
2702;;2;;;;;;;;;;;;;
2703;;6;;;;;;;;;;;;;
2704;;12;;;;;;;;;;;;;
2705;;70;;;;;;;;;;;;;
2706;;1;;;;;;;;;;;;;
2707;;2;;;;;;;;;;;;;
2708;;1;;;;;;;;;;;;;
2709;;1;;;;;;;;;;;;;
2710;;0;;;;;;;;;;;;;
2711;;55;;;;;;;;;;;;;
2712;;0;;;;;;;;;;;;;
2713;;0;;;;;;;;;;;;;
2714;;0;;;;;;;;;;;;;
2715;;101;;;;;;;;;;;;;
2716;;204;;;;;;;;;;;;;
2717;;102;;;;;;;;;;;;;
2718;;102;;;;;;;;;;;;;
2719;;306;;;;;;;;;;;;;
2720;;50;;;;;;;;;;;;;
2721;;2;;;;;;;;;;;;;
2722;;2;;;;;;;;;;;;;
2723;;50;;;;;;;;;;;;;
2724;;9;;;;;;;;;;;;;
2725;;2;;;;;;;;;;;;;
2726;;2;;;;;;;;;;;;;
2727;;1;;;;;;;;;;;;;
2728;;10;;;;;;;;;;;;;
2729;;9;;;;;;;;;;;;;
2730;;9;;;;;;;;;;;;;
2731;;55;;;;;;;;;;;;;
2732;;40;;;;;;;;;;;;;
2733;;1;;;;;;;;;;;;;
2734;;0;;;;;;;;;;;;;
2735;;1;;;;;;;;;;;;;
2736;;1;;;;;;;;;;;;;
2737;;1;;;;;;;;;;;;;
2738;;1;;;;;;;;;;;;;
2739;;2;;;;;;;;;;;;;
2740;;3;;;;;;;;;;;;;
2741;;1;;;;;;;;;;;;;
2742;;1;;;;;;;;;;;;;
2743;;10;;;;;;;;;;;;;
2744;;0;;;;;;;;;;;;;
2745;;0;;;;;;;;;;;;;
2746;;0;;;;;;;;;;;;;
2747;;0;;;;;;;;;;;;;
2748;;0;;;;;;;;;;;;;
2749;;0;;;;;;;;;;;;;
2750;;0;;;;;;;;;;;;;
2751;;0;;;;;;;;;;;;;
2752;;0;;;;;;;;;;;;;
2753;;0;;;;;;;;;;;;;
2754;;0;;;;;;;;;;;;;
2755;;0;;;;;;;;;;;;;
2756;;0;;;;;;;;;;;;;
2757;;0;;;;;;;;;;;;;
2758;;0;;;;;;;;;;;;;
2759;;0;;;;;;;;;;;;;
2760;;6;;;;;;;;;;;;;
2773;32d35a4f-49fe-43eb-b25b-587686506be6;1;;255;1.00000000;1;505;0.00000000;1;f;;0.00000000;f;0;0.00000000
2774;e1504709-fdf3-4875-96c0-a31e67939d04;2;;289;1.00000000;1;505;0.00000000;1;f;;0.00000000;f;0;0.00000000
2775;cd52f67c-66d4-4fd6-b153-a3a6224ba6aa;3;;288;4.00000000;1;505;0.00000000;1;f;;0.00000000;f;0;0.00000000
2776;63eefefa-a181-4942-800d-9b3dd5e758dd;4;;564;2.00000000;1;505;0.00000000;1;f;;0.00000000;f;0;0.00000000
2777;;1;;;;;;;;;;;;;
2778;;1;;;;;;;;;;;;;
2779;;16;;;;;;;;;;;;;
2780;;2;;;;;;;;;;;;;
2781;;4;;;;;;;;;;;;;
2782;;1;;;;;;;;;;;;;
2783;;1;;;;;;;;;;;;;
2784;;1;;;;;;;;;;;;;
2785;;1;;;;;;;;;;;;;
2786;;1;;;;;;;;;;;;;
2787;;1;;;;;;;;;;;;;
2788;;1;;;;;;;;;;;;;
2789;;7;;;;;;;;;;;;;
2790;;7;;;;;;;;;;;;;
2791;e98a3b5b-49f5-47a9-ad3e-e4915ef927cc;1;;62;1.00000000;1;506;0.00000000;1;f;;0.00000000;f;0;0.00000000
2792;5a0ab387-58b9-411d-9f7b-9ec16521231b;2;;287;1.00000000;1;506;0.00000000;1;f;;0.00000000;f;0;0.00000000
2793;07a02540-3e54-4297-97ab-1959bc35709f;3;;569;1.00000000;1;506;0.00000000;1;f;;0.00000000;f;0;0.00000000
2794;9c91489a-f164-4b33-983e-982a124da591;4;;568;1.00000000;1;506;0.00000000;1;f;;0.00000000;f;0;0.00000000
2795;;0;;;;;;;;;;;;;
2796;;1;;;;;;;;;;;;;
2797;;1;;;;;;;;;;;;;
2798;;1;;;;;;;;;;;;;
2802;c734a986-5f71-4a9c-adfb-6ce1ccdc67c2;4;;341;1.00000000;0;507;0.00000000;0;f;;0.00000000;f;0;0.00000000
2805;e1103235-59ed-43b6-9c75-81c9c8d412c7;7;;143;12.00000000;0;507;0.00000000;0;f;;0.00000000;f;0;0.00000000
2806;4b84d9f9-3eba-4e71-bccc-026ec2f1f159;8;;320;0.55000000;0;507;0.00000000;0;f;;0.00000000;f;0;0.00000000
2822;;8;;;;;;;;;;;;;
2820;;60;;;;;;;;;;;;;
2800;458dd83c-8485-4228-8a04-6d798387e629;14;;437;6.00000000;1;507;0.00000000;0;f;;0.00000000;f;0;0.00000000
2807;9dd59bad-3258-40d5-adc5-c3b1ef0fcc9f;9;;32;0.10000000;1;;0.00000000;0;f;;0.00000000;f;0;0.00000000
2801;8b12e6b0-622d-4e25-bde0-4632af6fa0bd;18;;179;1.00000000;2;;0.00000000;0;f;;0.00000000;f;0;0.00000000
2823;;3;;;;;;;;;;;;;
2824;;1;;;;;;;;;;;;;
2958;;2300;;;;;;;;;;;;;
3025;;288;;;;;;;;;;;;;
3027;;144;;;;;;;;;;;;;
3029;;36;;;;;;;;;;;;;
3030;;108;;;;;;;;;;;;;
3031;;36;;;;;;;;;;;;;
3032;;108;;;;;;;;;;;;;
3033;;0;;;;;;;;;;;;;
2803;38438856-3457-4472-90d0-4204b5661f9c;5;;321;0.25000000;1;507;0.00000000;0;f;;0.00000000;f;0;0.00000000
2812;877f2702-9695-44e9-b988-8a0edab05584;14;;445;4.00000000;0;507;0.00000000;0;f;;0.00000000;f;0;0.00000000
2890;;208;;;;;;;;;;;;;
2818;8dbc3f4c-1892-4183-9b4e-00c3325eebb7;19;;149;4.00000000;1;507;0.00000000;1;f;;0.00000000;f;0;0.00000000
2891;;10;;;;;;;;;;;;;
2892;;0;;;;;;;;;;;;;
2893;;1;;;;;;;;;;;;;
2894;;0;;;;;;;;;;;;;
2895;;5;;;;;;;;;;;;;
2808;88cd4945-1bbf-4371-943f-21469ddc9ef4;8;;235;0.50000000;4;507;0.00000000;0;f;;0.00000000;f;0;0.00000000
2817;cccc72d7-9a13-4e13-b059-34c5474da9df;18;;132;4.00000000;1;507;0.00000000;0;f;;0.00000000;f;0;0.00000000
2813;9a4921ff-70d7-41ba-8788-ad613f79860d;5;;446;0.25000000;2;507;0.00000000;0;f;;0.00000000;f;0;0.00000000
2810;9f5c31a5-2870-437a-839f-92992fc785d4;10;;232;1.00000000;1;;0.00000000;0;f;;0.00000000;f;0;0.00000000
2809;84925c3b-9e07-4c03-a4cf-5205f569c3ec;10;;231;1.00000000;1;;0.00000000;0;f;;0.00000000;f;0;0.00000000
2816;2c716a25-9223-4e0f-a035-6a82ea5fc2e5;4;;303;0.12300000;2;;0.00000000;0;f;;0.00000000;f;0;0.00000000
2814;2e3dabea-b5ba-4e78-b414-9b98f0d43fbb;5;;462;4.00000000;1;;0.00000000;1;f;;0.00000000;f;0;0.00000000
2821;;0;;;;;;;;;;;;;
2825;;4;;;;;;;;;;;;;
2826;;20;;;;;;;;;;;;;
2827;;204;;;;;;;;;;;;;
2828;;102;;;;;;;;;;;;;
2829;;102;;;;;;;;;;;;;
2830;;102;;;;;;;;;;;;;
2831;;306;;;;;;;;;;;;;
2832;;0;;;;;;;;;;;;;
2833;;0;;;;;;;;;;;;;
2834;;0;;;;;;;;;;;;;
2835;;0;;;;;;;;;;;;;
2836;;0;;;;;;;;;;;;;
2837;;0;;;;;;;;;;;;;
2838;;0;;;;;;;;;;;;;
2839;;0;;;;;;;;;;;;;
2840;;0;;;;;;;;;;;;;
2841;;0;;;;;;;;;;;;;
2842;;0;;;;;;;;;;;;;
2843;;0;;;;;;;;;;;;;
2844;;2;;;;;;;;;;;;;
2845;;20;;;;;;;;;;;;;
2846;;5;;;;;;;;;;;;;
2847;;5;;;;;;;;;;;;;
2848;;5;;;;;;;;;;;;;
2849;;5;;;;;;;;;;;;;
2850;;15;;;;;;;;;;;;;
2851;;5;;;;;;;;;;;;;
2852;;8;;;;;;;;;;;;;
2853;;10;;;;;;;;;;;;;
2854;;5;;;;;;;;;;;;;
2855;;5;;;;;;;;;;;;;
2856;;5;;;;;;;;;;;;;
2857;;5;;;;;;;;;;;;;
2858;;30;;;;;;;;;;;;;
2859;;300;;;;;;;;;;;;;
2860;;38;;;;;;;;;;;;;
2861;;160;;;;;;;;;;;;;
2862;;80;;;;;;;;;;;;;
2863;;160;;;;;;;;;;;;;
2864;;80;;;;;;;;;;;;;
2865;;7;;;;;;;;;;;;;
2866;;25;;;;;;;;;;;;;
2867;;7;;;;;;;;;;;;;
2868;;4;;;;;;;;;;;;;
2869;;40;;;;;;;;;;;;;
2870;;20;;;;;;;;;;;;;
2871;;20;;;;;;;;;;;;;
2872;;20;;;;;;;;;;;;;
2873;;20;;;;;;;;;;;;;
2874;;160;;;;;;;;;;;;;
2875;;100;;;;;;;;;;;;;
2876;;50;;;;;;;;;;;;;
2877;;25;;;;;;;;;;;;;
2878;;8;;;;;;;;;;;;;
2879;;4;;;;;;;;;;;;;
2880;;2;;;;;;;;;;;;;
2881;;0;;;;;;;;;;;;;
2882;;100;;;;;;;;;;;;;
2883;;50;;;;;;;;;;;;;
2884;;0;;;;;;;;;;;;;
2885;;0;;;;;;;;;;;;;
2886;;50;;;;;;;;;;;;;
2887;;100;;;;;;;;;;;;;
2888;;6;;;;;;;;;;;;;
2889;;0;;;;;;;;;;;;;
2896;;40;;;;;;;;;;;;;
2897;;40;;;;;;;;;;;;;
2898;;40;;;;;;;;;;;;;
2899;;0;;;;;;;;;;;;;
2900;;1;;;;;;;;;;;;;
2901;;1;;;;;;;;;;;;;
2902;;1;;;;;;;;;;;;;
2903;;2200;;;;;;;;;;;;;
2904;;10;;;;;;;;;;;;;
2905;;3;;;;;;;;;;;;;
2906;;1;;;;;;;;;;;;;
2907;;10;;;;;;;;;;;;;
2908;;375;;;;;;;;;;;;;
2909;;125;;;;;;;;;;;;;
2910;;90;;;;;;;;;;;;;
2911;;1;;;;;;;;;;;;;
2912;;864;;;;;;;;;;;;;
2913;;1728;;;;;;;;;;;;;
2914;;864;;;;;;;;;;;;;
2915;;864;;;;;;;;;;;;;
2916;;32;;;;;;;;;;;;;
2917;;216;;;;;;;;;;;;;
2918;;108;;;;;;;;;;;;;
2919;;108;;;;;;;;;;;;;
2920;;108;;;;;;;;;;;;;
2921;;216;;;;;;;;;;;;;
2922;;864;;;;;;;;;;;;;
2923;;550;;;;;;;;;;;;;
2924;;275;;;;;;;;;;;;;
2925;;33;;;;;;;;;;;;;
2926;;138;;;;;;;;;;;;;
2927;;0;;;;;;;;;;;;;
2928;;454;;;;;;;;;;;;;
2929;;227;;;;;;;;;;;;;
2930;;114;;;;;;;;;;;;;
2931;;23;;;;;;;;;;;;;
2932;;98;;;;;;;;;;;;;
2933;;49;;;;;;;;;;;;;
2934;;24;;;;;;;;;;;;;
2935;;5;;;;;;;;;;;;;
2936;;15;;;;;;;;;;;;;
2937;;120;;;;;;;;;;;;;
2938;;30;;;;;;;;;;;;;
2939;;10;;;;;;;;;;;;;
2940;;20;;;;;;;;;;;;;
2941;;10;;;;;;;;;;;;;
2942;;2;;;;;;;;;;;;;
2943;;160;;;;;;;;;;;;;
2944;;40;;;;;;;;;;;;;
2945;;160;;;;;;;;;;;;;
3034;;7;;;;;;;;;;;;;
3036;;4;;;;;;;;;;;;;
3038;;0;;;;;;;;;;;;;
3040;;0;;;;;;;;;;;;;
3042;;2;;;;;;;;;;;;;
3044;;2;;;;;;;;;;;;;
3047;;4;;;;;;;;;;;;;
3049;;4;;;;;;;;;;;;;
3051;;1;;;;;;;;;;;;;
3053;;0;;;;;;;;;;;;;
3055;;1;;;;;;;;;;;;;
3057;;1;;;;;;;;;;;;;
3060;;0;;;;;;;;;;;;;
3062;;0;;;;;;;;;;;;;
3064;;0;;;;;;;;;;;;;
3066;;0;;;;;;;;;;;;;
3068;;0;;;;;;;;;;;;;
3070;;0;;;;;;;;;;;;;
3072;;72;;;;;;;;;;;;;
3074;;72;;;;;;;;;;;;;
3076;;0;;;;;;;;;;;;;
3078;;0;;;;;;;;;;;;;
3080;;0;;;;;;;;;;;;;
3082;;2;;;;;;;;;;;;;
3084;;4;;;;;;;;;;;;;
3086;;79;;;;;;;;;;;;;
3088;;79;;;;;;;;;;;;;
3090;;0;;;;;;;;;;;;;
3091;;760;;;;;;;;;;;;;
3093;;5;;;;;;;;;;;;;
3095;;380;;;;;;;;;;;;;
3097;;52;;;;;;;;;;;;;
3099;;95;;;;;;;;;;;;;
3101;;95;;;;;;;;;;;;;
3103;;13;;;;;;;;;;;;;
3104;;2;;;;;;;;;;;;;
3106;;4;;;;;;;;;;;;;
3108;;78;;;;;;;;;;;;;
3110;;0;;;;;;;;;;;;;
3113;;0;;;;;;;;;;;;;
3115;;80;;;;;;;;;;;;;
3117;;4;;;;;;;;;;;;;
3119;;4;;;;;;;;;;;;;
3121;;20;;;;;;;;;;;;;
3123;;10;;;;;;;;;;;;;
3125;;10;;;;;;;;;;;;;
3127;;0;;;;;;;;;;;;;
3129;;11;;;;;;;;;;;;;
3131;;11;;;;;;;;;;;;;
3133;;0;;;;;;;;;;;;;
3135;;104;;;;;;;;;;;;;
3137;;1;;;;;;;;;;;;;
3139;;1;;;;;;;;;;;;;
3141;;2;;;;;;;;;;;;;
3143;;26;;;;;;;;;;;;;
3145;;26;;;;;;;;;;;;;
3146;;28;;;;;;;;;;;;;
3148;;1;;;;;;;;;;;;;
3150;;228;;;;;;;;;;;;;
3152;;1;;;;;;;;;;;;;
3154;;0;;;;;;;;;;;;;
3156;;57;;;;;;;;;;;;;
3158;;57;;;;;;;;;;;;;
3035;;0;;;;;;;;;;;;;
3037;;4;;;;;;;;;;;;;
3039;;0;;;;;;;;;;;;;
3041;;1;;;;;;;;;;;;;
3043;;1;;;;;;;;;;;;;
3045;;0;;;;;;;;;;;;;
3046;;8;;;;;;;;;;;;;
3048;;8;;;;;;;;;;;;;
3050;;0;;;;;;;;;;;;;
3052;;0;;;;;;;;;;;;;
3054;;1;;;;;;;;;;;;;
3056;;1;;;;;;;;;;;;;
3058;;8;;;;;;;;;;;;;
3059;;0;;;;;;;;;;;;;
3061;;0;;;;;;;;;;;;;
3063;;0;;;;;;;;;;;;;
3065;;72;;;;;;;;;;;;;
3067;;2;;;;;;;;;;;;;
3069;;4;;;;;;;;;;;;;
3071;;72;;;;;;;;;;;;;
3073;;72;;;;;;;;;;;;;
3075;;0;;;;;;;;;;;;;
3077;;0;;;;;;;;;;;;;
3079;;0;;;;;;;;;;;;;
3081;;0;;;;;;;;;;;;;
3083;;0;;;;;;;;;;;;;
3085;;0;;;;;;;;;;;;;
3087;;79;;;;;;;;;;;;;
3089;;79;;;;;;;;;;;;;
3092;;28;;;;;;;;;;;;;
3094;;380;;;;;;;;;;;;;
3096;;10;;;;;;;;;;;;;
3098;;16;;;;;;;;;;;;;
3100;;190;;;;;;;;;;;;;
3102;;190;;;;;;;;;;;;;
3105;;0;;;;;;;;;;;;;
3107;;78;;;;;;;;;;;;;
3109;;78;;;;;;;;;;;;;
3111;;0;;;;;;;;;;;;;
3112;;80;;;;;;;;;;;;;
3114;;40;;;;;;;;;;;;;
3116;;40;;;;;;;;;;;;;
3118;;12;;;;;;;;;;;;;
3120;;0;;;;;;;;;;;;;
3122;;10;;;;;;;;;;;;;
3124;;10;;;;;;;;;;;;;
3126;;0;;;;;;;;;;;;;
3128;;4;;;;;;;;;;;;;
3130;;11;;;;;;;;;;;;;
3132;;11;;;;;;;;;;;;;
3134;;0;;;;;;;;;;;;;
3136;;4;;;;;;;;;;;;;
3138;;52;;;;;;;;;;;;;
3140;;7;;;;;;;;;;;;;
3142;;13;;;;;;;;;;;;;
3144;;13;;;;;;;;;;;;;
3147;;0;;;;;;;;;;;;;
3149;;228;;;;;;;;;;;;;
3151;;228;;;;;;;;;;;;;
3153;;6;;;;;;;;;;;;;
3155;;2;;;;;;;;;;;;;
3157;;114;;;;;;;;;;;;;
3159;;86;;;;;;;;;;;;;
3160;;124;;;;;;;;;;;;;
3161;;248;;;;;;;;;;;;;
3162;;124;;;;;;;;;;;;;
3163;;0;;;;;;;;;;;;;
3164;;16;;;;;;;;;;;;;
3165;;16;;;;;;;;;;;;;
3166;;16;;;;;;;;;;;;;
3167;;31;;;;;;;;;;;;;
3168;;31;;;;;;;;;;;;;
3169;;6;;;;;;;;;;;;;
3170;;6;;;;;;;;;;;;;
3171;;1;;;;;;;;;;;;;
3172;;248;;;;;;;;;;;;;
3173;;3;;;;;;;;;;;;;
3174;;9;;;;;;;;;;;;;
3175;;6;;;;;;;;;;;;;
3176;;6;;;;;;;;;;;;;
3177;;0;;;;;;;;;;;;;
3178;;1;;;;;;;;;;;;;
3179;;2;;;;;;;;;;;;;
3180;;36;;;;;;;;;;;;;
3181;;12;;;;;;;;;;;;;
3182;;12;;;;;;;;;;;;;
3183;;12;;;;;;;;;;;;;
3184;;0;;;;;;;;;;;;;
3185;;0;;;;;;;;;;;;;
3186;;2;;;;;;;;;;;;;
3187;;8;;;;;;;;;;;;;
3188;;4;;;;;;;;;;;;;
3189;;4;;;;;;;;;;;;;
3190;;4;;;;;;;;;;;;;
3191;;0;;;;;;;;;;;;;
3192;;1;;;;;;;;;;;;;
3193;;0;;;;;;;;;;;;;
3194;;0;;;;;;;;;;;;;
3195;;0;;;;;;;;;;;;;
3196;;1;;;;;;;;;;;;;
3197;;1;;;;;;;;;;;;;
3198;;4;;;;;;;;;;;;;
3199;;1800;;;;;;;;;;;;;
3200;;900;;;;;;;;;;;;;
3201;;900;;;;;;;;;;;;;
3202;;400;;;;;;;;;;;;;
3203;;900;;;;;;;;;;;;;
3204;;45;;;;;;;;;;;;;
3205;;57;;;;;;;;;;;;;
3206;;225;;;;;;;;;;;;;
3207;;675;;;;;;;;;;;;;
3208;;225;;;;;;;;;;;;;
3209;;225;;;;;;;;;;;;;
3210;;900;;;;;;;;;;;;;
3211;;13;;;;;;;;;;;;;
3212;;14;;;;;;;;;;;;;
3213;;112;;;;;;;;;;;;;
3214;;56;;;;;;;;;;;;;
3215;;56;;;;;;;;;;;;;
3216;;56;;;;;;;;;;;;;
3217;;0;;;;;;;;;;;;;
3218;;7;;;;;;;;;;;;;
3219;;7;;;;;;;;;;;;;
3220;;7;;;;;;;;;;;;;
3221;;14;;;;;;;;;;;;;
3222;;112;;;;;;;;;;;;;
3223;;0;;;;;;;;;;;;;
3224;;2;;;;;;;;;;;;;
3225;;0;;;;;;;;;;;;;
3226;;19;;;;;;;;;;;;;
3227;;8;;;;;;;;;;;;;
3228;;4;;;;;;;;;;;;;
3229;;8;;;;;;;;;;;;;
3230;;4;;;;;;;;;;;;;
3231;;0;;;;;;;;;;;;;
3232;;1;;;;;;;;;;;;;
3233;;0;;;;;;;;;;;;;
3234;;0;;;;;;;;;;;;;
3235;;1;;;;;;;;;;;;;
3236;;1;;;;;;;;;;;;;
3237;;1;;;;;;;;;;;;;
3238;;1;;;;;;;;;;;;;
3239;;8;;;;;;;;;;;;;
3240;;2;;;;;;;;;;;;;
3241;;6;;;;;;;;;;;;;
3242;;4;;;;;;;;;;;;;
3243;;4;;;;;;;;;;;;;
3244;;0;;;;;;;;;;;;;
3245;;0;;;;;;;;;;;;;
3246;;1;;;;;;;;;;;;;
3247;;24;;;;;;;;;;;;;
3248;;8;;;;;;;;;;;;;
3249;;8;;;;;;;;;;;;;
3250;;8;;;;;;;;;;;;;
3251;;0;;;;;;;;;;;;;
3252;;0;;;;;;;;;;;;;
3253;;1;;;;;;;;;;;;;
3254;;0;;;;;;;;;;;;;
3256;;94;;;;;;;;;;;;;
3258;;187;;;;;;;;;;;;;
3260;;28;;;;;;;;;;;;;
3262;;0;;;;;;;;;;;;;
3264;;30;;;;;;;;;;;;;
3266;;59;;;;;;;;;;;;;
3268;;9;;;;;;;;;;;;;
3270;;11;;;;;;;;;;;;;
3272;;4;;;;;;;;;;;;;
3274;;1;;;;;;;;;;;;;
3276;;1;;;;;;;;;;;;;
3278;;0;;;;;;;;;;;;;
3280;;22;;;;;;;;;;;;;
3282;;44;;;;;;;;;;;;;
3284;;7;;;;;;;;;;;;;
3286;;0;;;;;;;;;;;;;
3288;;42;;;;;;;;;;;;;
3290;;168;;;;;;;;;;;;;
3292;;13;;;;;;;;;;;;;
3294;;0;;;;;;;;;;;;;
3296;;6;;;;;;;;;;;;;
3298;;1;;;;;;;;;;;;;
3300;;3;;;;;;;;;;;;;
3301;;18;;;;;;;;;;;;;
3303;;4;;;;;;;;;;;;;
3305;;9;;;;;;;;;;;;;
3307;;4;;;;;;;;;;;;;
3309;;4;;;;;;;;;;;;;
3311;;6;;;;;;;;;;;;;
3313;;3;;;;;;;;;;;;;
3315;;3;;;;;;;;;;;;;
3316;;14;;;;;;;;;;;;;
3318;;1;;;;;;;;;;;;;
3321;;84;;;;;;;;;;;;;
3323;;3;;;;;;;;;;;;;
3325;;8;;;;;;;;;;;;;
3327;;10;;;;;;;;;;;;;
3329;;15;;;;;;;;;;;;;
3331;;21;;;;;;;;;;;;;
3332;;88;;;;;;;;;;;;;
3334;;88;;;;;;;;;;;;;
3336;;3;;;;;;;;;;;;;
3338;;11;;;;;;;;;;;;;
3340;;11;;;;;;;;;;;;;
3342;;88;;;;;;;;;;;;;
3343;;40;;;;;;;;;;;;;
3345;;20;;;;;;;;;;;;;
3347;;1;;;;;;;;;;;;;
3349;;6;;;;;;;;;;;;;
3351;;2;;;;;;;;;;;;;
3353;;2;;;;;;;;;;;;;
3355;;3;;;;;;;;;;;;;
3357;;64;;;;;;;;;;;;;
3359;;32;;;;;;;;;;;;;
3361;;26;;;;;;;;;;;;;
3363;;8;;;;;;;;;;;;;
3365;;16;;;;;;;;;;;;;
3367;;0;;;;;;;;;;;;;
3369;;14;;;;;;;;;;;;;
3371;;57;;;;;;;;;;;;;
3373;;57;;;;;;;;;;;;;
3376;;1;;;;;;;;;;;;;
3378;;89;;;;;;;;;;;;;
3380;;4;;;;;;;;;;;;;
3381;;0;;;;;;;;;;;;;
3383;;0;;;;;;;;;;;;;
3385;;0;;;;;;;;;;;;;
3387;;0;;;;;;;;;;;;;
3388;;75;;;;;;;;;;;;;
3389;;0;;;;;;;;;;;;;
3255;;3;;;;;;;;;;;;;
3257;;6;;;;;;;;;;;;;
3259;;19;;;;;;;;;;;;;
3261;;47;;;;;;;;;;;;;
3263;;1;;;;;;;;;;;;;
3265;;2;;;;;;;;;;;;;
3267;;6;;;;;;;;;;;;;
3269;;15;;;;;;;;;;;;;
3271;;7;;;;;;;;;;;;;
3273;;44;;;;;;;;;;;;;
3275;;22;;;;;;;;;;;;;
3277;;0;;;;;;;;;;;;;
3279;;1;;;;;;;;;;;;;
3281;;1;;;;;;;;;;;;;
3283;;4;;;;;;;;;;;;;
3285;;11;;;;;;;;;;;;;
3287;;1;;;;;;;;;;;;;
3289;;3;;;;;;;;;;;;;
3291;;8;;;;;;;;;;;;;
3293;;21;;;;;;;;;;;;;
3295;;0;;;;;;;;;;;;;
3297;;0;;;;;;;;;;;;;
3299;;2;;;;;;;;;;;;;
3302;;9;;;;;;;;;;;;;
3304;;1;;;;;;;;;;;;;
3306;;7;;;;;;;;;;;;;
3308;;4;;;;;;;;;;;;;
3310;;2;;;;;;;;;;;;;
3312;;5;;;;;;;;;;;;;
3314;;3;;;;;;;;;;;;;
3317;;7;;;;;;;;;;;;;
3319;;4;;;;;;;;;;;;;
3320;;84;;;;;;;;;;;;;
3322;;84;;;;;;;;;;;;;
3324;;17;;;;;;;;;;;;;
3326;;168;;;;;;;;;;;;;
3328;;10;;;;;;;;;;;;;
3330;;10;;;;;;;;;;;;;
3333;;176;;;;;;;;;;;;;
3335;;88;;;;;;;;;;;;;
3337;;22;;;;;;;;;;;;;
3339;;11;;;;;;;;;;;;;
3341;;22;;;;;;;;;;;;;
3344;;10;;;;;;;;;;;;;
3346;;20;;;;;;;;;;;;;
3348;;2;;;;;;;;;;;;;
3350;;80;;;;;;;;;;;;;
3352;;2;;;;;;;;;;;;;
3354;;2;;;;;;;;;;;;;
3356;;80;;;;;;;;;;;;;
3358;;16;;;;;;;;;;;;;
3360;;32;;;;;;;;;;;;;
3362;;128;;;;;;;;;;;;;
3364;;16;;;;;;;;;;;;;
3366;;8;;;;;;;;;;;;;
3368;;128;;;;;;;;;;;;;
3370;;1;;;;;;;;;;;;;
3372;;57;;;;;;;;;;;;;
3374;;2;;;;;;;;;;;;;
3375;;22;;;;;;;;;;;;;
3377;;89;;;;;;;;;;;;;
3379;;89;;;;;;;;;;;;;
3382;;0;;;;;;;;;;;;;
3384;;0;;;;;;;;;;;;;
3386;;0;;;;;;;;;;;;;
3390;;12;;;;;;;;;;;;;
3391;;6;;;;;;;;;;;;;
3392;;3;;;;;;;;;;;;;
3393;;1;;;;;;;;;;;;;
3394;;0;;;;;;;;;;;;;
3395;;7;;;;;;;;;;;;;
3396;;14;;;;;;;;;;;;;
3397;;1;;;;;;;;;;;;;
3398;;1;;;;;;;;;;;;;
3399;;23;;;;;;;;;;;;;
3400;;20;;;;;;;;;;;;;
3401;;10;;;;;;;;;;;;;
3402;;10;;;;;;;;;;;;;
3403;;10;;;;;;;;;;;;;
3404;;5;;;;;;;;;;;;;
3405;;9;;;;;;;;;;;;;
3406;;8;;;;;;;;;;;;;
3407;;5;;;;;;;;;;;;;
3408;;5;;;;;;;;;;;;;
3409;;5;;;;;;;;;;;;;
3410;;58;;;;;;;;;;;;;
3411;;29;;;;;;;;;;;;;
3412;;4;;;;;;;;;;;;;
3413;;14;;;;;;;;;;;;;
3414;;548;;;;;;;;;;;;;
3415;;274;;;;;;;;;;;;;
3416;;137;;;;;;;;;;;;;
3417;;27;;;;;;;;;;;;;
3418;;0;;;;;;;;;;;;;
3419;;0;;;;;;;;;;;;;
3420;;0;;;;;;;;;;;;;
3421;;0;;;;;;;;;;;;;
3422;;0;;;;;;;;;;;;;
3423;;0;;;;;;;;;;;;;
3424;;0;;;;;;;;;;;;;
3425;;0;;;;;;;;;;;;;
3426;;0;;;;;;;;;;;;;
3427;;1;;;;;;;;;;;;;
3428;;0;;;;;;;;;;;;;
3429;;2;;;;;;;;;;;;;
3430;;2;;;;;;;;;;;;;
3431;;2;;;;;;;;;;;;;
3432;;2;;;;;;;;;;;;;
3433;;0;;;;;;;;;;;;;
3434;;9;;;;;;;;;;;;;
3435;;27;;;;;;;;;;;;;
3436;;18;;;;;;;;;;;;;
3437;;18;;;;;;;;;;;;;
3438;;0;;;;;;;;;;;;;
3439;;2;;;;;;;;;;;;;
3440;;5;;;;;;;;;;;;;
3441;;108;;;;;;;;;;;;;
3442;;36;;;;;;;;;;;;;
3443;;36;;;;;;;;;;;;;
3444;;36;;;;;;;;;;;;;
3445;;1;;;;;;;;;;;;;
3446;;0;;;;;;;;;;;;;
3447;;4;;;;;;;;;;;;;
3448;;2;;;;;;;;;;;;;
3449;;0;;;;;;;;;;;;;
3450;;2;;;;;;;;;;;;;
3451;;0;;;;;;;;;;;;;
3452;;10;;;;;;;;;;;;;
3453;;0;;;;;;;;;;;;;
3454;;1;;;;;;;;;;;;;
3455;;1;;;;;;;;;;;;;
3456;;60;;;;;;;;;;;;;
3457;;30;;;;;;;;;;;;;
3458;;4;;;;;;;;;;;;;
3459;;0;;;;;;;;;;;;;
3460;;0;;;;;;;;;;;;;
3461;;100;;;;;;;;;;;;;
3462;;50;;;;;;;;;;;;;
3463;;0;;;;;;;;;;;;;
3464;;5;;;;;;;;;;;;;
3465;;76;;;;;;;;;;;;;
3466;;152;;;;;;;;;;;;;
3467;;76;;;;;;;;;;;;;
3468;;76;;;;;;;;;;;;;
3469;;3;;;;;;;;;;;;;
3470;;19;;;;;;;;;;;;;
3471;;10;;;;;;;;;;;;;
3472;;10;;;;;;;;;;;;;
3473;;10;;;;;;;;;;;;;
3474;;19;;;;;;;;;;;;;
3475;;76;;;;;;;;;;;;;
3476;;504;;;;;;;;;;;;;
3477;;19;;;;;;;;;;;;;
3478;;252;;;;;;;;;;;;;
3479;;504;;;;;;;;;;;;;
3480;;252;;;;;;;;;;;;;
3481;;252;;;;;;;;;;;;;
3482;;57;;;;;;;;;;;;;
3484;;189;;;;;;;;;;;;;
3486;;189;;;;;;;;;;;;;
3488;;13;;;;;;;;;;;;;
3490;;0;;;;;;;;;;;;;
3492;;0;;;;;;;;;;;;;
3494;;0;;;;;;;;;;;;;
3496;;0;;;;;;;;;;;;;
3498;;0;;;;;;;;;;;;;
3500;;0;;;;;;;;;;;;;
3502;;16;;;;;;;;;;;;;
3504;;16;;;;;;;;;;;;;
3505;;0;;;;;;;;;;;;;
3507;;2;;;;;;;;;;;;;
3509;;3;;;;;;;;;;;;;
3511;;0;;;;;;;;;;;;;
3513;;0;;;;;;;;;;;;;
3515;;7;;;;;;;;;;;;;
3517;;14;;;;;;;;;;;;;
3519;;2;;;;;;;;;;;;;
3522;;0;;;;;;;;;;;;;
3524;;0;;;;;;;;;;;;;
3526;;2;;;;;;;;;;;;;
3528;;4;;;;;;;;;;;;;
3530;;2;;;;;;;;;;;;;
3532;;0;;;;;;;;;;;;;
3534;;16;;;;;;;;;;;;;
3536;;8;;;;;;;;;;;;;
3538;;2;;;;;;;;;;;;;
3540;;1;;;;;;;;;;;;;
3542;;2;;;;;;;;;;;;;
3545;;4;;;;;;;;;;;;;
3547;;2;;;;;;;;;;;;;
3550;;16;;;;;;;;;;;;;
3552;;8;;;;;;;;;;;;;
3554;;2;;;;;;;;;;;;;
3556;;1;;;;;;;;;;;;;
3558;;2;;;;;;;;;;;;;
3561;;2;;;;;;;;;;;;;
3563;;0;;;;;;;;;;;;;
3483;;63;;;;;;;;;;;;;
3485;;63;;;;;;;;;;;;;
3487;;0;;;;;;;;;;;;;
3489;;0;;;;;;;;;;;;;
3491;;0;;;;;;;;;;;;;
3493;;0;;;;;;;;;;;;;
3495;;16;;;;;;;;;;;;;
3497;;0;;;;;;;;;;;;;
3499;;4;;;;;;;;;;;;;
3501;;16;;;;;;;;;;;;;
3503;;16;;;;;;;;;;;;;
3506;;0;;;;;;;;;;;;;
3508;;3;;;;;;;;;;;;;
3510;;3;;;;;;;;;;;;;
3512;;0;;;;;;;;;;;;;
3514;;0;;;;;;;;;;;;;
3516;;0;;;;;;;;;;;;;
3518;;1;;;;;;;;;;;;;
3520;;4;;;;;;;;;;;;;
3521;;0;;;;;;;;;;;;;
3523;;8;;;;;;;;;;;;;
3525;;15;;;;;;;;;;;;;
3527;;2;;;;;;;;;;;;;
3529;;4;;;;;;;;;;;;;
3531;;0;;;;;;;;;;;;;
3533;;8;;;;;;;;;;;;;
3535;;8;;;;;;;;;;;;;
3537;;0;;;;;;;;;;;;;
3539;;1;;;;;;;;;;;;;
3541;;1;;;;;;;;;;;;;
3543;;8;;;;;;;;;;;;;
3544;;2;;;;;;;;;;;;;
3546;;0;;;;;;;;;;;;;
3548;;0;;;;;;;;;;;;;
3549;;8;;;;;;;;;;;;;
3551;;8;;;;;;;;;;;;;
3553;;0;;;;;;;;;;;;;
3555;;1;;;;;;;;;;;;;
3557;;1;;;;;;;;;;;;;
3559;;8;;;;;;;;;;;;;
3560;;4;;;;;;;;;;;;;
3562;;1;;;;;;;;;;;;;
3564;;10;;;;;;;;;;;;;
3565;;0;;;;;;;;;;;;;
3566;;168;;;;;;;;;;;;;
3567;;42;;;;;;;;;;;;;
3568;;84;;;;;;;;;;;;;
3569;;84;;;;;;;;;;;;;
3570;;7;;;;;;;;;;;;;
3571;;4;;;;;;;;;;;;;
3572;;7;;;;;;;;;;;;;
3573;;21;;;;;;;;;;;;;
3574;;168;;;;;;;;;;;;;
3575;;21;;;;;;;;;;;;;
3576;;21;;;;;;;;;;;;;
3577;;21;;;;;;;;;;;;;
3578;;21;;;;;;;;;;;;;
3579;;168;;;;;;;;;;;;;
3580;;0;;;;;;;;;;;;;
3581;;0;;;;;;;;;;;;;
3582;;40;;;;;;;;;;;;;
3583;;40;;;;;;;;;;;;;
3584;;135;;;;;;;;;;;;;
3585;;135;;;;;;;;;;;;;
3586;;5;;;;;;;;;;;;;
3587;;15;;;;;;;;;;;;;
3588;;15;;;;;;;;;;;;;
3589;;5;;;;;;;;;;;;;
3590;;2;;;;;;;;;;;;;
3591;;2;;;;;;;;;;;;;
3592;;9;;;;;;;;;;;;;
3593;;4;;;;;;;;;;;;;
3594;;3;;;;;;;;;;;;;
3595;;84;;;;;;;;;;;;;
3596;;6;;;;;;;;;;;;;
3597;;3;;;;;;;;;;;;;
3598;;12;;;;;;;;;;;;;
3599;;0;;;;;;;;;;;;;
3600;;72;;;;;;;;;;;;;
3601;;1;;;;;;;;;;;;;
3602;;4;;;;;;;;;;;;;
3603;;4;;;;;;;;;;;;;
3604;;12;;;;;;;;;;;;;
3605;;48;;;;;;;;;;;;;
3606;;3;;;;;;;;;;;;;
3607;;38;;;;;;;;;;;;;
3608;;0;;;;;;;;;;;;;
3609;;0;;;;;;;;;;;;;
3610;;0;;;;;;;;;;;;;
3611;;0;;;;;;;;;;;;;
3612;;70;;;;;;;;;;;;;
3613;;70;;;;;;;;;;;;;
3614;;78;;;;;;;;;;;;;
3615;;18;;;;;;;;;;;;;
3616;;9;;;;;;;;;;;;;
3617;;4;;;;;;;;;;;;;
3618;;1;;;;;;;;;;;;;
3619;;1;;;;;;;;;;;;;
3620;;1;;;;;;;;;;;;;
3621;;2;;;;;;;;;;;;;
3622;;0;;;;;;;;;;;;;
3623;;24;;;;;;;;;;;;;
3624;;3;;;;;;;;;;;;;
3625;;6;;;;;;;;;;;;;
3626;;291;;;;;;;;;;;;;
3637;2ee2895b-86e3-4d3f-a77b-a45230a051ad;4;;231;0.50000000;0;509;0.00000000;0;f;;0.00000000;f;0;0.00000000
3638;2eb0b9c4-b9ed-4d6d-9251-ef6f6b1470b1;5;;232;0.50000000;0;509;0.00000000;0;f;;0.00000000;f;0;0.00000000
3639;4a3245d3-5784-49ac-a826-89e9abc509e9;6;;233;0.75000000;0;509;0.00000000;0;f;;0.00000000;f;0;0.00000000
3640;38d59622-6798-4ac9-96a7-07b88e774c64;7;;32;0.04500000;0;509;0.00000000;0;f;;0.00000000;f;0;0.00000000
3642;396d3d3f-e25b-4007-8d25-58a11bf3dd2e;1;;231;0.50000000;0;510;0.00000000;0;f;;0.00000000;f;0;0.00000000
3634;b7da0e96-74ee-47ea-903a-da485b392cee;1;;187;0.20000000;1;;0.00000000;0;f;;0.00000000;f;0;0.00000000
3635;09d4232b-6fa6-42f3-b7f2-5aed574dad90;6;;220;0.20000000;1;;0.00000000;0;f;;0.00000000;f;0;0.00000000
3636;48730e9c-5ce3-458f-8e4a-a061ab775874;5;;197;0.20000000;1;;0.00000000;0;f;;0.00000000;f;0;0.00000000
3641;e7da3749-8268-48db-85db-b76248759678;5;;179;1.00000000;2;509;0.00000000;1;f;;0.00000000;f;0;0.00000000
3644;155ca49e-e71f-43ad-bc4b-40edaae937f0;3;;232;0.50000000;0;510;0.00000000;0;f;;0.00000000;f;0;0.00000000
3645;4ff235a4-6341-4054-9c84-202e83f2e146;4;;233;0.75000000;0;510;0.00000000;0;f;;0.00000000;f;0;0.00000000
3643;c6131f6e-b987-42d4-b2d6-fdb53d6a5091;2;;179;0.80000000;1;510;0.00000000;1;f;;0.00000000;f;0;0.00000000
3647;f4ec2534-3b53-4d2b-95f8-49105ab0ba25;1;;231;0.50000000;0;511;0.00000000;0;f;;0.00000000;f;0;0.00000000
3649;504e98b7-f4d7-424f-a9af-d3f730e7658f;3;;232;0.50000000;0;511;0.00000000;0;f;;0.00000000;f;0;0.00000000
3650;e3b392ce-0701-4331-a88d-825f017b542d;4;;233;0.75000000;0;511;0.00000000;0;f;;0.00000000;f;0;0.00000000
3646;bc4e9384-0684-44c3-b780-6d7b06f08513;1;;32;0.04500000;1;510;0.00000000;0;f;;0.00000000;f;0;0.00000000
2819;1e9f2a25-1713-4d74-9398-208ffa13cfc5;1;;303;0.08000000;4;507;0.00000000;1;f;;0.00000000;f;0;0.00000000
3651;2576436a-36e3-4e4f-8cc1-6511e681ce8e;5;;32;0.04500000;0;511;0.00000000;0;f;;0.00000000;f;0;0.00000000
3648;5505dd9f-3262-4a1d-ab16-99e66b80ac5d;2;;179;0.67000000;2;511;0.00000000;1;f;;0.00000000;f;0;0.00000000
3652;ec34a014-3152-45f5-bc1f-65812fe28487;6;;197;0.20000000;2;511;0.00000000;1;f;;0.00000000;f;0;0.00000000
3653;;5;;;;;;;;;;;;;
3654;;80;;;;;;;;;;;;;
3655;;80;;;;;;;;;;;;;
3656;;3;;;;;;;;;;;;;
3657;;8;;;;;;;;;;;;;
3658;;8;;;;;;;;;;;;;
3659;;10;;;;;;;;;;;;;
3660;;10;;;;;;;;;;;;;
3661;;14;;;;;;;;;;;;;
3662;;10;;;;;;;;;;;;;
3663;;80;;;;;;;;;;;;;
3664;;80;;;;;;;;;;;;;
3665;;80;;;;;;;;;;;;;
3666;;4;;;;;;;;;;;;;
3667;;8;;;;;;;;;;;;;
3668;;0;;;;;;;;;;;;;
3669;;4;;;;;;;;;;;;;
3670;;1;;;;;;;;;;;;;
3671;;0;;;;;;;;;;;;;
3672;;38;;;;;;;;;;;;;
3673;;336;;;;;;;;;;;;;
3674;;8;;;;;;;;;;;;;
3675;;186;;;;;;;;;;;;;
3676;;31;;;;;;;;;;;;;
3677;;31;;;;;;;;;;;;;
3678;;12;;;;;;;;;;;;;
3679;;9;;;;;;;;;;;;;
3680;;372;;;;;;;;;;;;;
3681;;17;;;;;;;;;;;;;
3682;;3;;;;;;;;;;;;;
3683;;31;;;;;;;;;;;;;
3684;;31;;;;;;;;;;;;;
3685;;31;;;;;;;;;;;;;
3686;;62;;;;;;;;;;;;;
3687;;124;;;;;;;;;;;;;
3688;;8;;;;;;;;;;;;;
3689;;124;;;;;;;;;;;;;
3690;;248;;;;;;;;;;;;;
3691;;4;;;;;;;;;;;;;
3692;;124;;;;;;;;;;;;;
3693;;124;;;;;;;;;;;;;
3694;;0;;;;;;;;;;;;;
3695;;50;;;;;;;;;;;;;
3696;;50;;;;;;;;;;;;;
3697;;5;;;;;;;;;;;;;
3698;;20;;;;;;;;;;;;;
3699;;10;;;;;;;;;;;;;
3700;;0;;;;;;;;;;;;;
3701;;1;;;;;;;;;;;;;
3702;;2;;;;;;;;;;;;;
3703;;2;;;;;;;;;;;;;
3704;;1;;;;;;;;;;;;;
3705;;1;;;;;;;;;;;;;
3706;;1;;;;;;;;;;;;;
3707;;1;;;;;;;;;;;;;
3708;;1;;;;;;;;;;;;;
3709;;1;;;;;;;;;;;;;
3710;;1;;;;;;;;;;;;;
3711;;500;;;;;;;;;;;;;
3712;;4;;;;;;;;;;;;;
3713;;4;;;;;;;;;;;;;
3714;;2;;;;;;;;;;;;;
3715;;2;;;;;;;;;;;;;
3716;;2;;;;;;;;;;;;;
3717;;2;;;;;;;;;;;;;
3718;;1;;;;;;;;;;;;;
3719;;1;;;;;;;;;;;;;
3720;;1;;;;;;;;;;;;;
3721;;4;;;;;;;;;;;;;
3722;;2;;;;;;;;;;;;;
3723;;2;;;;;;;;;;;;;
3724;;0;;;;;;;;;;;;;
3725;;50;;;;;;;;;;;;;
3726;;0;;;;;;;;;;;;;
3727;;0;;;;;;;;;;;;;
3728;;24;;;;;;;;;;;;;
3729;;0;;;;;;;;;;;;;
3730;;0;;;;;;;;;;;;;
3731;;0;;;;;;;;;;;;;
3732;;40;;;;;;;;;;;;;
3733;;2;;;;;;;;;;;;;
3734;;20;;;;;;;;;;;;;
3735;;40;;;;;;;;;;;;;
3736;;20;;;;;;;;;;;;;
3737;;20;;;;;;;;;;;;;
3738;;5;;;;;;;;;;;;;
3739;;5;;;;;;;;;;;;;
3740;;15;;;;;;;;;;;;;
3741;;5;;;;;;;;;;;;;
3742;;15;;;;;;;;;;;;;
3743;;0;;;;;;;;;;;;;
3744;;1;;;;;;;;;;;;;
3745;;0;;;;;;;;;;;;;
3746;;0;;;;;;;;;;;;;
3747;;4;;;;;;;;;;;;;
3748;;6;;;;;;;;;;;;;
3749;;6;;;;;;;;;;;;;
3750;;6;;;;;;;;;;;;;
3751;;0;;;;;;;;;;;;;
3752;;0;;;;;;;;;;;;;
3753;;480;;;;;;;;;;;;;
3754;;120;;;;;;;;;;;;;
3755;;240;;;;;;;;;;;;;
3756;;240;;;;;;;;;;;;;
3757;;18;;;;;;;;;;;;;
3758;;0;;;;;;;;;;;;;
3759;;21;;;;;;;;;;;;;
3760;;60;;;;;;;;;;;;;
3761;;480;;;;;;;;;;;;;
3762;;60;;;;;;;;;;;;;
3763;;60;;;;;;;;;;;;;
3764;;60;;;;;;;;;;;;;
3765;;60;;;;;;;;;;;;;
3766;;480;;;;;;;;;;;;;
3767;;296;;;;;;;;;;;;;
3768;;148;;;;;;;;;;;;;
3769;;296;;;;;;;;;;;;;
3770;;148;;;;;;;;;;;;;
3771;;13;;;;;;;;;;;;;
3772;;40;;;;;;;;;;;;;
3773;;7;;;;;;;;;;;;;
3774;;74;;;;;;;;;;;;;
3775;;37;;;;;;;;;;;;;
3776;;37;;;;;;;;;;;;;
3777;;37;;;;;;;;;;;;;
3778;;37;;;;;;;;;;;;;
3779;;296;;;;;;;;;;;;;
3780;;88;;;;;;;;;;;;;
3781;;88;;;;;;;;;;;;;
3782;;44;;;;;;;;;;;;;
3783;;88;;;;;;;;;;;;;
3784;;44;;;;;;;;;;;;;
3785;;4;;;;;;;;;;;;;
3786;;14;;;;;;;;;;;;;
3787;;4;;;;;;;;;;;;;
3788;;2;;;;;;;;;;;;;
3789;;22;;;;;;;;;;;;;
3790;;11;;;;;;;;;;;;;
3791;;11;;;;;;;;;;;;;
3792;;11;;;;;;;;;;;;;
3793;;11;;;;;;;;;;;;;
3794;;40;;;;;;;;;;;;;
3795;;10;;;;;;;;;;;;;
3796;;20;;;;;;;;;;;;;
3797;;20;;;;;;;;;;;;;
3798;;0;;;;;;;;;;;;;
3799;;2;;;;;;;;;;;;;
3800;;6;;;;;;;;;;;;;
3801;;80;;;;;;;;;;;;;
3804;;2;;;;;;;;;;;;;
3807;;80;;;;;;;;;;;;;
3809;;5;;;;;;;;;;;;;
3812;;5;;;;;;;;;;;;;
3815;;20;;;;;;;;;;;;;
3818;;20;;;;;;;;;;;;;
3822;;4;;;;;;;;;;;;;
3825;;4;;;;;;;;;;;;;
3828;;16;;;;;;;;;;;;;
3831;;5;;;;;;;;;;;;;
3834;;5;;;;;;;;;;;;;
3837;;20;;;;;;;;;;;;;
3839;;238;;;;;;;;;;;;;
3840;;238;;;;;;;;;;;;;
3841;;238;;;;;;;;;;;;;
3802;;2;;;;;;;;;;;;;
3805;;2;;;;;;;;;;;;;
3810;;10;;;;;;;;;;;;;
3813;;1;;;;;;;;;;;;;
3816;;2;;;;;;;;;;;;;
3819;;5;;;;;;;;;;;;;
3820;;4;;;;;;;;;;;;;
3823;;4;;;;;;;;;;;;;
3826;;4;;;;;;;;;;;;;
3829;;5;;;;;;;;;;;;;
3832;;5;;;;;;;;;;;;;
3835;;5;;;;;;;;;;;;;
3803;;2;;;;;;;;;;;;;
3806;;3;;;;;;;;;;;;;
3808;;8;;;;;;;;;;;;;
3811;;5;;;;;;;;;;;;;
3814;;20;;;;;;;;;;;;;
3817;;1;;;;;;;;;;;;;
3821;;8;;;;;;;;;;;;;
3824;;1;;;;;;;;;;;;;
3827;;16;;;;;;;;;;;;;
3830;;10;;;;;;;;;;;;;
3833;;1;;;;;;;;;;;;;
3836;;20;;;;;;;;;;;;;
3838;;238;;;;;;;;;;;;;
3842;;12;;;;;;;;;;;;;
3843;;12;;;;;;;;;;;;;
3844;;12;;;;;;;;;;;;;
3845;;10;;;;;;;;;;;;;
2811;1300bb3d-b8b7-4e46-aa64-e7cac773bb1e;6;;233;1.50000000;2;507;0.00000000;0;f;;0.00000000;f;0;0.00000000
3846;;12;;;;;;;;;;;;;
3847;;12;;;;;;;;;;;;;
3848;;12;;;;;;;;;;;;;
3849;;5;;;;;;;;;;;;;
3850;;7;;;;;;;;;;;;;
3851;;12;;;;;;;;;;;;;
3852;;12;;;;;;;;;;;;;
3853;;7;;;;;;;;;;;;;
3854;;12;;;;;;;;;;;;;
3855;;12;;;;;;;;;;;;;
3856;;1;;;;;;;;;;;;;
3857;;1;;;;;;;;;;;;;
3858;;0;;;;;;;;;;;;;
3859;;2;;;;;;;;;;;;;
3860;;0;;;;;;;;;;;;;
3861;;5;;;;;;;;;;;;;
3862;;0;;;;;;;;;;;;;
3863;;1;;;;;;;;;;;;;
3864;;1;;;;;;;;;;;;;
3865;;7;;;;;;;;;;;;;
3866;;48;;;;;;;;;;;;;
3867;;24;;;;;;;;;;;;;
3868;;0;;;;;;;;;;;;;
3869;;2;;;;;;;;;;;;;
3870;;1;;;;;;;;;;;;;
3871;;2;;;;;;;;;;;;;
3872;;2;;;;;;;;;;;;;
3873;;2;;;;;;;;;;;;;
3874;;1;;;;;;;;;;;;;
3875;;0;;;;;;;;;;;;;
3876;;2;;;;;;;;;;;;;
3877;;0;;;;;;;;;;;;;
3878;;5;;;;;;;;;;;;;
3879;;0;;;;;;;;;;;;;
3880;;1;;;;;;;;;;;;;
3881;;1;;;;;;;;;;;;;
3882;;0;;;;;;;;;;;;;
3883;;0;;;;;;;;;;;;;
3884;;2;;;;;;;;;;;;;
3885;;0;;;;;;;;;;;;;
3886;;5;;;;;;;;;;;;;
3887;;0;;;;;;;;;;;;;
3888;;1;;;;;;;;;;;;;
3889;;1;;;;;;;;;;;;;
3890;;0;;;;;;;;;;;;;
3891;;0;;;;;;;;;;;;;
3892;;0;;;;;;;;;;;;;
3893;;0;;;;;;;;;;;;;
3894;;0;;;;;;;;;;;;;
3895;;0;;;;;;;;;;;;;
3896;;0;;;;;;;;;;;;;
3897;;10;;;;;;;;;;;;;
3898;;60;;;;;;;;;;;;;
3900;1e6918a5-9af1-48ea-b7f5-c5ccf75a59a6;2;;235;1.00000000;0;512;0.00000000;0;f;;0.00000000;f;0;0.00000000
3901;058faca3-2de2-40ea-a1a1-521cca66d944;3;;231;2.00000000;0;512;0.00000000;0;f;;0.00000000;f;0;0.00000000
3903;f8fe6c4b-5cc5-4073-a253-0e9f42b88041;5;;233;1.00000000;0;512;0.00000000;0;f;;0.00000000;f;0;0.00000000
3909;5c1f4846-d6de-4acd-98ff-ea2ad6383832;11;;19;4.00000000;0;512;0.00000000;0;f;;0.00000000;f;0;0.00000000
3910;7b981939-e07c-4b35-b647-684a584b62fe;12;;430;1.00000000;1;;0.00000000;0;f;;0.00000000;f;0;0.00000000
3912;98e03684-c877-43f0-80d2-51fc8349f22a;0;;202;0.00000000;1;;0.00000000;1;f;;0.00000000;f;0;0.00000000
3904;a4daa9f5-64f0-455d-8b52-7e67a9fe9b1d;4;;32;0.20000000;1;512;0.00000000;0;f;;0.00000000;f;0;0.00000000
3899;58821b00-6286-4c3a-b134-dc99c0cca644;9;;192;0.56000000;2;512;0.00000000;0;f;;0.00000000;f;0;0.00000000
3913;ed789ad4-eb34-43bd-bbf9-9b42920df862;11;;202;0.40000000;2;512;0.00000000;1;f;;0.00000000;f;0;0.00000000
3908;c18aa886-ee76-4302-9348-9f6e7650152b;2;;390;0.25000000;1;;0.00000000;0;f;;0.00000000;f;0;0.00000000
3907;03e7ed10-fe18-42e3-86db-eee6a677752c;2;;186;0.40000000;1;;0.00000000;0;f;;0.00000000;f;0;0.00000000
3911;f79c12b0-14fe-44fd-94d4-509b1bc657ce;10;;200;0.20000000;2;512;0.00000000;1;f;;0.00000000;f;0;0.00000000
3918;ef293f3e-460f-4a19-a0cd-818a41a034f1;1;;235;1.00000000;0;513;0.00000000;0;f;;0.00000000;f;0;0.00000000
2374;4db69fda-55df-47d2-8794-af962c03ced3;16;;340;0.50000000;1;488;0.00000000;1;f;;0.00000000;f;0;0.00000000
2388;72e0dc61-3638-44ea-ba1f-a41f9f5996ac;3;;179;2.00000000;2;488;0.00000000;1;f;;0.00000000;f;0;0.00000000
3914;;10;;;;;;;;;;;;;
3915;;6;;;;;;;;;;;;;
3916;;9;;;;;;;;;;;;;
3917;1337e434-b52e-4059-83e1-182c2721f2e3;10;;15;4.00000000;0;512;0.00000000;1;f;;0.00000000;f;0;0.00000000
3902;1bb22286-6459-4ea3-a8ce-d00f86906736;6;;232;1.00000000;1;512;0.00000000;0;f;;0.00000000;f;0;0.00000000
3906;a061d9be-3cff-40ee-b950-c69cd1a52068;8;;148;4.00000000;1;;0.00000000;0;f;;0.00000000;f;0;0.00000000
3905;204a16ee-6e62-4bc8-92c8-1ee71804e243;4;;118;4.00000000;1;;0.00000000;0;f;;0.00000000;f;0;0.00000000
3919;a064daef-e4c7-4f98-9987-23c7bdcfe0c4;2;;231;2.00000000;0;513;0.00000000;0;f;;0.00000000;f;0;0.00000000
3920;a794e812-e8e3-44e9-aa02-7d539ae68131;3;;32;0.20000000;0;513;0.00000000;0;f;;0.00000000;f;0;0.00000000
3921;1ae5a221-1634-4361-a81b-7dea95a58798;4;;233;1.00000000;0;513;0.00000000;0;f;;0.00000000;f;0;0.00000000
3922;ed1c48f2-9516-4293-a095-5f5162c25ffe;5;;232;1.00000000;0;513;0.00000000;0;f;;0.00000000;f;0;0.00000000
3923;3b22e51d-1ecb-49d5-80d6-7b1b8aa7fb5e;6;;192;0.56000000;0;513;0.00000000;0;f;;0.00000000;f;0;0.00000000
3924;23e8ac29-64c6-444d-80ca-b76e9ae33991;7;;15;4.00000000;0;513;0.00000000;1;f;;0.00000000;f;0;0.00000000
4017;;204;;;;;;;;;;;;;
4018;;14;;;;;;;;;;;;;
4019;;1;;;;;;;;;;;;;
4020;;24;;;;;;;;;;;;;
4021;;4;;;;;;;;;;;;;
4022;;4;;;;;;;;;;;;;
4023;;2;;;;;;;;;;;;;
3927;a2f942cd-24f0-41cc-81e7-715ade76bca9;10;;19;4.00000000;0;513;0.00000000;0;f;;0.00000000;f;0;0.00000000
3928;443eda79-d808-4233-af2c-bd7d694e12d9;1;;235;1.00000000;0;514;0.00000000;0;f;;0.00000000;f;0;0.00000000
3929;a4cd584a-fa54-4fd5-9d00-d0f810373dde;2;;231;2.00000000;0;514;0.00000000;0;f;;0.00000000;f;0;0.00000000
3930;186df919-4fdd-4db5-bf32-93f0209228eb;3;;32;0.20000000;0;514;0.00000000;0;f;;0.00000000;f;0;0.00000000
3931;5a6224e1-e897-4f8e-89ae-eb9b8cda9cfc;4;;233;1.00000000;0;514;0.00000000;0;f;;0.00000000;f;0;0.00000000
3932;24628338-db1f-47f6-8f2d-2824afecc5cc;5;;232;1.00000000;0;514;0.00000000;0;f;;0.00000000;f;0;0.00000000
3933;72678c98-c564-43cb-b6b9-f777bac9f394;6;;192;0.56000000;0;514;0.00000000;0;f;;0.00000000;f;0;0.00000000
3934;89b8a353-4606-4b28-8428-a8c300230983;7;;15;4.00000000;0;514;0.00000000;1;f;;0.00000000;f;0;0.00000000
3937;3d718cf7-ebc4-4632-af78-76269d49e01b;10;;19;4.00000000;0;514;0.00000000;0;f;;0.00000000;f;0;0.00000000
3936;d459045b-786f-4a02-ad01-02afdb7ba917;9;;202;0.25000000;1;514;0.00000000;1;f;;0.00000000;f;0;0.00000000
3935;f6e904e9-71d9-4826-8e1e-2eb576da096c;8;;200;0.15000000;1;514;0.00000000;1;f;;0.00000000;f;0;0.00000000
3925;6e963c45-7b42-4c9d-a2e6-8731e0de8460;8;;200;0.15000000;1;513;0.00000000;1;f;;0.00000000;f;0;0.00000000
3926;a47bb155-0bbe-4934-8ea4-131b6351107f;9;;202;0.45000000;1;513;0.00000000;1;f;;0.00000000;f;0;0.00000000
3938;;60;;;;;;;;;;;;;
3939;;12;;;;;;;;;;;;;
3940;;9;;;;;;;;;;;;;
3941;;10;;;;;;;;;;;;;
3942;;0;;;;;;;;;;;;;
3943;;4;;;;;;;;;;;;;
3944;89eea0b3-d5e7-47ec-a7a0-4509890cebe9;0;;607;0.00000000;0;;0.00000000;1;f;;0.00000000;f;0;0.00000000
3945;9991a0f8-ddd0-4936-8686-06508f19f727;16;;607;8.00000000;0;507;0.00000000;1;f;;0.00000000;f;0;0.00000000
2815;70c99b5e-d3bf-42e2-8d04-d8110e0e4e6e;4;;463;4.00000000;4;507;0.00000000;1;f;;0.00000000;f;0;0.00000000
3946;5c173594-6235-40b7-b9e6-dce916b8e25b;7;;571;3.00000000;0;487;0.00000000;1;f;;0.00000000;f;0;0.00000000
2358;3f285ae2-6d1e-41e1-a50e-6f1aeb80e898;4;;233;2.00000000;1;487;0.00000000;1;f;;0.00000000;f;0;0.00000000
2354;be49f2d7-54ef-425e-bc0c-3bb3a2084e75;14;;437;16.00000000;2;;0.00000000;1;f;;0.00000000;f;0;0.00000000
2357;6709116c-9044-47e2-9f91-aac0d50c692a;11;;143;28.00000000;1;;0.00000000;1;f;;0.00000000;f;0;0.00000000
2362;65235fef-3f18-4f89-8a86-c5688aa676eb;6;;462;4.00000000;1;;0.00000000;1;f;;0.00000000;f;0;0.00000000
2360;e97ec212-4144-4c62-9aa4-d43406615718;7;;463;12.00000000;1;;0.00000000;1;f;;0.00000000;f;0;0.00000000
2369;945c96d5-e74a-4cb9-a54a-70d7b47140d8;1;;341;1.00000000;2;;0.00000000;1;f;;0.00000000;f;0;0.00000000
2365;b61d9ddf-5b50-46aa-a1f2-95feafd7ae81;3;;322;0.60000000;1;;0.00000000;1;f;;0.00000000;f;0;0.00000000
2364;90855799-91be-4d39-9bd4-36c7b7a4a922;3;;303;0.24600000;1;;0.00000000;1;f;;0.00000000;f;0;0.00000000
2366;3de4f7bf-efaa-4a69-a03b-e0ab46408f22;2;;321;0.80000000;1;;0.00000000;1;f;;0.00000000;f;0;0.00000000
2353;65736a38-d9f3-4e94-9351-dc898f8aa97e;7;;340;0.50000000;1;;0.00000000;1;f;;0.00000000;f;0;0.00000000
3947;;2;;;;;;;;;;;;;
3948;;1;;;;;;;;;;;;;
3949;;0;;;;;;;;;;;;;
3950;;0;;;;;;;;;;;;;
3951;;8;;;;;;;;;;;;;
3952;;2;;;;;;;;;;;;;
3953;;4;;;;;;;;;;;;;
3954;;4;;;;;;;;;;;;;
3955;;0;;;;;;;;;;;;;
3956;;0;;;;;;;;;;;;;
3957;;0;;;;;;;;;;;;;
3958;;1;;;;;;;;;;;;;
3959;;8;;;;;;;;;;;;;
3960;;1;;;;;;;;;;;;;
3961;;1;;;;;;;;;;;;;
3962;;1;;;;;;;;;;;;;
3963;;1;;;;;;;;;;;;;
3964;;8;;;;;;;;;;;;;
3965;;4;;;;;;;;;;;;;
3966;;2;;;;;;;;;;;;;
3967;;0;;;;;;;;;;;;;
3968;;0;;;;;;;;;;;;;
3969;;4;;;;;;;;;;;;;
3970;;2;;;;;;;;;;;;;
3971;;0;;;;;;;;;;;;;
3972;;0;;;;;;;;;;;;;
3973;;1;;;;;;;;;;;;;
3974;;3;;;;;;;;;;;;;
3975;;2;;;;;;;;;;;;;
3976;;2;;;;;;;;;;;;;
3977;;0;;;;;;;;;;;;;
3978;;0;;;;;;;;;;;;;
3979;;1;;;;;;;;;;;;;
3980;;12;;;;;;;;;;;;;
3981;;4;;;;;;;;;;;;;
3982;;4;;;;;;;;;;;;;
3983;;4;;;;;;;;;;;;;
3984;;0;;;;;;;;;;;;;
3985;;0;;;;;;;;;;;;;
3986;;1;;;;;;;;;;;;;
3987;;2;;;;;;;;;;;;;
3988;;8;;;;;;;;;;;;;
3989;;24;;;;;;;;;;;;;
3990;;16;;;;;;;;;;;;;
3991;;64;;;;;;;;;;;;;
3992;;16;;;;;;;;;;;;;
3993;;32;;;;;;;;;;;;;
3994;;32;;;;;;;;;;;;;
3995;;0;;;;;;;;;;;;;
3996;;3;;;;;;;;;;;;;
3997;;4;;;;;;;;;;;;;
3998;;64;;;;;;;;;;;;;
3999;;0;;;;;;;;;;;;;
4000;;1;;;;;;;;;;;;;
4001;;28;;;;;;;;;;;;;
4002;;68;;;;;;;;;;;;;
4003;;136;;;;;;;;;;;;;
4004;;3;;;;;;;;;;;;;
4005;;4;;;;;;;;;;;;;
4006;;17;;;;;;;;;;;;;
4007;;34;;;;;;;;;;;;;
4008;;7;;;;;;;;;;;;;
4009;;5;;;;;;;;;;;;;
4010;;204;;;;;;;;;;;;;
4011;;9;;;;;;;;;;;;;
4012;;2;;;;;;;;;;;;;
4013;;2;;;;;;;;;;;;;
4014;;17;;;;;;;;;;;;;
4015;;17;;;;;;;;;;;;;
4016;;17;;;;;;;;;;;;;
4024;;1;;;;;;;;;;;;;
4027;;0;;;;;;;;;;;;;
4030;;4;;;;;;;;;;;;;
4033;;1;;;;;;;;;;;;;
4036;;0;;;;;;;;;;;;;
4040;;1;;;;;;;;;;;;;
4043;;16;;;;;;;;;;;;;
4046;;0;;;;;;;;;;;;;
4049;;0;;;;;;;;;;;;;
4052;;0;;;;;;;;;;;;;
4025;;48;;;;;;;;;;;;;
4028;;4;;;;;;;;;;;;;
4031;;8;;;;;;;;;;;;;
4034;;16;;;;;;;;;;;;;
4037;;16;;;;;;;;;;;;;
4041;;1;;;;;;;;;;;;;
4044;;2;;;;;;;;;;;;;
4047;;1;;;;;;;;;;;;;
4050;;16;;;;;;;;;;;;;
4026;;2;;;;;;;;;;;;;
4029;;4;;;;;;;;;;;;;
4032;;16;;;;;;;;;;;;;
4035;;32;;;;;;;;;;;;;
4038;;16;;;;;;;;;;;;;
4039;;3;;;;;;;;;;;;;
4042;;1;;;;;;;;;;;;;
4045;;12;;;;;;;;;;;;;
4048;;1;;;;;;;;;;;;;
4051;;1;;;;;;;;;;;;;
4053;;1;;;;;;;;;;;;;
4054;;1;;;;;;;;;;;;;
4055;;2;;;;;;;;;;;;;
4056;;60;;;;;;;;;;;;;
4057;;10;;;;;;;;;;;;;
4058;;10;;;;;;;;;;;;;
4059;;4;;;;;;;;;;;;;
4060;;3;;;;;;;;;;;;;
4061;;120;;;;;;;;;;;;;
4062;;6;;;;;;;;;;;;;
4063;;1;;;;;;;;;;;;;
4064;;10;;;;;;;;;;;;;
4065;;10;;;;;;;;;;;;;
4066;;10;;;;;;;;;;;;;
4067;;20;;;;;;;;;;;;;
4068;;40;;;;;;;;;;;;;
4069;;2;;;;;;;;;;;;;
4070;;40;;;;;;;;;;;;;
4071;;80;;;;;;;;;;;;;
4072;;1;;;;;;;;;;;;;
4073;;40;;;;;;;;;;;;;
4074;;40;;;;;;;;;;;;;
4075;;40;;;;;;;;;;;;;
4076;;80;;;;;;;;;;;;;
4077;;2;;;;;;;;;;;;;
4078;;2;;;;;;;;;;;;;
4079;;10;;;;;;;;;;;;;
4080;;20;;;;;;;;;;;;;
4081;;4;;;;;;;;;;;;;
4082;;3;;;;;;;;;;;;;
4083;;120;;;;;;;;;;;;;
4084;;6;;;;;;;;;;;;;
4085;;1;;;;;;;;;;;;;
4086;;1;;;;;;;;;;;;;
4087;;10;;;;;;;;;;;;;
4088;;10;;;;;;;;;;;;;
4089;;10;;;;;;;;;;;;;
4090;;120;;;;;;;;;;;;;
4091;;8;;;;;;;;;;;;;
4092;;0;;;;;;;;;;;;;
4093;;63;;;;;;;;;;;;;
4094;;0;;;;;;;;;;;;;
4095;;0;;;;;;;;;;;;;
4096;;0;;;;;;;;;;;;;
4097;;1;;;;;;;;;;;;;
4098;;1;;;;;;;;;;;;;
4099;;40;;;;;;;;;;;;;
4100;;40;;;;;;;;;;;;;
4101;;2;;;;;;;;;;;;;
4102;;4;;;;;;;;;;;;;
4103;;4;;;;;;;;;;;;;
4104;;5;;;;;;;;;;;;;
4105;;5;;;;;;;;;;;;;
4106;;7;;;;;;;;;;;;;
4107;;5;;;;;;;;;;;;;
4108;;40;;;;;;;;;;;;;
4109;;40;;;;;;;;;;;;;
4110;;40;;;;;;;;;;;;;
4111;;12;;;;;;;;;;;;;
4112;;11;;;;;;;;;;;;;
4113;;10;;;;;;;;;;;;;
4114;;1;;;;;;;;;;;;;
4115;;1;;;;;;;;;;;;;
4116;;50;;;;;;;;;;;;;
4117;;10;;;;;;;;;;;;;
4118;;40;;;;;;;;;;;;;
4119;;5;;;;;;;;;;;;;
4120;;10;;;;;;;;;;;;;
4121;;46;;;;;;;;;;;;;
4122;;11;;;;;;;;;;;;;
4123;;9;;;;;;;;;;;;;
4124;;1;;;;;;;;;;;;;
4125;;1;;;;;;;;;;;;;
4126;;1;;;;;;;;;;;;;
4127;;1;;;;;;;;;;;;;
4128;;20;;;;;;;;;;;;;
4129;;1;;;;;;;;;;;;;
4130;;1;;;;;;;;;;;;;
4131;;20;;;;;;;;;;;;;
4132;;0;;;;;;;;;;;;;
4133;;9;;;;;;;;;;;;;
4134;;3;;;;;;;;;;;;;
4135;;3;;;;;;;;;;;;;
4136;;3;;;;;;;;;;;;;
4137;;3;;;;;;;;;;;;;
4138;;2;;;;;;;;;;;;;
4139;;3;;;;;;;;;;;;;
4140;;3;;;;;;;;;;;;;
4141;;3;;;;;;;;;;;;;
4142;;3;;;;;;;;;;;;;
4143;;3;;;;;;;;;;;;;
4144;;3;;;;;;;;;;;;;
4145;;3;;;;;;;;;;;;;
4146;;3;;;;;;;;;;;;;
4147;;3;;;;;;;;;;;;;
4148;;3;;;;;;;;;;;;;
4149;;3;;;;;;;;;;;;;
4150;;30;;;;;;;;;;;;;
4151;;10;;;;;;;;;;;;;
4152;;3;;;;;;;;;;;;;
4153;;3;;;;;;;;;;;;;
4154;;3;;;;;;;;;;;;;
4155;;0;;;;;;;;;;;;;
4156;;1;;;;;;;;;;;;;
4157;;2;;;;;;;;;;;;;
4158;;0;;;;;;;;;;;;;
4159;;0;;;;;;;;;;;;;
4160;;80;;;;;;;;;;;;;
4161;;40;;;;;;;;;;;;;
4162;;20;;;;;;;;;;;;;
4163;;5;;;;;;;;;;;;;
4164;;50;;;;;;;;;;;;;
4165;;2;;;;;;;;;;;;;
4166;;12;;;;;;;;;;;;;
4167;;25;;;;;;;;;;;;;
4168;;25;;;;;;;;;;;;;
4169;;2;;;;;;;;;;;;;
4170;;1;;;;;;;;;;;;;
4171;;0;;;;;;;;;;;;;
4172;;0;;;;;;;;;;;;;
4173;;34;;;;;;;;;;;;;
4174;;17;;;;;;;;;;;;;
4175;;2;;;;;;;;;;;;;
4176;;8;;;;;;;;;;;;;
4177;;0;;;;;;;;;;;;;
4178;;76;;;;;;;;;;;;;
4179;;38;;;;;;;;;;;;;
4180;;19;;;;;;;;;;;;;
4181;;4;;;;;;;;;;;;;
4182;;4;;;;;;;;;;;;;
4183;;2;;;;;;;;;;;;;
4184;;4;;;;;;;;;;;;;
4185;;8;;;;;;;;;;;;;
4186;;8;;;;;;;;;;;;;
4187;;8;;;;;;;;;;;;;
4188;;0;;;;;;;;;;;;;
4189;;0;;;;;;;;;;;;;
4190;;0;;;;;;;;;;;;;
4191;;2;;;;;;;;;;;;;
4192;;2;;;;;;;;;;;;;
4193;;8;;;;;;;;;;;;;
4194;;8;;;;;;;;;;;;;
4195;;0;;;;;;;;;;;;;
4196;;0;;;;;;;;;;;;;
4197;;0;;;;;;;;;;;;;
4198;;0;;;;;;;;;;;;;
4199;;0;;;;;;;;;;;;;
4200;;0;;;;;;;;;;;;;
4203;;0;;;;;;;;;;;;;
4206;;5;;;;;;;;;;;;;
4209;;5;;;;;;;;;;;;;
4212;;0;;;;;;;;;;;;;
4215;;5;;;;;;;;;;;;;
4218;;0;;;;;;;;;;;;;
4221;;2;;;;;;;;;;;;;
4224;;0;;;;;;;;;;;;;
4229;;8;;;;;;;;;;;;;
4232;;2;;;;;;;;;;;;;
4236;;1;;;;;;;;;;;;;
4239;;35;;;;;;;;;;;;;
4242;;9;;;;;;;;;;;;;
4244;;6;;;;;;;;;;;;;
4249;;1;;;;;;;;;;;;;
4252;;1;;;;;;;;;;;;;
4255;;0;;;;;;;;;;;;;
4259;;484;;;;;;;;;;;;;
4262;;0;;;;;;;;;;;;;
4263;;64;;;;;;;;;;;;;
4266;;2;;;;;;;;;;;;;
4269;;128;;;;;;;;;;;;;
4272;;11;;;;;;;;;;;;;
4275;;8;;;;;;;;;;;;;
4278;;4;;;;;;;;;;;;;
4281;;1;;;;;;;;;;;;;
4284;;2;;;;;;;;;;;;;
4289;;128;;;;;;;;;;;;;
4292;;128;;;;;;;;;;;;;
4295;;96;;;;;;;;;;;;;
4298;;0;;;;;;;;;;;;;
4300;;0;;;;;;;;;;;;;
4303;;0;;;;;;;;;;;;;
4306;;2;;;;;;;;;;;;;
4309;;0;;;;;;;;;;;;;
4312;;2;;;;;;;;;;;;;
4315;;2;;;;;;;;;;;;;
4317;;0;;;;;;;;;;;;;
4320;;4;;;;;;;;;;;;;
4323;;1;;;;;;;;;;;;;
4326;;1;;;;;;;;;;;;;
4329;;2;;;;;;;;;;;;;
4332;;20;;;;;;;;;;;;;
4335;;1;;;;;;;;;;;;;
4338;;15;;;;;;;;;;;;;
4341;;20;;;;;;;;;;;;;
4344;;216;;;;;;;;;;;;;
4347;;108;;;;;;;;;;;;;
4350;;14;;;;;;;;;;;;;
4353;;216;;;;;;;;;;;;;
4355;;1;;;;;;;;;;;;;
4358;;8;;;;;;;;;;;;;
4361;;4;;;;;;;;;;;;;
4364;;1;;;;;;;;;;;;;
4367;;0;;;;;;;;;;;;;
4371;;32;;;;;;;;;;;;;
4374;;8;;;;;;;;;;;;;
4377;;4;;;;;;;;;;;;;
4382;;8;;;;;;;;;;;;;
4385;;1;;;;;;;;;;;;;
4388;;1;;;;;;;;;;;;;
4391;;1;;;;;;;;;;;;;
4201;;0;;;;;;;;;;;;;
4204;;2;;;;;;;;;;;;;
4207;;5;;;;;;;;;;;;;
4210;;0;;;;;;;;;;;;;
4213;;3;;;;;;;;;;;;;
4216;;5;;;;;;;;;;;;;
4219;;1;;;;;;;;;;;;;
4222;;0;;;;;;;;;;;;;
4225;;0;;;;;;;;;;;;;
4227;;3;;;;;;;;;;;;;
4230;;0;;;;;;;;;;;;;
4233;;2;;;;;;;;;;;;;
4237;;18;;;;;;;;;;;;;
4240;;4;;;;;;;;;;;;;
4245;;0;;;;;;;;;;;;;
4247;;3;;;;;;;;;;;;;
4250;;1;;;;;;;;;;;;;
4253;;0;;;;;;;;;;;;;
4256;;0;;;;;;;;;;;;;
4260;;29;;;;;;;;;;;;;
4264;;64;;;;;;;;;;;;;
4267;;13;;;;;;;;;;;;;
4270;;8;;;;;;;;;;;;;
4273;;8;;;;;;;;;;;;;
4276;;0;;;;;;;;;;;;;
4279;;4;;;;;;;;;;;;;
4282;;0;;;;;;;;;;;;;
4285;;1;;;;;;;;;;;;;
4287;;256;;;;;;;;;;;;;
4290;;256;;;;;;;;;;;;;
4293;;30;;;;;;;;;;;;;
4296;;32;;;;;;;;;;;;;
4299;;6;;;;;;;;;;;;;
4301;;0;;;;;;;;;;;;;
4304;;0;;;;;;;;;;;;;
4307;;0;;;;;;;;;;;;;
4310;;1;;;;;;;;;;;;;
4313;;2;;;;;;;;;;;;;
4318;;0;;;;;;;;;;;;;
4321;;4;;;;;;;;;;;;;
4324;;0;;;;;;;;;;;;;
4327;;2;;;;;;;;;;;;;
4330;;40;;;;;;;;;;;;;
4333;;25;;;;;;;;;;;;;
4336;;6;;;;;;;;;;;;;
4339;;5;;;;;;;;;;;;;
4342;;24;;;;;;;;;;;;;
4345;;108;;;;;;;;;;;;;
4348;;0;;;;;;;;;;;;;
4351;;14;;;;;;;;;;;;;
4356;;3;;;;;;;;;;;;;
4359;;2;;;;;;;;;;;;;
4362;;0;;;;;;;;;;;;;
4365;;8;;;;;;;;;;;;;
4368;;8;;;;;;;;;;;;;
4369;;32;;;;;;;;;;;;;
4372;;32;;;;;;;;;;;;;
4375;;4;;;;;;;;;;;;;
4378;;8;;;;;;;;;;;;;
4380;;8;;;;;;;;;;;;;
4383;;4;;;;;;;;;;;;;
4386;;0;;;;;;;;;;;;;
4389;;1;;;;;;;;;;;;;
4392;;8;;;;;;;;;;;;;
4202;;0;;;;;;;;;;;;;
4205;;0;;;;;;;;;;;;;
4208;;5;;;;;;;;;;;;;
4211;;0;;;;;;;;;;;;;
4214;;5;;;;;;;;;;;;;
4217;;0;;;;;;;;;;;;;
4220;;0;;;;;;;;;;;;;
4223;;3;;;;;;;;;;;;;
4226;;1;;;;;;;;;;;;;
4228;;0;;;;;;;;;;;;;
4231;;15;;;;;;;;;;;;;
4234;;4;;;;;;;;;;;;;
4235;;9;;;;;;;;;;;;;
4238;;1;;;;;;;;;;;;;
4241;;5;;;;;;;;;;;;;
4243;;12;;;;;;;;;;;;;
4246;;1;;;;;;;;;;;;;
4248;;0;;;;;;;;;;;;;
4251;;1;;;;;;;;;;;;;
4254;;0;;;;;;;;;;;;;
4257;;0;;;;;;;;;;;;;
4258;;242;;;;;;;;;;;;;
4261;;242;;;;;;;;;;;;;
4265;;64;;;;;;;;;;;;;
4268;;0;;;;;;;;;;;;;
4271;;8;;;;;;;;;;;;;
4274;;16;;;;;;;;;;;;;
4277;;0;;;;;;;;;;;;;
4280;;0;;;;;;;;;;;;;
4283;;1;;;;;;;;;;;;;
4286;;2;;;;;;;;;;;;;
4288;;10;;;;;;;;;;;;;
4291;;128;;;;;;;;;;;;;
4294;;32;;;;;;;;;;;;;
4297;;96;;;;;;;;;;;;;
4302;;0;;;;;;;;;;;;;
4305;;0;;;;;;;;;;;;;
4308;;0;;;;;;;;;;;;;
4311;;0;;;;;;;;;;;;;
4314;;2;;;;;;;;;;;;;
4316;;4;;;;;;;;;;;;;
4319;;4;;;;;;;;;;;;;
4322;;0;;;;;;;;;;;;;
4325;;0;;;;;;;;;;;;;
4328;;1;;;;;;;;;;;;;
4331;;20;;;;;;;;;;;;;
4334;;20;;;;;;;;;;;;;
4337;;5;;;;;;;;;;;;;
4340;;5;;;;;;;;;;;;;
4343;;27;;;;;;;;;;;;;
4346;;108;;;;;;;;;;;;;
4349;;14;;;;;;;;;;;;;
4352;;27;;;;;;;;;;;;;
4354;;0;;;;;;;;;;;;;
4357;;2;;;;;;;;;;;;;
4360;;4;;;;;;;;;;;;;
4363;;1;;;;;;;;;;;;;
4366;;0;;;;;;;;;;;;;
4370;;64;;;;;;;;;;;;;
4373;;1;;;;;;;;;;;;;
4376;;4;;;;;;;;;;;;;
4379;;32;;;;;;;;;;;;;
4381;;4;;;;;;;;;;;;;
4384;;0;;;;;;;;;;;;;
4387;;0;;;;;;;;;;;;;
4390;;1;;;;;;;;;;;;;
4393;;1;;;;;;;;;;;;;
4394;d22bc2e4-d433-4649-bd26-d6001d94dd17;1;;118;8.00000000;0;515;0.00000000;0;f;;0.00000000;f;0;0.00000000
4395;72e67a27-5e0b-4e49-8b9b-3739da1c83f0;2;;192;1.30000000;0;515;0.00000000;0;f;;0.00000000;f;0;0.00000000
4396;a36513fd-e3c9-49a5-ae61-d11938cf57d3;3;;19;4.00000000;0;515;0.00000000;0;f;;0.00000000;f;0;0.00000000
4397;9015fdda-45a4-47ad-85b4-b849aec5160f;4;;30;0.25000000;0;515;0.00000000;0;f;;0.00000000;f;0;0.00000000
4398;c265ea9e-347c-4806-98c4-8aa898ae3597;5;;235;2.00000000;0;515;0.00000000;0;f;;0.00000000;f;0;0.00000000
4399;78055807-c5d1-44dc-af58-e9ff7f368357;6;;231;3.00000000;0;515;0.00000000;0;f;;0.00000000;f;0;0.00000000
4400;be7e4d94-6fff-4747-bfa1-086d00fb66c1;7;;232;2.00000000;0;515;0.00000000;0;f;;0.00000000;f;0;0.00000000
4401;a52041cc-2bd3-41c5-9840-be0b9fc6fddb;8;;233;1.00000000;0;515;0.00000000;0;f;;0.00000000;f;0;0.00000000
4402;;5;;;;;;;;;;;;;
4403;;50;;;;;;;;;;;;;
4404;;74;;;;;;;;;;;;;
4405;;37;;;;;;;;;;;;;
4406;;0;;;;;;;;;;;;;
4407;;4;;;;;;;;;;;;;
4408;;60;;;;;;;;;;;;;
4409;;60;;;;;;;;;;;;;
4410;;60;;;;;;;;;;;;;
4411;;2;;;;;;;;;;;;;
4412;;12;;;;;;;;;;;;;
4413;;0;;;;;;;;;;;;;
4414;;120;;;;;;;;;;;;;
4415;;8;;;;;;;;;;;;;
4416;;8;;;;;;;;;;;;;
4417;;10;;;;;;;;;;;;;
4418;;8;;;;;;;;;;;;;
4419;;15;;;;;;;;;;;;;
4420;;3;;;;;;;;;;;;;
4421;1849c3f7-f25d-4dbb-9fcb-fe4b6faa4019;1;;235;1.00000000;0;516;0.00000000;0;f;;0.00000000;f;0;0.00000000
4422;8ae60bec-5c3b-4cc2-a213-9dad42a95c33;2;;231;2.00000000;0;516;0.00000000;0;f;;0.00000000;f;0;0.00000000
4423;d78bf9f7-c941-4312-ad89-9dc3d39cf2cc;3;;232;1.00000000;0;516;0.00000000;0;f;;0.00000000;f;0;0.00000000
4424;90f2e69c-5aac-465b-a5e9-bddba3cf7bc2;4;;233;1.00000000;0;516;0.00000000;0;f;;0.00000000;f;0;0.00000000
4425;bec02e7f-e288-4056-bb1b-f13d74a9ea65;5;;28;0.20000000;0;516;0.00000000;0;f;;0.00000000;f;0;0.00000000
4430;345e2d3e-a1f0-4691-883c-a2d63a4ed2d9;7;;20;4.00000000;0;516;0.00000000;1;f;;0.00000000;f;0;0.00000000
4431;e6b839b4-9607-41f8-8309-a2783f18e70a;8;;186;1.00000000;0;516;0.00000000;1;f;;0.00000000;f;0;0.00000000
4432;31b4a7c2-6470-4e9e-b173-c62f93364ce7;9;;214;0.80000000;0;516;0.00000000;1;f;;0.00000000;f;0;0.00000000
4435;13b1b112-f47d-4fde-8349-27fdcce8e4a9;0;;110;0.00000000;0;;0.00000000;1;f;;0.00000000;f;0;0.00000000
4434;087cca8a-2188-4c36-82f4-bc45d631e6bb;10;;148;4.00000000;1;516;0.00000000;1;f;;0.00000000;f;0;0.00000000
4436;79cafceb-1c4f-47f2-b244-8757e4a52477;11;;110;4.00000000;1;516;0.00000000;1;f;;0.00000000;f;0;0.00000000
4433;f764a602-5392-4e6b-9e37-61c1587307e5;0;;390;0.60000000;1;;0.00000000;1;f;;0.00000000;f;0;0.00000000
2799;bb903ba6-35b7-493e-9e2e-08222c0e800f;1;;340;0.07000000;3;507;0.00000000;0;f;;0.00000000;f;0;0.00000000
4429;11c8bf69-1f8d-4cf7-96a6-4c56d3002414;1;;106;4.00000000;1;516;0.00000000;0;f;;0.00000000;f;0;0.00000000
4428;01562102-1427-42c8-97e4-21243fdeafe7;8;;309;4.00000000;1;;0.00000000;0;f;;0.00000000;f;0;0.00000000
4427;58286c16-8aeb-4bf3-af82-fcb09d882fa4;2;;202;1.00000000;1;;0.00000000;0;f;;0.00000000;f;0;0.00000000
4426;a0d45fa5-68d8-43ef-8b6d-e9893707ca3b;2;;191;1.00000000;1;;0.00000000;0;f;;0.00000000;f;0;0.00000000
4437;7e5664f8-5a79-4496-95e6-2c33128da89b;12;;201;0.60000000;2;516;0.00000000;1;f;;0.00000000;f;0;0.00000000
4438;;20;;;;;;;;;;;;;
4439;;1;;;;;;;;;;;;;
4440;;15;;;;;;;;;;;;;
4441;;3;;;;;;;;;;;;;
4442;;4;;;;;;;;;;;;;
4443;;3;;;;;;;;;;;;;
4444;;0;;;;;;;;;;;;;
4445;;7;;;;;;;;;;;;;
4446;;50;;;;;;;;;;;;;
4447;;50;;;;;;;;;;;;;
4448;;50;;;;;;;;;;;;;
4449;;218;;;;;;;;;;;;;
4450;;7;;;;;;;;;;;;;
4451;;100;;;;;;;;;;;;;
4452;;100;;;;;;;;;;;;;
4453;;100;;;;;;;;;;;;;
4454;;4;;;;;;;;;;;;;
4455;;20;;;;;;;;;;;;;
4456;;0;;;;;;;;;;;;;
4457;;200;;;;;;;;;;;;;
4458;;12;;;;;;;;;;;;;
4459;;12;;;;;;;;;;;;;
4460;;18;;;;;;;;;;;;;
4461;;12;;;;;;;;;;;;;
4462;;25;;;;;;;;;;;;;
4463;;2;;;;;;;;;;;;;
4464;;83;;;;;;;;;;;;;
4465;;100;;;;;;;;;;;;;
4467;2e6e412e-a89f-469b-9399-9f455d2aa596;2;;639;1.00000000;1;517;0.00000000;1;f;;0.00000000;f;0;0.00000000
4466;2583ba9e-96c4-46fb-81ce-734161491215;1;;62;1.00000000;1;517;0.00000000;1;f;;0.00000000;f;0;0.00000000
4471;1fd9f836-8563-40fd-a0d2-24b272e12e50;6;;621;1.00000000;1;517;0.00000000;1;f;;0.00000000;f;0;0.00000000
4469;28a2be0b-703a-4af4-ace4-f4b43454ecfa;4;;619;1.00000000;1;517;0.00000000;1;f;;0.00000000;f;0;0.00000000
4468;85b4ca7e-c03f-4c5c-85c3-257731e8f676;3;;514;1.00000000;1;517;0.00000000;1;f;;0.00000000;f;0;0.00000000
4470;d3729b92-b874-4ae0-89f9-2688bfcdb8d2;5;;620;1.00000000;1;517;0.00000000;1;f;;0.00000000;f;0;0.00000000
4472;;1;;;;;;;;;;;;;
4473;;1;;;;;;;;;;;;;
4474;;1;;;;;;;;;;;;;
4475;;1;;;;;;;;;;;;;
4476;;1;;;;;;;;;;;;;
4477;;1;;;;;;;;;;;;;
4478;;1;;;;;;;;;;;;;
4479;;1;;;;;;;;;;;;;
4480;;133;;;;;;;;;;;;;
2804;f639037a-2143-449e-9c95-a924de6a2c5e;6;;322;0.30000000;2;507;0.00000000;0;f;;0.00000000;f;0;0.00000000
4481;;80;;;;;;;;;;;;;
4482;;40;;;;;;;;;;;;;
4483;;0;;;;;;;;;;;;;
4484;;5;;;;;;;;;;;;;
4485;;7;;;;;;;;;;;;;
4486;;7;;;;;;;;;;;;;
4487;;0;;;;;;;;;;;;;
4488;;1;;;;;;;;;;;;;
4489;;14;;;;;;;;;;;;;
4490;;7;;;;;;;;;;;;;
4491;;14;;;;;;;;;;;;;
4492;;1;;;;;;;;;;;;;
4493;;0;;;;;;;;;;;;;
4494;;7;;;;;;;;;;;;;
4495;;7;;;;;;;;;;;;;
4496;;264;;;;;;;;;;;;;
4497;;10;;;;;;;;;;;;;
4498;;132;;;;;;;;;;;;;
4499;;264;;;;;;;;;;;;;
4500;;132;;;;;;;;;;;;;
4501;;132;;;;;;;;;;;;;
4502;;31;;;;;;;;;;;;;
4503;;33;;;;;;;;;;;;;
4504;;99;;;;;;;;;;;;;
4505;;33;;;;;;;;;;;;;
4506;;99;;;;;;;;;;;;;
4507;;0;;;;;;;;;;;;;
4508;;7;;;;;;;;;;;;;
4509;;80;;;;;;;;;;;;;
4510;;20;;;;;;;;;;;;;
4511;;40;;;;;;;;;;;;;
4512;;40;;;;;;;;;;;;;
4513;;4;;;;;;;;;;;;;
4514;;0;;;;;;;;;;;;;
4515;;4;;;;;;;;;;;;;
4516;;10;;;;;;;;;;;;;
4517;;80;;;;;;;;;;;;;
4518;;10;;;;;;;;;;;;;
4519;;10;;;;;;;;;;;;;
4520;;10;;;;;;;;;;;;;
4521;;10;;;;;;;;;;;;;
4522;;80;;;;;;;;;;;;;
4523;;0;;;;;;;;;;;;;
4524;;0;;;;;;;;;;;;;
4525;;0;;;;;;;;;;;;;
4526;;0;;;;;;;;;;;;;
4527;;0;;;;;;;;;;;;;
4528;;0;;;;;;;;;;;;;
4529;;47;;;;;;;;;;;;;
4530;;0;;;;;;;;;;;;;
4531;;1;;;;;;;;;;;;;
4532;;0;;;;;;;;;;;;;
4533;;4;;;;;;;;;;;;;
4534;;0;;;;;;;;;;;;;
4535;;47;;;;;;;;;;;;;
4536;;47;;;;;;;;;;;;;
4537;;47;;;;;;;;;;;;;
4538;;47;;;;;;;;;;;;;
4539;;0;;;;;;;;;;;;;
4540;;0;;;;;;;;;;;;;
4541;;0;;;;;;;;;;;;;
4542;;0;;;;;;;;;;;;;
4543;;0;;;;;;;;;;;;;
4544;;0;;;;;;;;;;;;;
4545;;0;;;;;;;;;;;;;
4548;;2;;;;;;;;;;;;;
4551;;5;;;;;;;;;;;;;
4554;;0;;;;;;;;;;;;;
4557;;4;;;;;;;;;;;;;
4560;;12;;;;;;;;;;;;;
4565;;1;;;;;;;;;;;;;
4568;;2;;;;;;;;;;;;;
4571;;0;;;;;;;;;;;;;
4573;;24;;;;;;;;;;;;;
4576;;24;;;;;;;;;;;;;
4579;;6;;;;;;;;;;;;;
4582;;6;;;;;;;;;;;;;
4584;;56;;;;;;;;;;;;;
4587;;6;;;;;;;;;;;;;
4590;;7;;;;;;;;;;;;;
4593;;56;;;;;;;;;;;;;
4596;;80;;;;;;;;;;;;;
4599;;8;;;;;;;;;;;;;
4602;;14;;;;;;;;;;;;;
4605;;0;;;;;;;;;;;;;
4608;;0;;;;;;;;;;;;;
4611;;14;;;;;;;;;;;;;
4614;;3;;;;;;;;;;;;;
4617;;0;;;;;;;;;;;;;
4620;;1;;;;;;;;;;;;;
4623;;5;;;;;;;;;;;;;
4626;;0;;;;;;;;;;;;;
4629;;0;;;;;;;;;;;;;
4633;;0;;;;;;;;;;;;;
4636;;0;;;;;;;;;;;;;
4546;;0;;;;;;;;;;;;;
4549;;0;;;;;;;;;;;;;
4552;;5;;;;;;;;;;;;;
4555;;0;;;;;;;;;;;;;
4558;;12;;;;;;;;;;;;;
4561;;0;;;;;;;;;;;;;
4563;;0;;;;;;;;;;;;;
4566;;2;;;;;;;;;;;;;
4569;;2;;;;;;;;;;;;;
4574;;24;;;;;;;;;;;;;
4577;;1;;;;;;;;;;;;;
4580;;18;;;;;;;;;;;;;
4583;;24;;;;;;;;;;;;;
4585;;56;;;;;;;;;;;;;
4588;;0;;;;;;;;;;;;;
4591;;10;;;;;;;;;;;;;
4594;;0;;;;;;;;;;;;;
4597;;80;;;;;;;;;;;;;
4600;;10;;;;;;;;;;;;;
4603;;10;;;;;;;;;;;;;
4606;;0;;;;;;;;;;;;;
4609;;0;;;;;;;;;;;;;
4612;;1;;;;;;;;;;;;;
4615;;4;;;;;;;;;;;;;
4618;;0;;;;;;;;;;;;;
4621;;31;;;;;;;;;;;;;
4624;;8;;;;;;;;;;;;;
4627;;0;;;;;;;;;;;;;
4630;;0;;;;;;;;;;;;;
4634;;0;;;;;;;;;;;;;
4637;;0;;;;;;;;;;;;;
4547;;0;;;;;;;;;;;;;
4550;;5;;;;;;;;;;;;;
4553;;5;;;;;;;;;;;;;
4556;;0;;;;;;;;;;;;;
4559;;12;;;;;;;;;;;;;
4562;;0;;;;;;;;;;;;;
4564;;0;;;;;;;;;;;;;
4567;;2;;;;;;;;;;;;;
4570;;0;;;;;;;;;;;;;
4572;;48;;;;;;;;;;;;;
4575;;30;;;;;;;;;;;;;
4578;;7;;;;;;;;;;;;;
4581;;6;;;;;;;;;;;;;
4586;;2;;;;;;;;;;;;;
4589;;7;;;;;;;;;;;;;
4592;;7;;;;;;;;;;;;;
4595;;0;;;;;;;;;;;;;
4598;;3;;;;;;;;;;;;;
4601;;10;;;;;;;;;;;;;
4604;;80;;;;;;;;;;;;;
4607;;0;;;;;;;;;;;;;
4610;;0;;;;;;;;;;;;;
4613;;27;;;;;;;;;;;;;
4616;;7;;;;;;;;;;;;;
4619;;16;;;;;;;;;;;;;
4622;;3;;;;;;;;;;;;;
4625;;0;;;;;;;;;;;;;
4628;;0;;;;;;;;;;;;;
4631;;0;;;;;;;;;;;;;
4632;;0;;;;;;;;;;;;;
4635;;0;;;;;;;;;;;;;
4638;;0;;;;;;;;;;;;;
4639;;12;;;;;;;;;;;;;
4640;;6;;;;;;;;;;;;;
4641;;3;;;;;;;;;;;;;
4642;;1;;;;;;;;;;;;;
4643;;20;;;;;;;;;;;;;
4644;;10;;;;;;;;;;;;;
4645;;1;;;;;;;;;;;;;
4646;;5;;;;;;;;;;;;;
4647;;0;;;;;;;;;;;;;
4648;;4;;;;;;;;;;;;;
4649;;4;;;;;;;;;;;;;
4650;;4;;;;;;;;;;;;;
4651;;0;;;;;;;;;;;;;
4652;;1;;;;;;;;;;;;;
4653;;1;;;;;;;;;;;;;
4654;;1;;;;;;;;;;;;;
4655;;1;;;;;;;;;;;;;
4656;;1;;;;;;;;;;;;;
4657;;4;;;;;;;;;;;;;
4658;;5;;;;;;;;;;;;;
4659;;0;;;;;;;;;;;;;
4660;;14;;;;;;;;;;;;;
4661;;1;;;;;;;;;;;;;
4662;;27;;;;;;;;;;;;;
4663;;3;;;;;;;;;;;;;
4664;;4;;;;;;;;;;;;;
4665;;7;;;;;;;;;;;;;
4666;;0;;;;;;;;;;;;;
4667;;0;;;;;;;;;;;;;
4668;;0;;;;;;;;;;;;;
4669;;0;;;;;;;;;;;;;
4670;;0;;;;;;;;;;;;;
4671;;0;;;;;;;;;;;;;
4672;;40;;;;;;;;;;;;;
4673;;0;;;;;;;;;;;;;
4674;;1;;;;;;;;;;;;;
4675;;0;;;;;;;;;;;;;
4676;;23;;;;;;;;;;;;;
4677;;0;;;;;;;;;;;;;
4678;;40;;;;;;;;;;;;;
4679;;40;;;;;;;;;;;;;
4680;;40;;;;;;;;;;;;;
4681;;40;;;;;;;;;;;;;
4682;74a94a14-64ff-4a9f-b438-e4d60cdd8000;1;;106;4.00000000;0;518;0.00000000;0;f;;0.00000000;f;0;0.00000000
4683;d3942ea3-e2c3-47f3-9740-8e9ce4fbe416;2;;235;1.00000000;0;518;0.00000000;0;f;;0.00000000;f;0;0.00000000
4684;6e9e1079-4093-41d6-b331-8d19181a2b8c;3;;231;2.00000000;0;518;0.00000000;0;f;;0.00000000;f;0;0.00000000
4685;09e5f06f-6031-4806-9dfd-1472b08a5721;4;;232;1.00000000;0;518;0.00000000;0;f;;0.00000000;f;0;0.00000000
4686;86224ef1-81ec-437e-a3a3-b37e03bb35bb;5;;233;1.00000000;0;518;0.00000000;0;f;;0.00000000;f;0;0.00000000
4687;0c0e9c06-983d-4f13-9044-86cfd674080b;6;;28;0.20000000;0;518;0.00000000;0;f;;0.00000000;f;0;0.00000000
4688;524a3d2a-5877-4f7f-b91a-aa67bf9c7835;7;;20;4.00000000;0;518;0.00000000;1;f;;0.00000000;f;0;0.00000000
4689;c3c7b910-bd8a-4e7f-81a3-a4c8ac1164a1;8;;186;1.00000000;0;518;0.00000000;1;f;;0.00000000;f;0;0.00000000
4690;149d65d9-100d-460a-8a42-58cee91ef5bc;9;;214;0.80000000;0;518;0.00000000;1;f;;0.00000000;f;0;0.00000000
4691;9fc0b4b4-be88-4a95-989b-7c12f073bc8f;10;;148;4.00000000;0;518;0.00000000;1;f;;0.00000000;f;0;0.00000000
4692;e1d5a681-19f2-4f6a-a2d6-0e621a646ec3;11;;110;4.00000000;0;518;0.00000000;1;f;;0.00000000;f;0;0.00000000
4693;a3d48732-e62e-4465-b47e-b234e796295e;12;;201;0.60000000;0;518;0.00000000;1;f;;0.00000000;f;0;0.00000000
4694;;2;;;;;;;;;;;;;
4695;;1;;;;;;;;;;;;;
4696;;1;;;;;;;;;;;;;
4697;;1;;;;;;;;;;;;;
4698;;10;;;;;;;;;;;;;
4699;;1;;;;;;;;;;;;;
4700;;1;;;;;;;;;;;;;
4701;;1;;;;;;;;;;;;;
4702;;10;;;;;;;;;;;;;
4703;;10;;;;;;;;;;;;;
4704;;10;;;;;;;;;;;;;
4705;;25;;;;;;;;;;;;;
4706;;10;;;;;;;;;;;;;
4707;;10;;;;;;;;;;;;;
4708;;10;;;;;;;;;;;;;
4709;;10;;;;;;;;;;;;;
4710;;10;;;;;;;;;;;;;
4711;;10;;;;;;;;;;;;;
4712;;10;;;;;;;;;;;;;
4713;;10;;;;;;;;;;;;;
4714;;10;;;;;;;;;;;;;
4715;;12;;;;;;;;;;;;;
4716;;12;;;;;;;;;;;;;
4717;;12;;;;;;;;;;;;;
4718;;0;;;;;;;;;;;;;
4719;;2;;;;;;;;;;;;;
4720;;1;;;;;;;;;;;;;
4721;;24;;;;;;;;;;;;;
4722;;2;;;;;;;;;;;;;
4723;;2;;;;;;;;;;;;;
4724;;2;;;;;;;;;;;;;
4725;;2;;;;;;;;;;;;;
4726;;3;;;;;;;;;;;;;
4727;;13;;;;;;;;;;;;;
4728;;2;;;;;;;;;;;;;
884;7e03a1fa-f853-4838-b661-8585329f9ec0;0;;161;0.20000000;1;331;0.00000000;0;f;;0.00000000;f;0;0.00000000
4729;;1;;;;;;;;;;;;;
4730;;11;;;;;;;;;;;;;
4731;;11;;;;;;;;;;;;;
4732;;11;;;;;;;;;;;;;
4733;;1;;;;;;;;;;;;;
4734;;20;;;;;;;;;;;;;
4735;;68;;;;;;;;;;;;;
4736;;68;;;;;;;;;;;;;
4737;;3;;;;;;;;;;;;;
4738;;7;;;;;;;;;;;;;
4739;;8;;;;;;;;;;;;;
4742;;8;;;;;;;;;;;;;
4745;;0;;;;;;;;;;;;;
4749;;32;;;;;;;;;;;;;
4752;;0;;;;;;;;;;;;;
4755;;6;;;;;;;;;;;;;
4758;;0;;;;;;;;;;;;;
4740;;8;;;;;;;;;;;;;
4743;;68;;;;;;;;;;;;;
4746;;0;;;;;;;;;;;;;
4750;;1;;;;;;;;;;;;;
4753;;4;;;;;;;;;;;;;
4756;;4;;;;;;;;;;;;;
4759;;0;;;;;;;;;;;;;
4741;;12;;;;;;;;;;;;;
4744;;0;;;;;;;;;;;;;
4747;;0;;;;;;;;;;;;;
4748;;32;;;;;;;;;;;;;
4751;;3;;;;;;;;;;;;;
4754;;4;;;;;;;;;;;;;
4757;;32;;;;;;;;;;;;;
4760;;1;;;;;;;;;;;;;
4761;;2;;;;;;;;;;;;;
4762;;1;;;;;;;;;;;;;
4763;;14;;;;;;;;;;;;;
4764;;1;;;;;;;;;;;;;
4765;;6;;;;;;;;;;;;;
4766;;80;;;;;;;;;;;;;
4767;;20;;;;;;;;;;;;;
4768;;40;;;;;;;;;;;;;
4769;;40;;;;;;;;;;;;;
4770;;4;;;;;;;;;;;;;
4771;;2;;;;;;;;;;;;;
4772;;4;;;;;;;;;;;;;
4773;;10;;;;;;;;;;;;;
4774;;80;;;;;;;;;;;;;
4775;;10;;;;;;;;;;;;;
4776;;10;;;;;;;;;;;;;
4777;;10;;;;;;;;;;;;;
4778;;10;;;;;;;;;;;;;
4779;;80;;;;;;;;;;;;;
4780;;6;;;;;;;;;;;;;
4781;;20;;;;;;;;;;;;;
4782;;20;;;;;;;;;;;;;
4783;;20;;;;;;;;;;;;;
4784;;20;;;;;;;;;;;;;
4785;;37;;;;;;;;;;;;;
4786;;43;;;;;;;;;;;;;
4787;;11;;;;;;;;;;;;;
4788;;4;;;;;;;;;;;;;
4789;;20;;;;;;;;;;;;;
4790;;20;;;;;;;;;;;;;
4791;;1;;;;;;;;;;;;;
4792;;20;;;;;;;;;;;;;
4793;;5;;;;;;;;;;;;;
4794;;2;;;;;;;;;;;;;
4795;;8;;;;;;;;;;;;;
4796;;4;;;;;;;;;;;;;
4797;;12;;;;;;;;;;;;;
4798;;10;;;;;;;;;;;;;
4799;;100;;;;;;;;;;;;;
4800;0e05e5b9-59ca-4764-bbe0-ca0a58862ed3;1;;235;1.00000000;0;519;0.00000000;0;f;;0.00000000;f;0;0.00000000
4801;553fb623-c9b2-44ec-bf03-f6340c1ce5ac;2;;231;2.00000000;0;519;0.00000000;0;f;;0.00000000;f;0;0.00000000
4802;1f5b76d3-27d8-4754-af5d-5b09229e4d9f;3;;232;1.00000000;0;519;0.00000000;0;f;;0.00000000;f;0;0.00000000
4803;8cdca43b-9b6d-47db-b157-0d3d5a82227f;4;;233;1.00000000;0;519;0.00000000;0;f;;0.00000000;f;0;0.00000000
4804;e35e1833-9f44-4a54-ab15-5177d200a7f8;5;;28;0.20000000;0;519;0.00000000;0;f;;0.00000000;f;0;0.00000000
4805;7d6765fe-bc15-4f79-85b9-05e654501910;6;;191;0.80000000;1;519;0.00000000;0;f;;0.00000000;f;0;0.00000000
4806;293897fd-b3ce-4d2e-a631-393146a3b02a;7;;202;0.80000000;1;519;0.00000000;0;f;;0.00000000;f;0;0.00000000
4807;1b52c5ea-2345-4d6e-bb4b-c0ad64308abd;1;;309;8.00000000;1;519;0.00000000;0;f;;0.00000000;f;0;0.00000000
4846;;1;;;;;;;;;;;;;
4847;;54;;;;;;;;;;;;;
4848;;50;;;;;;;;;;;;;
4808;23c114a6-b9b3-4524-acf9-19d01dad1d7c;9;;106;4.00000000;1;;0.00000000;0;f;;0.00000000;f;0;0.00000000
4811;c46b2608-77c7-471a-83ca-13a9d2f1cdcf;0;;148;0.00000000;1;;0.00000000;1;f;;0.00000000;f;0;0.00000000
4809;ad24acee-58c0-49fd-b6f8-638b56370981;9;;105;8.00000000;2;519;0.00000000;1;f;;0.00000000;f;0;0.00000000
4810;618dc71e-8763-4b9a-85b4-2d7843fa52c5;10;;118;4.00000000;2;519;0.00000000;1;f;;0.00000000;f;0;0.00000000
4812;b74ded5a-faf5-44d9-86a6-2d87b4cd2830;11;;148;4.00000000;2;519;0.00000000;1;f;;0.00000000;f;0;0.00000000
4813;;10;;;;;;;;;;;;;
4814;;6;;;;;;;;;;;;;
4815;;0;;;;;;;;;;;;;
4816;;269;;;;;;;;;;;;;
4817;;134;;;;;;;;;;;;;
4818;;0;;;;;;;;;;;;;
4819;;0;;;;;;;;;;;;;
4820;;269;;;;;;;;;;;;;
4821;;0;;;;;;;;;;;;;
4822;;134;;;;;;;;;;;;;
4823;;404;;;;;;;;;;;;;
4824;;0;;;;;;;;;;;;;
4825;;238;;;;;;;;;;;;;
4826;;134;;;;;;;;;;;;;
4827;;12;;;;;;;;;;;;;
4828;;188;;;;;;;;;;;;;
4829;;269;;;;;;;;;;;;;
4830;;40;;;;;;;;;;;;;
4831;;134;;;;;;;;;;;;;
4832;;404;;;;;;;;;;;;;
4833;;1076;;;;;;;;;;;;;
4834;;140;;;;;;;;;;;;;
4835;;13;;;;;;;;;;;;;
4836;;197;;;;;;;;;;;;;
4837;;281;;;;;;;;;;;;;
4838;;42;;;;;;;;;;;;;
4839;;140;;;;;;;;;;;;;
4840;;422;;;;;;;;;;;;;
4841;;1124;;;;;;;;;;;;;
4842;;20;;;;;;;;;;;;;
4843;;4;;;;;;;;;;;;;
4844;;1;;;;;;;;;;;;;
4845;;1;;;;;;;;;;;;;
4849;;4;;;;;;;;;;;;;
4850;;20;;;;;;;;;;;;;
4851;;4;;;;;;;;;;;;;
4852;;1;;;;;;;;;;;;;
4853;;1;;;;;;;;;;;;;
4854;;1;;;;;;;;;;;;;
4855;;0;;;;;;;;;;;;;
4856;;0;;;;;;;;;;;;;
4857;;0;;;;;;;;;;;;;
4858;;0;;;;;;;;;;;;;
4859;;0;;;;;;;;;;;;;
4860;;0;;;;;;;;;;;;;
4861;;0;;;;;;;;;;;;;
4862;;11;;;;;;;;;;;;;
4863;;11;;;;;;;;;;;;;
4864;;16;;;;;;;;;;;;;
4865;;11;;;;;;;;;;;;;
4866;;0;;;;;;;;;;;;;
4868;505273e9-2261-4b4d-9665-da5c40888d63;2;;235;1.00000000;0;520;0.00000000;0;f;;0.00000000;f;0;0.00000000
4869;80f3366b-5a1f-488a-9d53-26b556d98a83;3;;231;2.00000000;0;520;0.00000000;0;f;;0.00000000;f;0;0.00000000
4870;abf5005b-60ce-4836-a716-537928cfa065;4;;232;1.00000000;0;520;0.00000000;0;f;;0.00000000;f;0;0.00000000
4867;88cc3496-b1fe-48fc-9a6a-04773a2b5f1b;10;;106;4.00000000;1;;0.00000000;0;f;;0.00000000;f;0;0.00000000
5493;;1;;;;;;;;;;;;;
4876;e9df0d6b-a7c9-4f2d-a84a-2ecd98b30ec6;10;;148;4.00000000;0;520;0.00000000;1;f;;0.00000000;f;0;0.00000000
4903;68d1a4f4-f271-4c3b-bb97-fc34bd3667ba;8;;231;2.00000000;1;522;0.00000000;0;f;;0.00000000;f;0;0.00000000
4871;cb4fecab-c196-4ffe-a294-13c0364d9c9e;6;;233;1.00000000;1;520;0.00000000;0;f;;0.00000000;f;0;0.00000000
4907;f64f2bfc-faa0-4f2e-93e7-89fe5cc9d0f4;5;;200;0.55000000;1;522;0.00000000;0;f;;0.00000000;f;0;0.00000000
4878;e99be9b0-fdb5-4228-be25-46a9646cc6ab;1;;201;1.40000000;2;520;0.00000000;1;f;;0.00000000;f;0;0.00000000
4875;edc35da4-bd96-4c86-bca4-9904a612614d;9;;214;0.80000000;1;;0.00000000;1;f;;0.00000000;f;0;0.00000000
4874;1220029d-ad3e-462d-8334-018e248a809b;4;;186;1.00000000;1;;0.00000000;1;f;;0.00000000;f;0;0.00000000
4877;d24eaa52-aeff-4494-a2bf-3da70b8fae3b;2;;110;4.00000000;1;;0.00000000;1;f;;0.00000000;f;0;0.00000000
4873;cd1ca03c-e2f4-4576-b00f-15c541f4092e;3;;20;4.00000000;1;;0.00000000;1;f;;0.00000000;f;0;0.00000000
4872;62a0051c-371a-4249-be33-c35e38c21c2a;3;;28;0.20000000;1;;0.00000000;0;f;;0.00000000;f;0;0.00000000
4879;c36f0cca-b038-437b-8d84-52039283874f;7;;184;0.20000000;3;520;0.00000000;1;f;;0.00000000;f;0;0.00000000
4880;4d7598b2-696e-44bd-90cb-2228feb54ef1;8;;183;0.15000000;3;520;0.00000000;1;f;;0.00000000;f;0;0.00000000
4881;e71fdbe2-f5f8-40e4-b5d7-1844da0e9a05;9;;662;4.00000000;2;520;0.00000000;1;f;;0.00000000;f;0;0.00000000
4882;d03ddb6e-628e-4121-a84f-5d3e5ee737a6;10;;19;4.00000000;2;520;0.00000000;1;f;;0.00000000;f;0;0.00000000
4883;967065cf-6e74-46e2-9629-cac244a1c30b;11;;30;0.20000000;2;520;0.00000000;1;f;;0.00000000;f;0;0.00000000
4884;bef46970-80a9-42ff-9ea3-e0fc838865e1;12;;132;4.00000000;0;520;0.00000000;1;f;;0.00000000;f;0;0.00000000
4885;34a8c0e6-6988-4368-a8c6-d52a4218d394;13;;118;4.00000000;0;520;0.00000000;1;f;;0.00000000;f;0;0.00000000
4886;ad7b29fa-17e2-42f4-88ba-a09360f71cbb;14;;149;4.00000000;0;520;0.00000000;1;f;;0.00000000;f;0;0.00000000
4902;bd32b033-0459-47b4-a1ab-5d802fa9ede6;3;;235;1.00000000;0;522;0.00000000;0;f;;0.00000000;f;0;0.00000000
4904;5e95ad31-bffb-4e33-a9c6-7e4ddd01cf86;5;;232;1.00000000;0;522;0.00000000;0;f;;0.00000000;f;0;0.00000000
4906;dc1a95ef-1842-4de0-b982-53db6cf8f364;7;;32;0.20000000;0;522;0.00000000;0;f;;0.00000000;f;0;0.00000000
4900;ebcb2d0b-3a01-42a3-9a63-a47d24ddb770;1;;192;0.72000000;1;;0.00000000;0;f;;0.00000000;f;0;0.00000000
4905;af5d1cb6-9939-48fd-94e7-3ab76107cac4;7;;233;1.00000000;1;;0.00000000;0;f;;0.00000000;f;0;0.00000000
4901;4bc73fa6-200f-4307-bdff-79ad4a6c4601;9;;13;4.00000000;2;;0.00000000;0;f;;0.00000000;f;0;0.00000000
4917;4041bce5-460f-4855-857a-78acc98e89f3;13;;113;4.00000000;3;522;0.00000000;1;f;;0.00000000;f;0;0.00000000
4918;519e58ce-fe91-4be0-b3cb-68bc746c6cd7;14;;27;4.00000000;2;522;0.00000000;1;f;;0.00000000;f;0;0.00000000
4920;32baab76-9c1c-448a-b31b-7d631b4e074b;16;;111;4.00000000;2;522;0.00000000;1;f;;0.00000000;f;0;0.00000000
4921;2b4af82e-2142-41cf-bb1c-7ad2966fda00;17;;312;4.00000000;2;522;0.00000000;1;f;;0.00000000;f;0;0.00000000
4922;f88b5135-0e29-40b7-b6e6-56ea52902036;18;;393;0.10000000;2;522;0.00000000;1;f;;0.00000000;f;0;0.00000000
4923;2fbcf784-c563-46bb-9c9c-e120918a43df;19;;233;1.00000000;2;522;0.00000000;1;f;;0.00000000;f;0;0.00000000
4909;a4fb9ef2-e1b8-4da2-9ed0-40262cb57760;10;;390;0.20000000;0;522;0.00000000;0;f;;0.00000000;f;0;0.00000000
4910;dbde2c9e-7c08-4cdd-9c0e-e5000a049aac;11;;118;8.00000000;0;522;0.00000000;0;f;;0.00000000;f;0;0.00000000
4965;466597e0-6281-4015-a06a-1f1b341fd28f;3;;148;4.00000000;1;523;0.00000000;1;f;;0.00000000;f;0;0.00000000
4962;45ab6266-a933-400e-b836-4f566ad8b7e2;5;;20;4.00000000;1;523;0.00000000;1;f;;0.00000000;f;0;0.00000000
4956;7d89fe12-1535-4234-a310-971e96dee584;1;;106;4.00000000;1;;0.00000000;0;f;;0.00000000;f;0;0.00000000
4966;81c1beb1-b34a-4dd8-870c-83969ed307bc;2;;110;4.00000000;1;;0.00000000;1;f;;0.00000000;f;0;0.00000000
4968;88784ffa-7420-4793-b117-638dbb92d764;8;;219;0.15000000;0;447;0.00000000;1;f;;0.00000000;f;0;0.00000000
4911;03dc3c72-799a-4481-b155-17ea7c44693a;1;;19;5.00000000;1;522;0.00000000;0;f;;0.00000000;f;0;0.00000000
4969;34244b68-8ed8-4795-a9eb-c112bd662f51;9;;471;4.00000000;0;447;0.00000000;1;f;;0.00000000;f;0;0.00000000
4908;9ff53eaa-c274-4c13-8fca-024eb1e9e70c;5;;186;0.58000000;1;;0.00000000;0;f;;0.00000000;f;0;0.00000000
4912;ad56aaed-2d7b-4558-a64a-f32be87106d9;1;;148;4.00000000;1;;0.00000000;0;f;;0.00000000;f;0;0.00000000
4913;f33848a5-898d-4139-a70a-19cc93c671fd;9;;219;0.20000000;2;522;0.00000000;1;f;;0.00000000;f;0;0.00000000
4914;1b43c34e-4c4b-4613-8a0a-83708a2caac1;10;;202;0.21000000;2;522;0.00000000;1;f;;0.00000000;f;0;0.00000000
4915;ad56973c-ee88-4620-84bd-b5bd3f7142c6;11;;181;0.50000000;2;522;0.00000000;1;f;;0.00000000;f;0;0.00000000
4916;87362254-caaf-4acf-b692-cc5a3bd1d53a;12;;212;0.05000000;2;522;0.00000000;1;f;;0.00000000;f;0;0.00000000
4919;2e7aeb63-7af9-43a1-909a-482b76ae6633;15;;132;4.00000000;2;522;0.00000000;1;f;;0.00000000;f;0;0.00000000
4924;b41e37aa-0f8c-41f7-88d4-357e2f3797be;20;;234;1.00000000;2;522;0.00000000;1;f;;0.00000000;f;0;0.00000000
4925;;30;;;;;;;;;;;;;
4926;;10;;;;;;;;;;;;;
4927;;25;;;;;;;;;;;;;
4928;;25;;;;;;;;;;;;;
4929;;20;;;;;;;;;;;;;
4930;;20;;;;;;;;;;;;;
4931;;20;;;;;;;;;;;;;
4932;;20;;;;;;;;;;;;;
4933;;40;;;;;;;;;;;;;
4934;;4;;;;;;;;;;;;;
4935;;7;;;;;;;;;;;;;
4936;;25;;;;;;;;;;;;;
4937;;7;;;;;;;;;;;;;
4938;;80;;;;;;;;;;;;;
4939;;160;;;;;;;;;;;;;
4940;;80;;;;;;;;;;;;;
4941;;160;;;;;;;;;;;;;
4942;;160;;;;;;;;;;;;;
4943;;20;;;;;;;;;;;;;
4944;;50;;;;;;;;;;;;;
4945;;1;;;;;;;;;;;;;
4946;;1;;;;;;;;;;;;;
4947;;35;;;;;;;;;;;;;
4948;;25;;;;;;;;;;;;;
4949;;10;;;;;;;;;;;;;
4950;;5;;;;;;;;;;;;;
4951;;25;;;;;;;;;;;;;
4952;;5;;;;;;;;;;;;;
4953;;10;;;;;;;;;;;;;
4954;;3;;;;;;;;;;;;;
4955;;30;;;;;;;;;;;;;
4957;ef99c6c2-1605-4de2-a943-a61d3f0b3ade;2;;235;1.00000000;0;523;0.00000000;0;f;;0.00000000;f;0;0.00000000
4958;e9f1ecd2-ee21-415a-982e-e9909f070e44;3;;231;2.00000000;0;523;0.00000000;0;f;;0.00000000;f;0;0.00000000
4959;57ce9e61-df9e-4925-b17f-2fbb8628a9ca;4;;232;1.00000000;0;523;0.00000000;0;f;;0.00000000;f;0;0.00000000
4960;c63423a4-c75e-41cb-ac45-972ee30dab6f;5;;233;1.00000000;0;523;0.00000000;0;f;;0.00000000;f;0;0.00000000
4961;6c2eec14-6a90-4f91-bc75-374c486e379a;6;;28;0.20000000;0;523;0.00000000;0;f;;0.00000000;f;0;0.00000000
4964;7ce7f573-4404-47b6-9e3a-6f2405928394;9;;214;0.80000000;0;523;0.00000000;1;f;;0.00000000;f;0;0.00000000
4967;ba00dabc-1a4f-4a7c-8300-c8d485cd9734;12;;201;0.20000000;1;523;0.00000000;1;f;;0.00000000;f;0;0.00000000
4963;69d7a00b-fb7b-49ba-a651-23ede39e15d7;8;;186;0.45000000;1;523;0.00000000;1;f;;0.00000000;f;0;0.00000000
1604;3318f3a8-06d7-4d70-87f3-ff9aeb83a62d;5;;231;1.50000000;1;447;0.00000000;0;f;;0.00000000;f;0;0.00000000
1598;30316b61-57e2-4c46-ab65-9cd3c76fad05;0;;213;0.15000000;1;;0.00000000;0;f;;0.00000000;f;0;0.00000000
1597;c62974ed-a0ba-4387-a3c9-080d2618505b;1;;180;0.85000000;1;;0.00000000;0;f;;0.00000000;f;0;0.00000000
1600;c0d33080-dab8-4a36-979a-f4d30773183f;2;;312;4.00000000;1;;0.00000000;0;f;;0.00000000;f;0;0.00000000
1850;d6a830e5-05e7-494c-93b3-2349c8e0db03;5;;233;0.75000000;1;286;0.00000000;1;f;;0.00000000;f;0;0.00000000
509;35b8a507-883a-4e8d-bb43-8f37c19ec23d;6;;175;0.14000000;1;;0.00000000;0;f;;0.00000000;f;0;0.00000000
4970;;30;;;;;;;;;;;;;
4971;;2;;;;;;;;;;;;;
4972;;4;;;;;;;;;;;;;
4973;;20;;;;;;;;;;;;;
4974;;130;;;;;;;;;;;;;
4975;;10;;;;;;;;;;;;;
4976;;120;;;;;;;;;;;;;
4977;;11;;;;;;;;;;;;;
4978;;10;;;;;;;;;;;;;
4979;;1;;;;;;;;;;;;;
4980;;1;;;;;;;;;;;;;
4981;;1;;;;;;;;;;;;;
4982;;23;;;;;;;;;;;;;
4983;;50;;;;;;;;;;;;;
4984;;50;;;;;;;;;;;;;
4985;;50;;;;;;;;;;;;;
4986;;61;;;;;;;;;;;;;
4987;;50;;;;;;;;;;;;;
4988;;20;;;;;;;;;;;;;
4989;;20;;;;;;;;;;;;;
4990;;20;;;;;;;;;;;;;
4991;;1;;;;;;;;;;;;;
4992;58edf6de-2d0f-4227-a076-e6379d64df58;1;;235;1.00000000;0;524;0.00000000;0;f;;0.00000000;f;0;0.00000000
4993;c790159b-fdc1-4b08-9fff-ade65f6f42ad;2;;231;2.00000000;0;524;0.00000000;0;f;;0.00000000;f;0;0.00000000
4994;d91528a9-b6ab-48c6-a775-d75ca9151e43;3;;232;1.00000000;0;524;0.00000000;0;f;;0.00000000;f;0;0.00000000
4996;d5a1edc4-c592-4310-aade-8274d17e6422;5;;28;0.20000000;0;524;0.00000000;0;f;;0.00000000;f;0;0.00000000
4999;626d7558-ace4-43c3-b9de-62d406d7a91f;8;;309;4.00000000;0;524;0.00000000;0;f;;0.00000000;f;0;0.00000000
5001;b4b34e9d-37a9-4898-a005-af77e3bcde86;10;;201;0.30000000;0;524;0.00000000;1;f;;0.00000000;f;0;0.00000000
5002;78cc582a-c9b7-4c76-bb21-222bb8e90748;11;;118;4.00000000;0;524;0.00000000;1;f;;0.00000000;f;0;0.00000000
5003;451926f6-bd49-46f9-be00-4306fb8770a5;12;;148;4.00000000;0;524;0.00000000;1;f;;0.00000000;f;0;0.00000000
5004;ee80a4e6-cb9c-4d32-b287-5beff93f46d5;13;;183;0.02000000;0;524;0.00000000;1;f;;0.00000000;f;0;0.00000000
4997;fa04d1a9-4ffd-40fd-b456-b285e5784d02;6;;191;0.90000000;1;524;0.00000000;0;f;;0.00000000;f;0;0.00000000
4998;dd5495f5-cf69-4583-9136-12f33f278c5e;7;;202;0.40000000;1;524;0.00000000;0;f;;0.00000000;f;0;0.00000000
4995;6a08a360-a935-40d2-9b1e-47bbdd670509;4;;233;2.00000000;1;524;0.00000000;0;f;;0.00000000;f;0;0.00000000
5000;165c0260-240e-4ea5-9bb7-960b6453fb72;9;;106;6.00000000;1;524;0.00000000;0;f;;0.00000000;f;0;0.00000000
5005;;1;;;;;;;;;;;;;
5006;;50;;;;;;;;;;;;;
5007;;10;;;;;;;;;;;;;
5008;;20;;;;;;;;;;;;;
5009;;10;;;;;;;;;;;;;
5010;;20;;;;;;;;;;;;;
5011;;10;;;;;;;;;;;;;
5012;;20;;;;;;;;;;;;;
5013;;11;;;;;;;;;;;;;
5014;;16;;;;;;;;;;;;;
5023;;50;;;;;;;;;;;;;
5024;;50;;;;;;;;;;;;;
5025;;2;;;;;;;;;;;;;
5026;;32;;;;;;;;;;;;;
5027;;32;;;;;;;;;;;;;
5028;;47;;;;;;;;;;;;;
5029;;42;;;;;;;;;;;;;
5030;;2;;;;;;;;;;;;;
5031;;5;;;;;;;;;;;;;
5032;;5;;;;;;;;;;;;;
5033;;1;;;;;;;;;;;;;
5034;;0;;;;;;;;;;;;;
5035;;32;;;;;;;;;;;;;
5036;;26;;;;;;;;;;;;;
5037;;6;;;;;;;;;;;;;
5038;;26;;;;;;;;;;;;;
5039;;6;;;;;;;;;;;;;
5040;;60;;;;;;;;;;;;;
5041;;26;;;;;;;;;;;;;
5042;;33;;;;;;;;;;;;;
5043;;26;;;;;;;;;;;;;
5044;;33;;;;;;;;;;;;;
5045;;1;;;;;;;;;;;;;
5046;;41;;;;;;;;;;;;;
5047;;3;;;;;;;;;;;;;
5048;;3;;;;;;;;;;;;;
5049;;11;;;;;;;;;;;;;
5050;;43;;;;;;;;;;;;;
5051;;43;;;;;;;;;;;;;
5052;;30;;;;;;;;;;;;;
5053;;295;;;;;;;;;;;;;
5054;;201;;;;;;;;;;;;;
5055;;1;;;;;;;;;;;;;
5056;;11;;;;;;;;;;;;;
5057;;22;;;;;;;;;;;;;
5058;;22;;;;;;;;;;;;;
5059;;6;;;;;;;;;;;;;
5060;;12;;;;;;;;;;;;;
5061;;1;;;;;;;;;;;;;
5062;;6;;;;;;;;;;;;;
5063;;0;;;;;;;;;;;;;
5064;;0;;;;;;;;;;;;;
5065;;0;;;;;;;;;;;;;
5066;;4;;;;;;;;;;;;;
5067;;7;;;;;;;;;;;;;
5068;;7;;;;;;;;;;;;;
5069;;7;;;;;;;;;;;;;
5070;;0;;;;;;;;;;;;;
5071;;0;;;;;;;;;;;;;
5072;;22;;;;;;;;;;;;;
5073;;22;;;;;;;;;;;;;
5074;;11;;;;;;;;;;;;;
5075;;7;;;;;;;;;;;;;
5076;;4;;;;;;;;;;;;;
5077;;1;;;;;;;;;;;;;
5078;;1;;;;;;;;;;;;;
2645;f7408c74-01d7-4141-8875-6f9cc25872a6;14;;181;0.50000000;3;;0.00000000;1;f;;0.00000000;f;0;0.00000000
2662;322c50cf-f104-41f2-995d-fdb7ac9de339;4;;232;0.50000000;1;502;0.00000000;0;f;;0.00000000;f;0;0.00000000
2663;9dca0ce1-2818-44e9-a234-36da678c4c34;3;;233;0.50000000;1;502;0.00000000;0;f;;0.00000000;f;0;0.00000000
2661;f5dbf862-c2c5-438d-9b9c-1539d9e3a87a;5;;231;0.50000000;1;502;0.00000000;0;f;;0.00000000;f;0;0.00000000
2673;121810fd-3cb5-46af-befa-2629c161c243;1;;181;0.58000000;2;502;0.00000000;1;f;;0.00000000;f;0;0.00000000
2660;dee19e9a-c663-4e11-8896-10415df2c18d;6;;235;0.50000000;1;502;0.00000000;0;f;;0.00000000;f;0;0.00000000
2671;1d71cf91-2220-43ec-abce-eb32d701930e;12;;170;0.16000000;1;;0.00000000;1;f;;0.00000000;f;0;0.00000000
2672;dcddaec2-d631-4b38-9513-b44d7967c423;2;;172;0.05000000;1;;0.00000000;1;f;;0.00000000;f;0;0.00000000
2666;db4f0241-5049-4808-97f9-5d0631d46127;6;;199;0.60000000;1;;0.00000000;0;f;;0.00000000;f;0;0.00000000
2665;67c9b4d7-939e-4a27-a920-90585ac1539b;6;;200;0.20000000;1;;0.00000000;0;f;;0.00000000;f;0;0.00000000
2669;f0ac4d1e-6af1-428d-8835-ce32a803fc89;3;;19;4.00000000;1;;0.00000000;0;f;;0.00000000;f;0;0.00000000
2667;a6dd3910-fa59-47df-9fdf-faa8c56b04e0;4;;118;12.00000000;1;;0.00000000;0;f;;0.00000000;f;0;0.00000000
2670;46f8f94a-c61f-456e-8640-a8806d7926f4;2;;111;4.00000000;1;;0.00000000;1;f;;0.00000000;f;0;0.00000000
2668;5271522e-3af7-4e10-b9ea-f9346d3ae967;2;;132;4.00000000;1;;0.00000000;0;f;;0.00000000;f;0;0.00000000
5109;13a948d1-269e-4cae-a780-2de0443766dc;1;;200;0.28000000;0;528;0.00000000;0;f;;0.00000000;f;0;0.00000000
5110;faa37594-34f0-41ae-b4a3-ac91fc6b08f3;2;;235;1.00000000;0;528;0.00000000;0;f;;0.00000000;f;0;0.00000000
5111;3672f8aa-0b9e-4996-8ace-637d193872c1;3;;231;3.00000000;0;528;0.00000000;0;f;;0.00000000;f;0;0.00000000
5112;f077c6fb-4de5-46f3-af9b-6bd6356ed6f2;4;;232;2.00000000;0;528;0.00000000;0;f;;0.00000000;f;0;0.00000000
5113;6ab59fa5-dc49-46a0-a7bf-1107b2bded61;5;;132;8.00000000;0;528;0.00000000;0;f;;0.00000000;f;0;0.00000000
5114;5c4f20bb-3429-46fd-a5a5-93f72a6e22ce;6;;233;2.00000000;0;528;0.00000000;0;f;;0.00000000;f;0;0.00000000
5115;34d12701-6b3a-4e44-a8e5-bb3de3e583d0;7;;19;4.00000000;0;528;0.00000000;0;f;;0.00000000;f;0;0.00000000
5116;1a37eaa3-7924-435b-b1e9-5f221379f4c6;8;;118;4.00000000;0;528;0.00000000;0;f;;0.00000000;f;0;0.00000000
5117;883ef6d1-6ae5-4e58-bcae-c3fd3c10e73e;9;;30;0.00900000;0;528;0.00000000;0;f;;0.00000000;f;0;0.00000000
5118;831a1cb2-115c-4e78-b639-0433bc88dab3;10;;199;0.80000000;0;528;0.00000000;0;f;;0.00000000;f;0;0.00000000
5120;6fcb4db9-f406-495a-af30-1180968f8d49;12;;149;8.00000000;0;528;0.00000000;1;f;;0.00000000;f;0;0.00000000
5121;87e4319f-3df2-40a9-b00e-b901f5a58aff;13;;212;0.20000000;0;528;0.00000000;1;f;;0.00000000;f;0;0.00000000
5122;35e508d8-87b0-4b00-9ea9-7fb457a328e5;14;;170;0.15000000;0;528;0.00000000;1;f;;0.00000000;f;0;0.00000000
5123;fff67fa8-70a0-4172-bebd-9ce0a5d8442f;15;;111;8.00000000;0;528;0.00000000;1;f;;0.00000000;f;0;0.00000000
5119;b416b496-c20d-4bfd-8c77-faac9b059406;11;;181;1.27000000;1;528;0.00000000;1;f;;0.00000000;f;0;0.00000000
5124;69b90b3c-81f9-4d88-8089-4ef070069d34;1;;200;0.28000000;0;529;0.00000000;0;f;;0.00000000;f;0;0.00000000
5125;5b7766bb-197f-4141-af9a-4ee9180e3ccf;2;;235;1.00000000;0;529;0.00000000;0;f;;0.00000000;f;0;0.00000000
5126;9f8b4b0e-bd39-4419-9319-58253a12d711;3;;231;3.00000000;0;529;0.00000000;0;f;;0.00000000;f;0;0.00000000
5127;a91f8bc6-cad9-461a-9c1e-43711675a66a;4;;232;2.00000000;0;529;0.00000000;0;f;;0.00000000;f;0;0.00000000
5128;8a36ba23-a8fb-4928-b471-60be3a7e8ff0;5;;132;8.00000000;0;529;0.00000000;0;f;;0.00000000;f;0;0.00000000
5129;431b18f2-34be-4a15-87cd-841027f6f794;6;;233;2.00000000;0;529;0.00000000;0;f;;0.00000000;f;0;0.00000000
5130;7e2aa47e-ab61-4a40-98c7-a4fa1be8b697;7;;19;4.00000000;0;529;0.00000000;0;f;;0.00000000;f;0;0.00000000
5131;7f2de2b9-697e-48e2-a6d5-02aeb9eabf4b;8;;118;4.00000000;0;529;0.00000000;0;f;;0.00000000;f;0;0.00000000
5132;366c8a53-c79c-4e62-971c-f3e669b4dd53;9;;30;0.00900000;0;529;0.00000000;0;f;;0.00000000;f;0;0.00000000
5133;26383223-bcde-4c8f-9199-c9ee5fbe032d;10;;199;0.80000000;0;529;0.00000000;0;f;;0.00000000;f;0;0.00000000
5135;5ee60dd1-78fc-49a7-bc98-38a210879a65;12;;149;8.00000000;0;529;0.00000000;1;f;;0.00000000;f;0;0.00000000
5136;8193877e-52c1-47d8-b1e7-dc25ebaac1ea;13;;212;0.20000000;0;529;0.00000000;1;f;;0.00000000;f;0;0.00000000
5137;2f478608-c095-435e-8233-096cafb8e447;14;;170;0.15000000;0;529;0.00000000;1;f;;0.00000000;f;0;0.00000000
5138;57a201cd-7562-4778-be77-5f6bd400882a;15;;111;8.00000000;0;529;0.00000000;1;f;;0.00000000;f;0;0.00000000
5134;c6fde355-1935-4c74-afd3-c868b4aa84af;11;;181;1.37000000;1;529;0.00000000;1;f;;0.00000000;f;0;0.00000000
5139;;20;;;;;;;;;;;;;
5140;;60;;;;;;;;;;;;;
5141;;10;;;;;;;;;;;;;
5142;;20;;;;;;;;;;;;;
5143;;10;;;;;;;;;;;;;
5144;;20;;;;;;;;;;;;;
5145;;10;;;;;;;;;;;;;
5146;;20;;;;;;;;;;;;;
5147;;10;;;;;;;;;;;;;
5148;;2;;;;;;;;;;;;;
5149;;3;;;;;;;;;;;;;
5150;;4;;;;;;;;;;;;;
5151;;4;;;;;;;;;;;;;
5152;;2;;;;;;;;;;;;;
5153;;3;;;;;;;;;;;;;
5154;;2;;;;;;;;;;;;;
5155;3c151e51-a929-4cb1-99d9-ac8a2481759c;1;;212;0.90000000;1;530;0.00000000;1;f;;0.00000000;f;0;0.00000000
5158;4e767051-3746-4e68-a377-6b6e17f95a0e;4;;233;1.00000000;1;530;0.00000000;1;f;;0.00000000;f;0;0.00000000
5156;89efd752-db98-4342-89b2-adc404d50452;2;;231;1.00000000;1;530;0.00000000;1;f;;0.00000000;f;0;0.00000000
5159;63fe911e-cfb5-4e7f-913c-d040762be81a;5;;235;0.50000000;1;530;0.00000000;1;f;;0.00000000;f;0;0.00000000
5157;043339db-ab28-4016-a4ff-5ee1c7a951a7;3;;232;0.50000000;1;530;0.00000000;1;f;;0.00000000;f;0;0.00000000
5160;127bba6d-fe10-47e2-b4a5-44411f8c59b1;6;;723;4.00000000;1;530;0.00000000;1;f;;0.00000000;f;0;0.00000000
5161;;57;;;;;;;;;;;;;
5162;;2;;;;;;;;;;;;;
5163;;2;;;;;;;;;;;;;
5164;;2;;;;;;;;;;;;;
5165;;1;;;;;;;;;;;;;
5166;;1;;;;;;;;;;;;;
5167;;1;;;;;;;;;;;;;
5168;;1;;;;;;;;;;;;;
5169;;1;;;;;;;;;;;;;
5170;;1;;;;;;;;;;;;;
5171;;1;;;;;;;;;;;;;
5172;;1;;;;;;;;;;;;;
5173;;1;;;;;;;;;;;;;
5174;;1;;;;;;;;;;;;;
5175;;1;;;;;;;;;;;;;
5176;;1;;;;;;;;;;;;;
5177;;1;;;;;;;;;;;;;
5178;;1;;;;;;;;;;;;;
5179;;5;;;;;;;;;;;;;
5180;;1;;;;;;;;;;;;;
5181;;60;;;;;;;;;;;;;
5182;;10;;;;;;;;;;;;;
5183;;20;;;;;;;;;;;;;
5184;;10;;;;;;;;;;;;;
5185;;20;;;;;;;;;;;;;
5186;;10;;;;;;;;;;;;;
5187;;20;;;;;;;;;;;;;
5188;;10;;;;;;;;;;;;;
5189;;20;;;;;;;;;;;;;
5190;;1;;;;;;;;;;;;;
5191;;10;;;;;;;;;;;;;
5192;;20;;;;;;;;;;;;;
5224;;1;;;;;;;;;;;;;
5225;;1;;;;;;;;;;;;;
5226;;2;;;;;;;;;;;;;
5227;;2;;;;;;;;;;;;;
5228;;2;;;;;;;;;;;;;
5229;;1;;;;;;;;;;;;;
5230;;4;;;;;;;;;;;;;
5231;;5;;;;;;;;;;;;;
5232;;0;;;;;;;;;;;;;
5233;;0;;;;;;;;;;;;;
5234;;2;;;;;;;;;;;;;
5235;;54;;;;;;;;;;;;;
5236;;4;;;;;;;;;;;;;
5237;;107;;;;;;;;;;;;;
5238;;11;;;;;;;;;;;;;
5239;;16;;;;;;;;;;;;;
5240;;27;;;;;;;;;;;;;
5241;;0;;;;;;;;;;;;;
5242;;0;;;;;;;;;;;;;
5243;;3;;;;;;;;;;;;;
5244;;0;;;;;;;;;;;;;
5245;;12;;;;;;;;;;;;;
5246;;1;;;;;;;;;;;;;
5247;;1;;;;;;;;;;;;;
5248;;2;;;;;;;;;;;;;
5249;;10;;;;;;;;;;;;;
5250;;7;;;;;;;;;;;;;
5251;;1;;;;;;;;;;;;;
5252;;1;;;;;;;;;;;;;
5253;;1;;;;;;;;;;;;;
5254;;1;;;;;;;;;;;;;
5255;;1;;;;;;;;;;;;;
5256;db2c15b8-776c-4438-94ba-696756cecd62;1;;196;0.00000000;0;;0.00000000;1;f;;0.00000000;f;0;0.00000000
5261;451967ab-ff7b-409d-95e3-5786cc20b913;5;;231;2.00000000;1;531;0.00000000;1;f;;0.00000000;f;0;0.00000000
5259;101d1686-0c10-44ab-b754-90eb8e2af19b;3;;212;0.50000000;1;531;0.00000000;1;f;;0.00000000;f;0;0.00000000
5260;dcdc781d-0d41-4686-9af8-f6804452669b;4;;211;0.13000000;2;;0.00000000;1;f;;0.00000000;f;0;0.00000000
5265;09b5b595-2a8e-42af-b6b4-7f03e53acef2;9;;32;0.10000000;1;531;0.00000000;1;f;;0.00000000;f;0;0.00000000
5264;18d0420d-124b-4fee-91f4-eb741ff6fbc1;8;;235;2.00000000;1;531;0.00000000;1;f;;0.00000000;f;0;0.00000000
5263;e438e7cb-d681-433e-a68a-445ae55201fc;7;;233;2.00000000;1;531;0.00000000;1;f;;0.00000000;f;0;0.00000000
5262;a94bfb1f-7cb4-4161-af74-28da6daa0b4a;6;;232;2.00000000;1;531;0.00000000;1;f;;0.00000000;f;0;0.00000000
5257;cde5decc-031e-45e7-8f2c-b2b9f65cb551;1;;192;0.50000000;2;531;0.00000000;1;f;;0.00000000;f;0;0.00000000
5266;8921e8e0-0dbf-4e46-9a44-0bb55371d9dd;9;;196;0.13000000;3;;0.00000000;1;f;;0.00000000;f;0;0.00000000
5275;;1;;;;;;;;;;;;;
5276;;0;;;;;;;;;;;;;
5277;5e9f6317-321a-4004-a8ce-d8717b06d534;1;;233;2.00000000;0;533;0.00000000;0;f;;0.00000000;f;0;0.00000000
5278;b0804364-4c6d-4075-aca9-11bfc88f39bc;2;;232;1.00000000;0;533;0.00000000;0;f;;0.00000000;f;0;0.00000000
5279;96e4eac7-efe4-48b3-9d75-86b0f4269928;3;;231;1.50000000;0;533;0.00000000;0;f;;0.00000000;f;0;0.00000000
5280;eb44ef35-aabc-4a1b-bf76-471e4ff00a4f;4;;30;0.15000000;0;533;0.00000000;0;f;;0.00000000;f;0;0.00000000
5283;e782269a-055c-456c-aa59-92a8b1c26bc2;7;;148;4.00000000;0;533;0.00000000;0;f;;0.00000000;f;0;0.00000000
5284;337587e5-da1d-4e1b-a31c-6cfd1ae82a0f;8;;15;4.00000000;0;533;0.00000000;0;f;;0.00000000;f;0;0.00000000
5285;7428adb9-bf9f-414f-af81-4c2e72a1dbc9;9;;200;0.35000000;0;533;0.00000000;0;f;;0.00000000;f;0;0.00000000
5286;eeef6ab4-48ea-4da4-b6dc-0f1d875830c4;10;;192;0.50000000;0;533;0.00000000;0;f;;0.00000000;f;0;0.00000000
5287;75599047-7f6d-48d3-bf47-631efb4189f6;11;;235;1.00000000;0;533;0.00000000;0;f;;0.00000000;f;0;0.00000000
5288;4295c5c5-8f69-456f-8d02-9dda9124c3df;12;;183;0.03000000;0;533;0.00000000;1;f;;0.00000000;f;0;0.00000000
5289;10d27bb5-34a8-42ab-b03e-f39487119cfe;13;;105;8.00000000;0;533;0.00000000;1;f;;0.00000000;f;0;0.00000000
5291;71c45755-ea76-4279-92d5-fc2063ac0267;15;;336;4.00000000;0;533;0.00000000;1;f;;0.00000000;f;0;0.00000000
5282;dc60aa0d-de06-4d49-a5e0-e56c23d63f31;9;;118;4.00000000;1;533;0.00000000;0;f;;0.00000000;f;0;0.00000000
5281;14479ae5-d27a-4604-b0a1-a1feb9bc24d6;5;;186;0.70000000;1;;0.00000000;0;f;;0.00000000;f;0;0.00000000
5290;17bcd925-ccf8-47fa-9ff6-c238192ddcf5;2;;201;0.30000000;1;;0.00000000;1;f;;0.00000000;f;0;0.00000000
5292;;10;;;;;;;;;;;;;
5293;;38;;;;;;;;;;;;;
5294;;45;;;;;;;;;;;;;
5295;;0;;;;;;;;;;;;;
5296;;0;;;;;;;;;;;;;
5297;;5;;;;;;;;;;;;;
5298;;9;;;;;;;;;;;;;
5299;;8;;;;;;;;;;;;;
5300;;8;;;;;;;;;;;;;
5274;ecfad0fb-3164-4551-b1c8-b66d3e867dee;8;;32;0.15000000;1;532;0.00000000;1;f;;0.00000000;f;0;0.00000000
5273;45ad5a72-2896-4cbf-a860-8dfaa4639b68;7;;235;1.00000000;1;532;0.00000000;1;f;;0.00000000;f;0;0.00000000
5272;7a54f982-720a-49ca-9ccb-bb3e6f6af1b0;6;;233;3.00000000;1;532;0.00000000;1;f;;0.00000000;f;0;0.00000000
5271;6232c8aa-4add-41ff-bfc8-6a1089b3ff71;5;;232;2.00000000;1;532;0.00000000;1;f;;0.00000000;f;0;0.00000000
5270;73cdc36b-f51d-41b8-98d6-bea62ce0d308;4;;231;2.00000000;1;532;0.00000000;1;f;;0.00000000;f;0;0.00000000
5269;70aa30fb-3b98-470a-8034-ebb1e9b17bd9;3;;192;0.30000000;1;532;0.00000000;1;f;;0.00000000;f;0;0.00000000
5313;2893f7bd-be6d-4d61-b33a-9de3bedb6e59;6;;197;0.25000000;1;;0.00000000;1;f;;0.00000000;f;0;0.00000000
5301;;12;;;;;;;;;;;;;
5302;;10;;;;;;;;;;;;;
5303;;40;;;;;;;;;;;;;
5304;;16;;;;;;;;;;;;;
5305;;1;;;;;;;;;;;;;
5306;;4;;;;;;;;;;;;;
5307;;25;;;;;;;;;;;;;
5308;;29;;;;;;;;;;;;;
5309;;24;;;;;;;;;;;;;
5310;;1;;;;;;;;;;;;;
5311;;1;;;;;;;;;;;;;
5312;ba00a664-438c-48ee-b8c5-2247da0144da;17;;580;0.07000000;0;507;0.00000000;1;f;;0.00000000;f;0;0.00000000
5314;;4;;;;;;;;;;;;;
5315;;6;;;;;;;;;;;;;
5316;;4;;;;;;;;;;;;;
5317;;11;;;;;;;;;;;;;
5318;f4cb92b3-c2b1-4a79-8500-a28fb3764f26;1;;184;16.00000000;1;534;0.00000000;1;f;;0.00000000;f;0;0.00000000
5319;6c6c3398-6252-4ba1-b76c-cf494eb407e6;2;;219;3.00000000;1;534;0.00000000;1;f;;0.00000000;f;0;0.00000000
5320;c9e9dc68-4ea8-4d9a-aa65-fcc94396afc0;3;;32;0.50000000;1;534;0.00000000;1;f;;0.00000000;f;0;0.00000000
5321;f08f25ee-03cc-4457-b6c3-5cc95f594037;4;;231;8.00000000;1;534;0.00000000;1;f;;0.00000000;f;0;0.00000000
5322;0501e097-f2a7-401d-b3b3-68158ceeee94;5;;232;8.00000000;1;534;0.00000000;1;f;;0.00000000;f;0;0.00000000
5323;3be2b1ab-763c-4011-a838-16b324117c6d;6;;233;4.00000000;1;534;0.00000000;1;f;;0.00000000;f;0;0.00000000
5268;22c4273a-91a6-43fe-9831-7743c6c061fe;7;;201;0.80000000;2;532;0.00000000;1;f;;0.00000000;f;0;0.00000000
5267;d29f90b3-aaf7-4efe-b628-4d33a2636237;1;;196;0.13000000;2;;0.00000000;1;f;;0.00000000;f;0;0.00000000
5258;280848b8-57b3-4871-866a-2bfdf27a8e66;1;;201;1.00000000;3;531;0.00000000;1;f;;0.00000000;f;0;0.00000000
5324;ed160225-b166-4f0b-8165-034e69292b3d;7;;235;4.00000000;1;534;0.00000000;1;f;;0.00000000;f;0;0.00000000
5331;0c427cbe-f534-471d-9711-12b50ea58fcd;7;;235;1.00000000;1;535;0.00000000;1;f;;0.00000000;f;0;0.00000000
5330;89166201-49b5-44ab-9160-78d8d11b00b2;6;;233;2.00000000;1;535;0.00000000;1;f;;0.00000000;f;0;0.00000000
5329;194585f5-f77e-42e0-9e4e-af873d963a99;5;;232;2.00000000;1;535;0.00000000;1;f;;0.00000000;f;0;0.00000000
5328;14f359e7-55bb-45f7-b733-a22afd3901d7;4;;231;2.00000000;1;535;0.00000000;1;f;;0.00000000;f;0;0.00000000
5327;c874b123-d174-484b-a1f3-f853f308cc33;3;;32;0.05000000;1;535;0.00000000;1;f;;0.00000000;f;0;0.00000000
5326;29bdbde7-e3d5-4e77-abd7-d6e7ca46fc92;2;;219;1.00000000;1;535;0.00000000;1;f;;0.00000000;f;0;0.00000000
5325;b303934a-ba98-45fb-b441-958f7052c1a3;1;;184;3.50000000;1;535;0.00000000;1;f;;0.00000000;f;0;0.00000000
5332;;10;;;;;;;;;;;;;
5333;;25;;;;;;;;;;;;;
5334;;20;;;;;;;;;;;;;
5335;;20;;;;;;;;;;;;;
5336;;576;;;;;;;;;;;;;
5337;;150;;;;;;;;;;;;;
5338;;40;;;;;;;;;;;;;
5339;;50;;;;;;;;;;;;;
5340;;450;;;;;;;;;;;;;
5341;;300;;;;;;;;;;;;;
5342;;800;;;;;;;;;;;;;
5343;;124;;;;;;;;;;;;;
5344;;96;;;;;;;;;;;;;
5345;;384;;;;;;;;;;;;;
5346;;254;;;;;;;;;;;;;
5347;;50;;;;;;;;;;;;;
5348;;16;;;;;;;;;;;;;
5349;;7;;;;;;;;;;;;;
5350;;3;;;;;;;;;;;;;
5351;;3;;;;;;;;;;;;;
5352;;1;;;;;;;;;;;;;
5353;;33;;;;;;;;;;;;;
5354;;0;;;;;;;;;;;;;
5355;;26;;;;;;;;;;;;;
5356;;2;;;;;;;;;;;;;
5357;;3;;;;;;;;;;;;;
5358;;10;;;;;;;;;;;;;
5359;;11;;;;;;;;;;;;;
5360;;576;;;;;;;;;;;;;
5361;;150;;;;;;;;;;;;;
5362;;450;;;;;;;;;;;;;
5363;;300;;;;;;;;;;;;;
5364;;3;;;;;;;;;;;;;
5365;;1;;;;;;;;;;;;;
5366;;60;;;;;;;;;;;;;
5367;;10;;;;;;;;;;;;;
5368;;1020;;;;;;;;;;;;;
5369;;100;;;;;;;;;;;;;
5370;;200;;;;;;;;;;;;;
5371;e307ba2f-1347-4df8-a8f6-86cf9b0bbb98;1;;30;0.15000000;0;536;0.00000000;0;f;;0.00000000;f;0;0.00000000
5372;c429f35f-580d-4ce7-912a-a19df5a9b479;2;;118;4.00000000;0;536;0.00000000;0;f;;0.00000000;f;0;0.00000000
5373;5b8e468f-0d1d-40ea-beb7-5b3cd294c240;3;;132;4.00000000;0;536;0.00000000;0;f;;0.00000000;f;0;0.00000000
5374;2d7b8501-7c30-4339-bee1-0bd1c710911b;4;;19;4.00000000;0;536;0.00000000;0;f;;0.00000000;f;0;0.00000000
5375;a06516e7-2a58-4163-bc3d-cf06f55e2207;5;;231;2.00000000;0;536;0.00000000;0;f;;0.00000000;f;0;0.00000000
5376;6e9d9633-83ea-4b18-85f1-65c544c4c42a;6;;232;1.00000000;0;536;0.00000000;0;f;;0.00000000;f;0;0.00000000
5378;d76aa941-ce74-4f8c-b7dc-9698718d3314;8;;235;1.00000000;0;536;0.00000000;0;f;;0.00000000;f;0;0.00000000
5379;088f3424-4b23-4950-aa85-cd6cc252174e;9;;18;1.00000000;0;536;0.00000000;0;f;;0.00000000;f;0;0.00000000
5380;b5bd5900-feb0-4262-882c-5e4593d63abd;10;;233;1.00000000;0;536;0.00000000;0;f;;0.00000000;f;0;0.00000000
5381;2fcfc480-1f8b-4280-8903-c7df003e4df0;11;;149;4.00000000;0;536;0.00000000;1;f;;0.00000000;f;0;0.00000000
5377;ee7dedb3-d4f9-4704-bd77-0c6d1393e724;7;;192;1.00000000;1;536;0.00000000;0;f;;0.00000000;f;0;0.00000000
5382;;10;;;;;;;;;;;;;
5383;;0;;;;;;;;;;;;;
5385;b488e9c5-7222-41cf-a46a-8e52387cefc8;2;;235;1.00000000;0;537;0.00000000;0;f;;0.00000000;f;0;0.00000000
5399;386120ae-c54e-497a-8778-7af025df7feb;8;;759;0.15000000;1;532;0.00000000;1;f;;0.00000000;f;0;0.00000000
5396;;480;;;;;;;;;;;;;
5397;;180;;;;;;;;;;;;;
5398;;288;;;;;;;;;;;;;
5400;0665458e-8a6b-4e6a-b244-bd6c8ac41721;9;;759;0.15000000;0;531;0.00000000;1;f;;0.00000000;f;0;0.00000000
5401;d15044d9-9270-436a-80ec-3b4284ebf7d5;8;;390;0.80000000;0;537;0.00000000;1;f;;0.00000000;f;0;0.00000000
5402;1072adca-6abe-4c57-b303-4fc5494619f7;9;;32;0.20000000;0;537;0.00000000;1;f;;0.00000000;f;0;0.00000000
5403;057f4e67-c0f2-4e5e-9110-0767adbd260e;10;;317;0.20000000;0;537;0.00000000;1;f;;0.00000000;f;0;0.00000000
5404;991a553a-3fed-48d0-bd77-df0335a0a191;11;;14;0.00000000;0;537;0.00000000;1;f;;0.00000000;f;0;0.00000000
5405;95db47a1-0a4a-4d67-99aa-805e30feecce;12;;19;6.00000000;0;537;0.00000000;1;f;;0.00000000;f;0;0.00000000
5393;9bb93ff9-df78-483d-b383-375a27aaf605;2;;118;4.00000000;2;537;0.00000000;1;f;;0.00000000;f;0;0.00000000
5409;f576290f-963e-43de-9e1b-5c0d8fce34f0;2;;440;0.25000000;1;538;0.00000000;1;f;;0.00000000;f;0;0.00000000
5480;;10;;;;;;;;;;;;;
5411;f2bdec21-c628-41c9-bafb-05d1149d6c99;4;;138;12.00000000;1;538;0.00000000;1;f;;0.00000000;f;0;0.00000000
5412;a2e0cd72-495a-430e-9108-d2650de440b8;5;;19;6.00000000;1;538;0.00000000;1;f;;0.00000000;f;0;0.00000000
5414;e516aa30-be39-405f-ad9c-1079f4d77bf3;7;;231;1.00000000;2;538;0.00000000;1;f;;0.00000000;f;0;0.00000000
5410;5b414eb5-f98b-41ec-a479-544bb57d9920;3;;184;0.60000000;2;538;0.00000000;1;f;;0.00000000;f;0;0.00000000
5415;b97e9f22-1665-4287-bad6-7a8bfd374d95;8;;232;1.00000000;1;538;0.00000000;1;f;;0.00000000;f;0;0.00000000
5416;5d4acd85-ef7c-43e2-9e6d-c0aefb54d7b4;9;;233;1.00000000;1;538;0.00000000;1;f;;0.00000000;f;0;0.00000000
5417;3f3b47d2-7bc8-4c92-84ef-0e8ea024292d;10;;235;1.00000000;1;538;0.00000000;1;f;;0.00000000;f;0;0.00000000
5418;9b386d47-25a3-46d9-ac23-f8fb4a40d574;11;;317;0.20000000;1;538;0.00000000;1;f;;0.00000000;f;0;0.00000000
5481;;0;;;;;;;;;;;;;
5484;;0;;;;;;;;;;;;;
5487;;0;;;;;;;;;;;;;
5490;;116;;;;;;;;;;;;;
5390;c36b9d64-7d3f-4292-8a53-7ee8e402a13a;3;;191;1.00000000;3;537;0.00000000;0;f;;0.00000000;f;0;0.00000000
5388;43e7af19-6ffe-4fb6-8574-8e333723dfab;4;;233;2.00000000;1;537;0.00000000;0;f;;0.00000000;f;0;0.00000000
5387;a92e36e5-c75e-42d4-ad2c-a97ce4f02a9f;5;;232;2.00000000;1;537;0.00000000;0;f;;0.00000000;f;0;0.00000000
5386;ced73a5d-130b-4a5b-9cb4-fd84e96e8970;6;;231;3.00000000;1;537;0.00000000;0;f;;0.00000000;f;0;0.00000000
5395;836802b9-df9f-4ddd-8708-b449e2e8eace;1;;183;0.20000000;1;537;0.00000000;1;f;;0.00000000;f;0;0.00000000
5394;66e096d5-94e7-4362-a992-c0fd611e0915;11;;148;4.00000000;1;;0.00000000;1;f;;0.00000000;f;0;0.00000000
5392;8dc4a4db-a0ca-4c56-9fc2-b7afe9736357;3;;105;8.00000000;1;;0.00000000;1;f;;0.00000000;f;0;0.00000000
5391;bf94e6ba-b89f-4e7b-bf4b-82cf65ae0ca7;3;;202;0.80000000;1;;0.00000000;0;f;;0.00000000;f;0;0.00000000
5384;998faab5-6d40-4ee4-a51f-17b81d0e6b5c;9;;309;8.00000000;1;;0.00000000;0;f;;0.00000000;f;0;0.00000000
5389;e55de33a-dcb1-4aba-b2e4-a04be6d4e0b5;4;;28;0.20000000;1;;0.00000000;0;f;;0.00000000;f;0;0.00000000
5406;;25;;;;;;;;;;;;;
5407;;3;;;;;;;;;;;;;
5413;6e9c7ed3-aedc-47a0-9fb9-513c8077864e;6;;32;0.10000000;2;538;0.00000000;1;f;;0.00000000;f;0;0.00000000
5467;59c249d8-c691-4c3f-aff5-e419e1d10d2a;4;;233;2.00000000;0;543;0.00000000;0;f;;0.00000000;f;0;0.00000000
5468;945237e2-ebe1-43f7-8d3c-9dc8129b89a4;5;;232;1.00000000;0;543;0.00000000;0;f;;0.00000000;f;0;0.00000000
5469;86e0e28d-7ee6-4cb1-9428-0f2e5d3d73ee;6;;231;2.00000000;0;543;0.00000000;0;f;;0.00000000;f;0;0.00000000
5472;08e8e4ae-2e9c-486f-bb6a-a1265c51da7e;9;;390;0.60000000;1;543;0.00000000;0;f;;0.00000000;f;0;0.00000000
5470;6d195ce8-1673-4abb-b525-d969c550f472;4;;30;0.30000000;1;543;0.00000000;0;f;;0.00000000;f;0;0.00000000
5465;0496278d-478e-4564-b41a-1f772640704b;8;;309;4.00000000;2;543;0.00000000;0;f;;0.00000000;f;0;0.00000000
5464;baf625e6-b452-4ff7-af26-3f8f64134c44;9;;191;1.20000000;1;543;0.00000000;0;f;;0.00000000;f;0;0.00000000
5473;16797fdf-ee6d-41e3-b958-9be8641a3abd;2;;118;10.00000000;1;543;0.00000000;0;f;;0.00000000;f;0;0.00000000
5474;2e25c8fb-8455-4521-93b1-0302ebab6fc8;1;;148;8.00000000;1;543;0.00000000;0;f;;0.00000000;f;0;0.00000000
5471;1438b2cb-4d4e-40b8-9ec7-54147dca5840;8;;186;1.60000000;1;;0.00000000;0;f;;0.00000000;f;0;0.00000000
5466;5ea11f24-e3c0-4876-a1df-57fba695350b;8;;186;0.25000000;1;;0.00000000;0;f;;0.00000000;f;0;0.00000000
5478;;35;;;;;;;;;;;;;
5482;;0;;;;;;;;;;;;;
5485;;0;;;;;;;;;;;;;
5488;;116;;;;;;;;;;;;;
5491;;348;;;;;;;;;;;;;
5408;0f09b5b1-e180-4969-bec9-fe285dadb082;1;;756;0.20000000;1;538;0.00000000;1;f;;0.00000000;f;0;0.00000000
5419;f1c51c69-7ea5-4089-938e-eb9e88a89f17;12;;739;1.00000000;1;538;0.00000000;1;f;;0.00000000;f;0;0.00000000
5420;ff610e71-69ff-42f9-8573-8bbce92b8478;1;;756;0.20000000;0;539;0.00000000;1;f;;0.00000000;f;0;0.00000000
5421;84dfbd77-38eb-40cc-9b2c-16b83a7728e8;2;;440;0.25000000;0;539;0.00000000;1;f;;0.00000000;f;0;0.00000000
5422;e2ee596d-be4c-42aa-b1ed-99098670d7da;3;;184;0.70000000;0;539;0.00000000;1;f;;0.00000000;f;0;0.00000000
5423;720b08eb-0514-4c68-aa6b-62b0bae72eb4;4;;138;12.00000000;0;539;0.00000000;1;f;;0.00000000;f;0;0.00000000
5424;119f06ef-1391-46d6-800a-8a9d6fbc55ab;5;;19;6.00000000;0;539;0.00000000;1;f;;0.00000000;f;0;0.00000000
5425;c8ae71d4-d774-432a-ac9a-cc878ff3cba2;6;;32;0.10000000;0;539;0.00000000;1;f;;0.00000000;f;0;0.00000000
5426;087b8a87-2905-4bdc-894b-47d18eb9a1c6;7;;231;1.00000000;0;539;0.00000000;1;f;;0.00000000;f;0;0.00000000
5427;431f55f9-8f6e-48fc-9f57-5ea7808d5152;8;;232;1.00000000;0;539;0.00000000;1;f;;0.00000000;f;0;0.00000000
5428;f1ac858c-2de1-4f61-92e4-9c92c67d76e7;9;;233;1.00000000;0;539;0.00000000;1;f;;0.00000000;f;0;0.00000000
5429;ebf6dc66-66ee-4ffe-9470-bb71e316bd55;10;;235;1.00000000;0;539;0.00000000;1;f;;0.00000000;f;0;0.00000000
5430;3d30c57a-9be3-4aa2-a5a7-f278d33a7269;11;;317;0.20000000;0;539;0.00000000;1;f;;0.00000000;f;0;0.00000000
5431;3a3295a3-e83b-4c3d-9dd7-fb0b8c89f241;12;;739;1.00000000;0;539;0.00000000;1;f;;0.00000000;f;0;0.00000000
5437;2092060f-78b6-4575-b836-3e5118028349;6;;32;0.10000000;0;540;0.00000000;1;f;;0.00000000;f;0;0.00000000
5438;6efb5751-372e-45f7-a9e4-9f30b6e37b22;7;;231;1.00000000;0;540;0.00000000;1;f;;0.00000000;f;0;0.00000000
5439;53531603-8f9d-4924-9bbb-d9f4851eac7a;8;;232;1.00000000;0;540;0.00000000;1;f;;0.00000000;f;0;0.00000000
5441;a2a7a8f1-1bc7-4ef0-b8a6-f4ccfaa36f28;10;;235;1.00000000;0;540;0.00000000;1;f;;0.00000000;f;0;0.00000000
5442;9844cabe-bff1-41c7-9186-7de83c15f2c7;11;;317;0.20000000;0;540;0.00000000;1;f;;0.00000000;f;0;0.00000000
5443;f62f963d-416e-44c6-9b80-8601a04a3c9f;12;;739;1.00000000;0;540;0.00000000;1;f;;0.00000000;f;0;0.00000000
5432;b037eda3-8d32-475d-8702-ca9e9a8458ec;1;;756;0.12000000;1;540;0.00000000;1;f;;0.00000000;f;0;0.00000000
5433;6ec4da10-161d-4d79-85cb-012f91c26cc6;2;;440;0.14000000;1;540;0.00000000;1;f;;0.00000000;f;0;0.00000000
5434;e7b6c87a-4f0a-40c6-980d-9af3f5738ad2;3;;184;0.66000000;1;540;0.00000000;1;f;;0.00000000;f;0;0.00000000
5435;0b4fbe83-d3be-4b36-8e5b-121c330001fc;4;;138;8.00000000;1;540;0.00000000;1;f;;0.00000000;f;0;0.00000000
5436;f6b54cc7-81b6-42c2-89d4-c92f31331771;5;;19;4.00000000;1;540;0.00000000;1;f;;0.00000000;f;0;0.00000000
5440;48653b47-2f83-44e2-80dc-f28f33ec1bfa;9;;233;0.50000000;1;540;0.00000000;1;f;;0.00000000;f;0;0.00000000
5455;5eeee91c-5a8e-4e88-a263-9b38d909916c;1;;235;1.00000000;0;542;0.00000000;0;f;;0.00000000;f;0;0.00000000
5456;b42fb53f-2b80-4a66-beff-418dbdb08a80;2;;231;2.00000000;0;542;0.00000000;0;f;;0.00000000;f;0;0.00000000
5457;355fb2fd-c315-4bae-94b4-a93c98f12db4;3;;232;1.00000000;0;542;0.00000000;0;f;;0.00000000;f;0;0.00000000
5458;d9062274-ea2a-46af-99ba-56de5fbe3fb2;4;;233;1.00000000;0;542;0.00000000;0;f;;0.00000000;f;0;0.00000000
5459;5b5bb82e-ce5a-43c7-b3c2-d67f1da18289;5;;28;0.20000000;0;542;0.00000000;0;f;;0.00000000;f;0;0.00000000
5460;460e909a-cbbf-4c66-aa4e-f76d1d15de95;6;;191;1.00000000;0;542;0.00000000;0;f;;0.00000000;f;0;0.00000000
5461;8e6f1e2f-6454-4867-b127-dd685531025e;7;;202;1.00000000;0;542;0.00000000;0;f;;0.00000000;f;0;0.00000000
5462;0eee306d-315c-4a65-8a04-bf6da346a18e;8;;309;4.00000000;0;542;0.00000000;0;f;;0.00000000;f;0;0.00000000
5463;413be2a5-09e1-4d8b-a5b8-35bfa85f6fba;9;;106;4.00000000;0;542;0.00000000;0;f;;0.00000000;f;0;0.00000000
5504;7fccbf67-8a09-4893-8b57-a9a51e0d07c1;6;;202;0.50000000;0;544;0.00000000;1;f;;0.00000000;f;0;0.00000000
5505;ea5be955-5566-4062-b692-2675aef55c58;7;;231;2.00000000;0;544;0.00000000;1;f;;0.00000000;f;0;0.00000000
5506;02446928-247c-4bae-bc2d-56213638a7c1;8;;232;1.00000000;0;544;0.00000000;1;f;;0.00000000;f;0;0.00000000
5475;5a93268f-3d5a-436b-9f94-7961f92de8c9;10;;202;1.15000000;2;543;0.00000000;1;f;;0.00000000;f;0;0.00000000
5476;09430e29-1a71-4491-bd1e-d9a63e2e9367;11;;19;2.00000000;2;543;0.00000000;1;f;;0.00000000;f;0;0.00000000
5477;1fd006e6-2a49-4a65-8819-46235dbca286;12;;317;0.30000000;2;543;0.00000000;1;f;;0.00000000;f;0;0.00000000
5479;;30;;;;;;;;;;;;;
5483;;0;;;;;;;;;;;;;
5486;;0;;;;;;;;;;;;;
5489;;348;;;;;;;;;;;;;
5492;;0;;;;;;;;;;;;;
5494;;10;;;;;;;;;;;;;
5495;;40;;;;;;;;;;;;;
5496;;1;;;;;;;;;;;;;
5502;10b3cee3-00b8-414b-8977-52e5f2f999d8;6;;148;4.00000000;0;544;0.00000000;0;f;;0.00000000;f;0;0.00000000
5507;2b9fad7b-bcc8-4318-b283-4e0347d1f7f3;9;;233;2.00000000;0;544;0.00000000;1;f;;0.00000000;f;0;0.00000000
5508;4a0201c2-6d80-42fe-8211-054bab9814fb;10;;235;1.00000000;0;544;0.00000000;1;f;;0.00000000;f;0;0.00000000
5509;092a8f97-f4ee-4deb-ad91-b5bd3715b507;11;;234;2.00000000;0;544;0.00000000;1;f;;0.00000000;f;0;0.00000000
5510;d8309d69-095f-465f-a127-0fded7fe568d;12;;28;0.20000000;0;544;0.00000000;1;f;;0.00000000;f;0;0.00000000
5511;c6b6e6fd-8283-4213-a533-b036f1b851d3;13;;14;4.00000000;0;544;0.00000000;1;f;;0.00000000;f;0;0.00000000
5503;bcad1548-4fbe-4c36-bf03-28a6a5e586c3;1;;105;10.00000000;1;544;0.00000000;0;f;;0.00000000;f;0;0.00000000
5501;249bf5e8-0736-4159-9ad2-5c1d4086f88c;3;;118;8.00000000;1;544;0.00000000;0;f;;0.00000000;f;0;0.00000000
5499;876f7890-e105-4de7-be45-689d45609190;4;;390;0.20000000;1;544;0.00000000;0;f;;0.00000000;f;0;0.00000000
5497;13d2485e-a39f-4eaa-9e40-fe91a8b4fe7a;5;;191;0.80000000;1;544;0.00000000;0;f;;0.00000000;f;0;0.00000000
5500;67cf03b4-1e69-4d89-9436-ac465b90e627;4;;309;4.00000000;1;;0.00000000;0;f;;0.00000000;f;0;0.00000000
5498;495a902e-1b35-4946-9427-227e683629c4;5;;186;0.50000000;1;;0.00000000;0;f;;0.00000000;f;0;0.00000000
5512;fe6ed4de-708c-49e5-aed2-6a2fc50cf142;1;;233;2.00000000;0;545;0.00000000;0;f;;0.00000000;f;0;0.00000000
5513;10160642-b5c9-4354-a8f9-578abf7e8a74;2;;232;1.00000000;0;545;0.00000000;0;f;;0.00000000;f;0;0.00000000
5515;f8312029-9881-4f3f-8c82-400872c783b3;4;;30;0.15000000;0;545;0.00000000;0;f;;0.00000000;f;0;0.00000000
5516;2279fb4a-a135-4710-b024-0e00c37c4c12;5;;148;4.00000000;0;545;0.00000000;0;f;;0.00000000;f;0;0.00000000
5517;357cb17d-0616-4999-9dff-d5fbc9d67d03;6;;15;4.00000000;0;545;0.00000000;0;f;;0.00000000;f;0;0.00000000
5518;2d3fbd7b-6eb2-4ecc-ab22-9a1e5288dbcb;7;;200;0.35000000;0;545;0.00000000;0;f;;0.00000000;f;0;0.00000000
5520;548b052e-7a16-488a-87c0-efb1c9466a7f;9;;192;0.50000000;0;545;0.00000000;0;f;;0.00000000;f;0;0.00000000
5525;b58fb948-6c1b-4b3a-a7b3-cc93aad1f39b;12;;19;4.00000000;0;545;0.00000000;1;f;;0.00000000;f;0;0.00000000
5523;fd73c8b3-b57e-4db1-8d77-1e40b1d4a48c;1;;105;10.00000000;1;545;0.00000000;1;f;;0.00000000;f;0;0.00000000
5514;5e221cda-810a-468b-a519-9f3cd6d5b56a;9;;231;2.00000000;1;545;0.00000000;0;f;;0.00000000;f;0;0.00000000
5519;32886ac0-a1dd-4acb-93b6-1333bb0f226c;4;;118;8.00000000;1;545;0.00000000;0;f;;0.00000000;f;0;0.00000000
5521;aa940acb-49ee-41e1-87fa-7e0e5f07fe56;2;;235;2.00000000;1;545;0.00000000;0;f;;0.00000000;f;0;0.00000000
5524;c24e5148-7cd7-4866-b4f1-128882496c9f;13;;336;4.00000000;1;;0.00000000;1;f;;0.00000000;f;0;0.00000000
5522;26f23422-3c8b-44ba-9170-25ccf4eca392;2;;183;0.03000000;1;;0.00000000;1;f;;0.00000000;f;0;0.00000000
5529;d3ed80b1-df96-4917-913f-d7c87be5a909;4;;143;28.00000000;0;546;0.00000000;1;f;;0.00000000;f;0;0.00000000
5530;7b4ea817-37d0-4c07-9ea5-7aafdf9de83d;5;;233;2.00000000;0;546;0.00000000;1;f;;0.00000000;f;0;0.00000000
5533;69fdb921-c3b8-425e-90d3-f436fa137d12;8;;32;0.15000000;0;546;0.00000000;1;f;;0.00000000;f;0;0.00000000
5535;05f958f8-3e86-4161-b07a-d741db379d1d;10;;303;0.24600000;0;546;0.00000000;1;f;;0.00000000;f;0;0.00000000
5540;f53440d6-5e03-45be-80b8-55a6f56b9ebf;15;;437;16.00000000;0;546;0.00000000;1;f;;0.00000000;f;0;0.00000000
5541;9779c49f-c3df-4c10-8306-b0ba847e0166;16;;341;1.00000000;0;546;0.00000000;1;f;;0.00000000;f;0;0.00000000
5538;a236de01-e74a-4717-a7df-e09a54ee9332;3;;340;0.25000000;3;546;0.00000000;1;f;;0.00000000;f;0;0.00000000
5537;25e560b0-e26e-49dd-b682-405d6a800909;12;;321;0.85000000;2;546;0.00000000;1;f;;0.00000000;f;0;0.00000000
5536;4d6e2501-498e-4d13-b91a-589ad70cd3bc;11;;322;0.85000000;1;546;0.00000000;1;f;;0.00000000;f;0;0.00000000
5526;d68b9e7b-ea10-4b83-931c-e2233d5f9fd0;1;;179;1.50000000;1;546;0.00000000;1;f;;0.00000000;f;0;0.00000000
5527;1ec821bc-96d4-46c8-a184-d0e616bb0fd8;2;;231;4.00000000;1;546;0.00000000;1;f;;0.00000000;f;0;0.00000000
5528;c4510dbe-6b64-4123-b803-e5e9b31899c3;3;;232;2.00000000;1;546;0.00000000;1;f;;0.00000000;f;0;0.00000000
5534;68fcbb93-f846-4503-81fe-d1606f0b033f;8;;463;12.00000000;2;546;0.00000000;1;f;;0.00000000;f;0;0.00000000
5546;9dde234b-3cd1-4cab-a64d-5f6a0654b611;0;;148;0.00000000;1;;0.00000000;1;f;;0.00000000;f;0;0.00000000
5531;3cc618d1-3baf-4009-af35-3a3d571659da;9;;235;2.00000000;2;546;0.00000000;1;f;;0.00000000;f;0;0.00000000
5532;67a8217d-b620-48fd-a1b2-fc832fb885a7;7;;462;4.00000000;1;;0.00000000;1;f;;0.00000000;f;0;0.00000000
5542;2ee44190-af42-4fd3-9563-5d51a5559530;0;;201;0.00000000;1;;0.00000000;1;f;;0.00000000;f;0;0.00000000
5539;92466f8b-9a82-4d75-a7d0-68b1c0468689;3;;132;4.00000000;1;;0.00000000;1;f;;0.00000000;f;0;0.00000000
5543;4316170c-2c52-40fa-8dcf-0623704050b1;15;;201;0.85000000;2;546;0.00000000;1;f;;0.00000000;f;0;0.00000000
5544;cfc7e50b-18c9-4d5f-97ca-ec7a69448777;16;;183;0.03000000;2;546;0.00000000;1;f;;0.00000000;f;0;0.00000000
5545;c2f73e5c-2d30-4335-9236-51483f736c9c;17;;118;4.00000000;2;546;0.00000000;1;f;;0.00000000;f;0;0.00000000
5547;a8aa536e-87b0-4137-865c-38ab098dd41d;18;;148;4.00000000;2;546;0.00000000;1;f;;0.00000000;f;0;0.00000000
5548;7f5ed33e-cdef-4679-9597-159708450f4f;19;;607;24.00000000;2;546;0.00000000;1;f;;0.00000000;f;0;0.00000000
5551;;4;;;;;;;;;;;;;
5552;;3;;;;;;;;;;;;;
5553;;30;;;;;;;;;;;;;
5554;;10;;;;;;;;;;;;;
5555;;10;;;;;;;;;;;;;
5556;;10;;;;;;;;;;;;;
5557;;50;;;;;;;;;;;;;
5558;;8;;;;;;;;;;;;;
5559;;10;;;;;;;;;;;;;
5560;;8;;;;;;;;;;;;;
5561;;30;;;;;;;;;;;;;
5562;;5;;;;;;;;;;;;;
5563;;35;;;;;;;;;;;;;
5564;;30;;;;;;;;;;;;;
5565;;5;;;;;;;;;;;;;
5566;;500;;;;;;;;;;;;;
5567;;4;;;;;;;;;;;;;
5568;;4;;;;;;;;;;;;;
5569;;2;;;;;;;;;;;;;
5581;30978c93-2aa6-4428-90cc-bfa36931aa7a;1;;30;0.15000000;0;548;0.00000000;0;f;;0.00000000;f;0;0.00000000
5582;c6054817-15e2-4679-8fa0-9c67bb74283d;2;;118;4.00000000;0;548;0.00000000;0;f;;0.00000000;f;0;0.00000000
5583;dbaa175c-f337-485a-a011-3977a4b41094;3;;132;4.00000000;0;548;0.00000000;0;f;;0.00000000;f;0;0.00000000
5584;a2b19a8d-46f1-4eb5-a191-bf73a5dfe7f2;4;;19;4.00000000;0;548;0.00000000;0;f;;0.00000000;f;0;0.00000000
5585;3c2a3059-fff3-48da-90a9-c3f989069685;5;;231;2.00000000;0;548;0.00000000;0;f;;0.00000000;f;0;0.00000000
5586;cd1c39cd-77d3-4f07-9a43-0074c9bd69f2;6;;232;1.00000000;0;548;0.00000000;0;f;;0.00000000;f;0;0.00000000
5587;0a5b5874-a4e7-441f-b502-1496462fd697;7;;192;1.00000000;0;548;0.00000000;0;f;;0.00000000;f;0;0.00000000
5588;1b47cc7a-6074-43a6-974a-b56fd4e19c90;8;;235;1.00000000;0;548;0.00000000;0;f;;0.00000000;f;0;0.00000000
5589;748dbea3-ca8e-4c4e-a3a7-3d87033cf1a9;9;;18;1.00000000;0;548;0.00000000;0;f;;0.00000000;f;0;0.00000000
5590;ad0e82f4-77ba-4e96-bd93-f54ceb24ac8c;10;;233;1.00000000;0;548;0.00000000;0;f;;0.00000000;f;0;0.00000000
5591;5b87d0eb-faf9-4913-80d7-844deca4e7e0;11;;149;4.00000000;0;548;0.00000000;1;f;;0.00000000;f;0;0.00000000
5592;16a7e02f-ae3e-438b-b8d8-989c15641041;1;;30;0.15000000;0;549;0.00000000;0;f;;0.00000000;f;0;0.00000000
5593;6ae1118b-f275-4059-9ee5-f1340e3c2418;2;;118;4.00000000;0;549;0.00000000;0;f;;0.00000000;f;0;0.00000000
5594;973d95c3-ec57-4cde-b252-cdc657e075ff;3;;132;4.00000000;0;549;0.00000000;0;f;;0.00000000;f;0;0.00000000
5595;088a7358-0b42-4e32-8f45-30379047eca6;4;;19;4.00000000;0;549;0.00000000;0;f;;0.00000000;f;0;0.00000000
5596;27e56b95-9dce-4e1b-b993-5a53cd5c74fc;5;;231;2.00000000;0;549;0.00000000;0;f;;0.00000000;f;0;0.00000000
5597;91a59214-0264-4edc-8f41-557e309b025b;6;;232;1.00000000;0;549;0.00000000;0;f;;0.00000000;f;0;0.00000000
5598;9e13aace-6267-44ad-a05a-a536fbe98ac6;7;;192;1.00000000;0;549;0.00000000;0;f;;0.00000000;f;0;0.00000000
5599;7e235ee4-cb8a-4d74-ae56-ebc3c9dbc47d;8;;235;1.00000000;0;549;0.00000000;0;f;;0.00000000;f;0;0.00000000
5600;acf9effa-ec0a-40fe-8a45-6a31716a04bf;9;;18;1.00000000;0;549;0.00000000;0;f;;0.00000000;f;0;0.00000000
5601;9d38f0a3-b41f-4b24-88e0-d90999e58129;10;;233;1.00000000;0;549;0.00000000;0;f;;0.00000000;f;0;0.00000000
5602;1eea9930-4322-4d15-abc3-72fadfd2f11c;11;;149;4.00000000;0;549;0.00000000;1;f;;0.00000000;f;0;0.00000000
5603;;48;;;;;;;;;;;;;
5604;;48;;;;;;;;;;;;;
5605;fae78119-ad7d-433d-8f44-b44bfa19d0cf;1;;234;2.00000000;0;550;0.00000000;0;f;;0.00000000;f;0;0.00000000
5606;c4af6fe3-1247-4f5e-8343-2c4614cf0904;2;;232;1.00000000;0;550;0.00000000;0;f;;0.00000000;f;0;0.00000000
5609;3069e42c-ec6d-42e9-80d1-1217ad83d20b;5;;233;0.75000000;0;550;0.00000000;1;f;;0.00000000;f;0;0.00000000
5607;53837854-72c7-485c-acad-746d7d45d414;2;;30;0.12000000;1;550;0.00000000;0;f;;0.00000000;f;0;0.00000000
5617;cac4a7f7-002d-444a-84bb-806afc6258a5;4;;339;0.50000000;2;551;0.00000000;1;f;;0.00000000;f;0;0.00000000
5608;54e27dc5-76e5-45f8-aa6d-6f93305fef4d;4;;307;0.50000000;1;;0.00000000;0;f;;0.00000000;f;0;0.00000000
5610;29a4d9e9-7c55-41cc-8213-bf2fd57edbad;5;;315;0.25000000;2;550;0.00000000;1;f;;0.00000000;f;0;0.00000000
5611;4f4d9a22-9761-4801-bfcd-9add6e293c3d;1;;234;2.00000000;0;551;0.00000000;0;f;;0.00000000;f;0;0.00000000
5612;89d89806-d68e-41b6-89c6-992f06c458a4;2;;232;1.00000000;0;551;0.00000000;0;f;;0.00000000;f;0;0.00000000
5613;4ed01d58-4972-48e4-9dd0-64fde0d2042b;1;;30;0.15000000;1;551;0.00000000;0;f;;0.00000000;f;0;0.00000000
5614;45d03843-577c-4566-a324-b690205ed45d;4;;175;0.50000000;1;;0.00000000;0;f;;0.00000000;f;0;0.00000000
5616;;1;;;;;;;;;;;;;
5620;7e628f1f-49f0-44f2-9619-ada0f0cf5f6c;17;;161;0.70000000;2;489;0.00000000;1;f;;0.00000000;f;0;0.00000000
5615;b5d72c05-670d-4124-9d6f-75e44a5a8e16;4;;315;0.50000000;1;;0.00000000;1;f;;0.00000000;f;0;0.00000000
5618;3372433f-6302-4a52-806d-81cbbeda009a;0;;798;0.00000000;0;;0.00000000;1;f;;0.00000000;f;0;0.00000000
5619;585ba74b-7b7a-43f0-b013-5245d0473f35;16;;798;0.06000000;0;489;0.00000000;1;f;;0.00000000;f;0;0.00000000
5621;;5;;;;;;;;;;;;;
5622;;30;;;;;;;;;;;;;
5623;;10;;;;;;;;;;;;;
5624;;5;;;;;;;;;;;;;
5625;;10;;;;;;;;;;;;;
5626;;30;;;;;;;;;;;;;
5628;b5ac7cc5-ccb5-4823-8e7e-925280fa578a;2;;231;3.00000000;0;552;0.00000000;1;f;;0.00000000;f;0;0.00000000
5549;e21636e6-c0a8-4a78-b74d-c17805fc619a;20;;580;0.25000000;4;546;0.00000000;1;f;;0.00000000;f;0;0.00000000
5550;2ccd0785-63ef-4761-b424-e02b9e701f02;21;;320;1.75000000;3;546;0.00000000;1;f;;0.00000000;f;0;0.00000000
5634;0348095d-6688-4bc9-8678-6a1ff44a1336;8;;32;0.15000000;0;552;0.00000000;1;f;;0.00000000;f;0;0.00000000
5635;3871e024-8a8b-4f91-873e-ba17a164ec4c;9;;463;24.00000000;0;552;0.00000000;1;f;;0.00000000;f;0;0.00000000
5636;0189172e-73de-41da-bed9-533401ac0ba7;10;;303;0.24600000;0;552;0.00000000;1;f;;0.00000000;f;0;0.00000000
5643;08679dcd-81c5-4258-9f3c-ddd8c2482a3d;9;;471;10.00000000;0;552;0.00000000;1;f;;0.00000000;f;0;0.00000000
5644;98f94f71-e0f6-4444-9499-b8e546b52141;10;;161;0.70000000;0;552;0.00000000;1;f;;0.00000000;f;0;0.00000000
5645;7928257d-987a-466d-a439-88b76ae842b9;11;;180;1.35000000;0;552;0.00000000;1;f;;0.00000000;f;0;0.00000000
5647;32e21d18-79ca-4435-915c-aa6a51e59f67;13;;798;0.07000000;0;552;0.00000000;1;f;;0.00000000;f;0;0.00000000
5648;4145f507-4564-40e8-ac39-137dd72c9923;14;;799;1.55000000;0;552;0.00000000;1;f;;0.00000000;f;0;0.00000000
5649;0cdd27f0-9248-4989-9e56-47ab7470b07e;15;;622;3.00000000;0;552;0.00000000;1;f;;0.00000000;f;0;0.00000000
5650;e42e700f-60f0-4265-82e0-0f4d916c00a4;16;;617;2.00000000;0;552;0.00000000;1;f;;0.00000000;f;0;0.00000000
5651;9538e326-6324-4d67-a8ee-388bd82f23db;17;;341;1.00000000;0;552;0.00000000;1;f;;0.00000000;f;0;0.00000000
5637;de9cf94d-908b-453a-9b7a-2995d6fe40fe;1;;322;1.20000000;1;552;0.00000000;1;f;;0.00000000;f;0;0.00000000
5629;e0ba0574-05d9-4436-9def-7046fccbe02f;7;;232;1.00000000;1;552;0.00000000;1;f;;0.00000000;f;0;0.00000000
5632;2d567a25-2230-42e1-9359-00c6ec231969;5;;235;2.00000000;1;552;0.00000000;1;f;;0.00000000;f;0;0.00000000
5631;126dbda3-ac12-457f-b456-17b1fb610fcf;6;;233;3.00000000;1;552;0.00000000;1;f;;0.00000000;f;0;0.00000000
5642;31585420-c16b-44ba-a88f-31aaf2a43823;16;;341;1.00000000;1;;0.00000000;1;f;;0.00000000;f;0;0.00000000
5641;f0ac4d22-870f-4e4d-bea5-c0ac2b836fb0;1;;437;16.00000000;1;;0.00000000;1;f;;0.00000000;f;0;0.00000000
5640;83992a01-6f1b-4979-9e21-694198037dc5;1;;132;4.00000000;1;;0.00000000;1;f;;0.00000000;f;0;0.00000000
5639;56859262-391e-4d0e-9f02-9ac2c8b01d10;1;;340;0.50000000;1;;0.00000000;1;f;;0.00000000;f;0;0.00000000
5638;fc17b1cc-3099-4179-8a1e-ee0639c04653;1;;321;1.20000000;1;;0.00000000;1;f;;0.00000000;f;0;0.00000000
5630;629a0f25-48eb-40a0-9531-270b28c317e0;8;;143;28.00000000;1;;0.00000000;1;f;;0.00000000;f;0;0.00000000
5627;d9cea685-553d-47c8-a823-85d3c7499d6d;10;;179;2.00000000;1;;0.00000000;1;f;;0.00000000;f;0;0.00000000
5633;131d8b1f-06cd-4b04-a92b-d2102773ba85;5;;462;4.00000000;1;;0.00000000;1;f;;0.00000000;f;0;0.00000000
5652;3f7e6720-1037-4c14-8f22-1c2eb42ffba5;18;;195;0.20000000;0;552;0.00000000;1;f;;0.00000000;f;0;0.00000000
5646;9fe0a417-a50b-419a-b73d-43d48f7f32b6;12;;186;0.55000000;1;552;0.00000000;1;f;;0.00000000;f;0;0.00000000
5653;;1;;;;;;;;;;;;;
5654;;20;;;;;;;;;;;;;
5655;;20;;;;;;;;;;;;;
5656;;19;;;;;;;;;;;;;
5657;;4;;;;;;;;;;;;;
5658;;4;;;;;;;;;;;;;
5659;;12;;;;;;;;;;;;;
5660;;12;;;;;;;;;;;;;
5661;;5;;;;;;;;;;;;;
5662;;5;;;;;;;;;;;;;
5663;;5;;;;;;;;;;;;;
5664;;5;;;;;;;;;;;;;
5665;;5;;;;;;;;;;;;;
5666;;5;;;;;;;;;;;;;
5667;;5;;;;;;;;;;;;;
5668;;5;;;;;;;;;;;;;
5669;;20;;;;;;;;;;;;;
5670;;20;;;;;;;;;;;;;
5671;;20;;;;;;;;;;;;;
5672;;4;;;;;;;;;;;;;
5673;;4;;;;;;;;;;;;;
5674;;20;;;;;;;;;;;;;
5675;;1;;;;;;;;;;;;;
5676;;1;;;;;;;;;;;;;
5677;;4;;;;;;;;;;;;;
5678;;1;;;;;;;;;;;;;
5679;;5;;;;;;;;;;;;;
5680;;8;;;;;;;;;;;;;
5681;;2;;;;;;;;;;;;;
5682;;1;;;;;;;;;;;;;
5683;;16;;;;;;;;;;;;;
5684;;16;;;;;;;;;;;;;
5685;;4;;;;;;;;;;;;;
5686;;4;;;;;;;;;;;;;
5687;;2;;;;;;;;;;;;;
5688;;14;;;;;;;;;;;;;
5689;;10;;;;;;;;;;;;;
5690;;6;;;;;;;;;;;;;
5691;;8;;;;;;;;;;;;;
5692;;143;;;;;;;;;;;;;
5693;;100;;;;;;;;;;;;;
5694;;100;;;;;;;;;;;;;
5695;;5;;;;;;;;;;;;;
5696;;5;;;;;;;;;;;;;
5697;;11;;;;;;;;;;;;;
5698;;64;;;;;;;;;;;;;
