Oid;SyncId;Code;BatchNum;Label1;Label2;Item;Offset;UseNegativeStock;ManufactureDate;ExpirationDate;Date2;MaxFU;PurchaseFreeItem;PurchasePrice;SalesPrice;VAT;SalesPriceVAT;WholesalerPrice;PublicPrice;Margin;SHP;WholesalerMargin;PharmacyMargin;Category1;Category2;Category3;Category4;Category5;Status;Brand;Conditioning;Packing;Remark;VWAP;PhysicalQuantity;LogicalQuantity;DamagedQuantity;ArrivedQuantity;ReservedQuantity;DraftQuantity;Blocked;BlockedBy;BlockedDate;Locked;LockedBy;LockedDate;CreationDate;CreatedBy;LastModificationDate;ModifiedBy;OptimisticLockField;LabPurchasePrice;LabMargin;Remark1;Location;Usn;InventoryDate;BlockingReason;IsImmobilization;TangibleAssetState;BlockedReservationQuantity;CrudePurchasePrice;Affection;TangibleAssetThirdParty;InvoiceQuantity;MargeGros;ToSynchronize;Length;Width;Thikness;Volume;Weight;AffectationLabel;AffectationCategory
791;97df9896-d6b6-4831-84af-fae3daef9e85;RAL7040MATT ;;;;802;1;;;;;;;;;1;;;;;;;;;;;;;;;;;;900.00000000;;20;;;;;0;;;;;;2026-09-09 10:57:21.225;FAHIM;;;2;;;;;;;;f;;;;;;;;;;;;;;;
792;8686c47a-408a-40ad-8540-09adff56abb1;;;;;803;1;;;;;;;;;1;;;;;;;;;;;;;;;;;;24.06000000;;914;;;;;0;;;;;;2026-09-09 12:29:12.027;FAHIM;;;1;;;;;;;;f;;;;;;;;;;;;;;;
30;69bf5a0c-5d18-4a6c-8980-85d20a5fd107;;-;;;30;;;;;;0;;0.0000;0.0000;1;0.0000;0.0000;0.0000;0.00000000000000000000;0.0000;0.0000;0.00000000000000000000;1;;;;;2;;1.00000000;;;815.41050000;;492.289;;;;;0;;;;;;2024-01-06 14:19:35;;2025-08-28 17:02:24;;643;;;;2;;;;;;;;;;;;;;;;;;;
386;14a2b536-0b2e-4940-bf18-4ff4b71695aa;000166;-;;;397;;;;;2025-08-03 14:03:13;0;;0.0000;0.0000;3;0.0000;0.0000;0.0000;0.00000000000000000000;0.0000;0.0000;0.00000000000000000000;;;;;;;;1.00000000;;;1653.66000000;;0;;;;;0;;;;;;2025-08-03 14:03:13;;2025-08-03 14:03:13;;;;;;;;;;;;;;;;;;;;;;;;;
661;96c44d75-ed3f-4d01-a2f5-9e6cdaee2b3e;;;;;672;1;;;;;;;;;3;;;;;;;;;;;;;;;;;;;;0;;;;;0;;;;;;2026-06-01 10:33:31.344;MASSY;;;;;;;;;;;f;;;;;;;;;;;;;;;
478;8f3da371-a581-48eb-81ce-0138add44ce2;;;;;489;1;;;;;;;;;3;;;;;;;;;;;;;;;;;;;;0;;;;;0;;;;;;2025-10-29 13:29:49.189;admin;;;;;;;;;;;f;;;;;;;;;;;;;;;
587;35d610e1-634d-4ae2-a54c-1cc6abe0499a;;;;;598;1;;;;;;;;;3;;;;;;;;;;;;;;;;;;;;0;;;;;0;;;;;;2026-02-28 12:26:05.089;MASSY;;;;;;;;;;;f;;;;;;;;;;;;;;;
720;4af98048-f343-42b2-b3b2-16f835fc9e0c;;;;;731;1;;;;;;;;;1;;;;;;;;;;;;;;;;;;;;0;;;;;0;;;;;;2026-07-16 09:38:56.302;FAHIM;;;;;;;;;;;f;;;;;;;;;;;;;;;
715;0223a308-199b-4b89-995b-760e82c8c930;;;;;726;1;;;;;;;;;1;;;;;;;;;;;;;;;;;;;;0;;;;;0;;;;;;2026-07-15 12:14:29.431;FAHIM;;;;;;;;;;;f;;;;;;;;;;;;;;;
630;b8a14436-9069-46a7-9e70-df5842c6b987;;;;;641;1;;;;;;;;;3;;;;;;;;;;;;;;;;;;;;0;;;;;0;;;;;;2026-04-26 09:29:37.081;FAHIM;;;;;;;;;;;f;;;;;;;;;;;;;;;
207;d2f40c68-6d6e-4570-a9b7-497a2fa41890;;-;;;207;;;;;;0;;0.0000;0.0000;1;0.0000;0.0000;0.0000;0.00000000000000000000;0.0000;0.0000;0.00000000000000000000;1;;;;;2;;1.00000000;;;0.00000000;;0;;;;;0;;;;;;2024-01-06 14:19:57;;2024-01-06 15:35:20;;;;;;2;;;;;;;;;;;;;;;;;;;
35;5069976a-03df-4cfe-aa97-f46531ee624d;;-;;;35;;;;;;0;;0.0000;0.0000;1;0.0000;0.0000;0.0000;0.00000000000000000000;0.0000;0.0000;0.00000000000000000000;1;;;;;2;;1.00000000;;;0.00000000;;0;;;;;0;;;;;;2024-01-06 14:19:36;;2024-01-06 15:35:21;;;;;;2;;;;;;;;;;;;;;;;;;;
336;05ae37c7-5e1f-460c-a34b-0dbfbd354a0a;000116;-;;;346;;;;;2025-01-10 20:53:51;0;;0.0000;0.0000;3;0.0000;0.0000;0.0000;0.00000000000000000000;0.0000;0.0000;0.00000000000000000000;;;;;;2;;1.00000000;;;0.00000000;;0;;;;;0;;;;;;2025-01-10 20:53:51;;2025-01-10 20:53:51;;;;;;;;;;;;;;;;;;;;;;;;;
276;03f2be53-e0fb-4164-b98e-91d29212e383;000056;-;;;286;;;;;2025-01-02 14:09:09;0;;0.0000;0.0000;3;0.0000;0.0000;0.0000;0.00000000000000000000;0.0000;0.0000;0.00000000000000000000;;;;;;2;;1.00000000;;;671.79700000;;94;;;;;0;;;;;;2025-01-02 14:09:09;;2025-08-31 16:10:01;;239;;;;;;;;;;;;;;;;;;;;;;;
523;3bea29f0-3f7d-40b7-a8e4-b205bb8852cb;G21;;;;534;1;;;;;;;;;1;;;;;;;;;;;;;;;;;;2562.22040000;;21;;;;;0;;;;;;2025-12-02 16:33:00.019;admin;;;108;;;;;;;;f;;;;;;;;;;;;;;;
440;311cb9ce-15e4-4f8e-9794-2f007de20f0e;000220;-;;;451;;;;;2025-09-20 12:37:28;0;;0.0000;0.0000;3;0.0000;0.0000;0.0000;0.00000000000000000000;0.0000;0.0000;0.00000000000000000000;;;;;;;;1.00000000;;;1447.20710000;;47;;;;;0;;;;;;2025-09-20 12:37:28;;2025-09-20 12:37:28;;78;;;;;;;;;;;;;;;;;;;;;;;
17;673adc6e-d587-416b-83ca-626f27574029;;-;;;17;;;;;;0;;0.0000;0.0000;1;0.0000;0.0000;0.0000;0.00000000000000000000;0.0000;0.0000;0.00000000000000000000;1;;;;;2;;1.00000000;;;38.71480000;;9704;;;;;0;;;;;;2024-01-06 14:19:33;;2025-08-28 17:02:24;;238;;;;2;;;;;;;;;;;;;;;;;;;
426;e8ba5d58-9cad-4be3-b140-3bdd634f6b5a;000206;-;;;437;;;;;2025-08-28 14:19:10;0;;0.0000;0.0000;3;0.0000;0.0000;0.0000;0.00000000000000000000;0.0000;0.0000;0.00000000000000000000;;;;;;;;1.00000000;;;3.67900000;;15045;;;;;0;;;;;;2025-08-28 14:19:10;;2025-08-28 14:20:44;;86;;;;;;;;;;;;;;;;;;;;;;;
62;2232cb08-4f56-4c8f-a98b-7403b7bbc2b9;;-;;;62;;;;;;0;;0.0000;0.0000;3;0.0000;0.0000;0.0000;0.00000000000000000000;0.0000;0.0000;0.00000000000000000000;1;;;;;2;;1.00000000;;;1607.85430000;;530;;;;;0;;;;;;2024-01-06 14:19:39;;2025-08-31 16:10:01;;355;;;;2;;;;;;;;;;;;;;;;;;;
18;0f1e25cd-2f58-4ca2-a0bb-bf94fe01d8fe;;-;;;18;;;;;;0;;0.0000;0.0000;1;0.0000;0.0000;0.0000;0.00000000000000000000;0.0000;0.0000;0.00000000000000000000;1;;;;;1;;1.00000000;;;27.32160000;;1779;;;;;0;;;;;;2024-01-06 14:19:33;;2025-08-25 14:35:54;;96;;;;2;;;;;;;;;;;;;;;;;;;
19;c94e9939-66b8-4cb5-b61f-989d6d1e3b6f;;-;;;19;;;;;;0;;0.0000;0.0000;1;0.0000;0.0000;0.0000;0.00000000000000000000;0.0000;0.0000;0.00000000000000000000;1;;;;;2;;1.00000000;;;13.83310000;;7467;;;;;0;;;;;;2024-01-06 14:19:34;;2025-08-28 17:02:24;;363;;;;2;;;;;;;;;;;;;;;;;;;
118;246ccee2-8955-41aa-b499-b2cef0b74687;;-;;;118;;;;;;0;;0.0000;0.0000;1;0.0000;0.0000;0.0000;0.00000000000000000000;0.0000;0.0000;0.00000000000000000000;1;;;;;1;;1.00000000;;;6.45050000;;9682;;;;;0;;;;;;2024-01-06 14:19:46;;2025-08-26 15:47:28;;334;;;;2;;;;;;;;;;;;;;;;;;;
588;8363fe1d-fe2c-4f0e-b8bb-3060515e371c;;;;;599;1;;;;;;;;;3;;;;;;;;;;;;;;;;;;;;0;;;;;0;;;;;;2026-02-28 12:26:05.089;MASSY;;;;;;;;;;;f;;;;;;;;;;;;;;;
216;9d97a487-2c4d-4bc5-9e66-1f37a1729525;;-;;;216;;;;;;0;;0.0000;0.0000;1;0.0000;0.0000;0.0000;0.00000000000000000000;0.0000;0.0000;0.00000000000000000000;1;;;;;2;;1.00000000;;;0.00000000;;0;;;;;0;;;;;;2024-01-06 14:19:58;;2024-01-06 15:35:20;;6;;;;2;;;;;;;;;;;;;;;;;;;
516;64200046-24b5-465b-992e-c20626a890c9;;;;;527;1;;;;;;;;;1;;;;;;;;;;;;;;;;;;;;0;;;;;0;;;;;;2025-12-02 09:58:55.687;admin;;;;;;;;;;;f;;;;;;;;;;;;;;;
467;ddd99fbd-3b89-4a39-bae5-8cc54d59e952;;;;;478;1;;;;;;;;;3;;;;;;;;;;;;;;;;;;0.62350000;;104;;;;;0;;;;;;2025-10-19 15:17:31.852;FAHIM;;;67;;;;;;;;f;;;;;;;;;;;;;;;
700;619c6b76-a8c8-4a54-a3de-980016dea1ea;TC160*90;;;;711;1;;;;;;;;;3;;;;;;;;;;;;;;;;;;;;0;;;;;0;;;;;;2026-07-01 16:25:55.368;FAHIM;;;;;;;;;;;f;;;;;;;;;;;;;;;
668;d18549a7-47ba-4e6d-9925-ecd4bb7a53eb;;;;;679;1;;;;;;;;;1;;;;;;;;;;;;;;;;;;;;0;;;;;0;;;;;;2026-06-04 13:55:51.529;OULAID-B;;;;;;;;;;;f;;;;;;;;;;;;;;;
504;4a1fe4f9-169d-4f91-b25d-6ffe114fe0b3;DOUBG021;;;;515;1;;;;;;;;;3;;;;;;;;;;;;;;;;;;;;0;;;;;0;;;;;;2025-11-29 09:26:22.411;FAHIM;;;;;;;;;;;f;;;;;;;;;;;;;;;
169;5a3815b6-6bfb-4de4-8b3c-963c2f2870cd;;-;;;169;;;;;;0;;0.0000;0.0000;1;0.0000;0.0000;0.0000;0.00000000000000000000;0.0000;0.0000;0.00000000000000000000;1;;;;;2;;1.00000000;;;0.00000000;;0;;;;;0;;;;;;2024-01-06 14:19:52;;2024-01-06 15:35:21;;;;;;2;;;;;;;;;;;;;;;;;;;
729;4aa29b18-67da-41c7-b2da-83d639319737;;;;;740;1;;;;;;;;;3;;;;;;;;;;;;;;;;;;;;0;;;;;0;;;;;;2026-07-22 10:09:20.435;MASSY;;;;;;;;;;;f;;;;;;;;;;;;;;;
442;bbf281e8-785c-4d6d-ae0c-f2109c6d5dae;000222;-;;;453;;;;;2025-09-20 15:00:19;0;;0.0000;0.0000;3;0.0000;0.0000;0.0000;0.00000000000000000000;0.0000;0.0000;0.00000000000000000000;;;;;;;;1.00000000;;;1567.97000000;;0;;;;;0;;;;;;2025-09-20 15:00:19;;2025-09-20 15:00:19;;;;;;;;;;;;;;;;;;;;;;;;;
241;e45c187a-e64b-412c-a9fa-a75765066315;000021;-;;;250;;;;;2024-01-12 17:12:17;0;;0.0000;0.0000;3;0.0000;0.0000;0.0000;0.00000000000000000000;0.0000;0.0000;0.00000000000000000000;;;;;;2;;1.00000000;;;1725.66000000;;0;;;;;0;;;;;;2024-01-12 17:12:17;;2024-01-12 17:12:17;;;;;;;;;;;;;;;;;;;;;;;;;
687;f5c11b0b-cb8f-4b0d-89b8-6f98c93d4331;;;;;698;1;;;;;;;;;3;;;;;;;;;;;;;;;;;;;;0;;;;;0;;;;;;2026-06-14 14:25:39.613;FAHIM;;;;;;;;;;;f;;;;;;;;;;;;;;;
295;70797bd2-b4d2-4961-bf5e-19c567f0c2cd;000075;-;;;305;;;;;2025-01-04 13:41:22;0;;0.0000;0.0000;1;0.0000;0.0000;0.0000;0.00000000000000000000;0.0000;0.0000;0.00000000000000000000;;;;;;2;;1.00000000;;;748.27690000;;317;;;;;0;;;;;;2025-01-04 13:41:22;;2025-08-26 16:54:19;;37;;;;;;;;;;;;;;;;;;;;;;;
617;67cdaabb-724e-4263-adc8-6244d810d9b8;;;;;628;1;;;;;;;;;1;;;;;;;;;;;;;;;;;;;;0;;;;;0;;;;;;2026-04-07 11:20:47.709;FAHIM;;;;;;;;;;;f;;;;;;;;;;;;;;;
749;0221ef25-e8e5-4c98-af16-a1e44566f9d7;;;;;760;1;;;;;;;;;3;;;;;;;;;;;;;;;;;;;;0;;;;;0;;;;;;2026-08-19 16:08:33.826;OULAID-B;;;;;;;;;;;f;;;;;;;;;;;;;;;
31;2d859c7d-a056-44c0-9e50-b14d867e9c97;;-;;;31;;;;;;0;;0.0000;0.0000;1;0.0000;0.0000;0.0000;0.00000000000000000000;0.0000;0.0000;0.00000000000000000000;1;;;;;2;;1.00000000;;;900.00000000;;25;;;;;0;;;;;;2024-01-06 14:19:35;;2024-01-06 15:35:21;;1;;;;2;;;;;;;;;;;;;;;;;;;
744;6a69e122-5c40-482a-b9e6-fff0ea4ee945;;;;;755;1;;;;;;;;;1;;;;;;;;;;;;;;;;;;0.00000000;;0;;;;;0;;;;;;2026-08-06 11:31:14.098;FAHIM;;;12;;;;;;;;f;;;;;;;;;;;;;;;
705;64e45318-ff6b-450d-a788-11906e3438ca;;;;;716;1;;;;;;;;;3;;;;;;;;;;;;;;;;;;;;0;;;;;0;;;;;;2026-07-08 11:04:10.92;FAHIM;;;;;;;;;;;f;;;;;;;;;;;;;;;
5;1d377369-09b5-460a-86cb-5a043a37419a;;-;;;5;;;;;;0;;0.0000;0.0000;1;0.0000;0.0000;0.0000;0.00000000000000000000;0.0000;0.0000;0.00000000000000000000;1;;;;;2;;1.00000000;;;1.00000000;;0;;;;;0;;;;;;2024-01-06 14:19:32;;2024-01-06 15:35:21;;;;;;2;;;;;;;;;;;;;;;;;;;
761;11e154d2-aa06-46d3-a9cc-8e73a1e133d7;;;;;772;1;;;;;;;;;3;;;;;;;;;;;;;;;;;;;;0;;;;;0;;;;;;2026-08-26 11:30:17.776;MASSY;;;;;;;;;;;f;;;;;;;;;;;;;;;
263;2e61d931-35e3-4b2d-8a91-6a2f2458930f;000043;-;;;273;;;;;2024-02-08 12:07:08;0;;0.0000;0.0000;3;0.0000;0.0000;0.0000;0.00000000000000000000;0.0000;0.0000;0.00000000000000000000;;;;;;2;;1.00000000;;;2721.60350000;;0;;;;;0;;;;;;2024-02-08 12:07:08;;2024-02-08 12:07:08;;;;;;;;;;;;;;;;;;;;;;;;;
193;a6465da7-9824-4b5a-aaa0-33f62ccd7af8;;-;;;193;;;;;;0;;0.0000;0.0000;1;0.0000;0.0000;0.0000;0.00000000000000000000;0.0000;0.0000;0.00000000000000000000;1;;;;;2;;1.00000000;;;0.00000000;;0;;;;;0;;;;;;2024-01-06 14:19:55;;2024-01-06 15:35:20;;;;;;2;;;;;;;;;;;;;;;;;;;
650;d0873b31-57cc-4ab3-9ce4-b76fa3c9d305;;;;;661;1;;;;;;;;;3;;;;;;;;;;;;;;;;;;;;0;;;;;0;;;;;;2026-05-18 12:41:53.793;FAHIM;;;;;;;;;;;f;;;;;;;;;;;;;;;
177;8fd58763-3555-4864-a802-5f8bb74f97f7;;-;;;177;;;;;;0;;0.0000;0.0000;1;0.0000;0.0000;0.0000;0.00000000000000000000;0.0000;0.0000;0.00000000000000000000;1;;;;;2;;1.00000000;;;2000.00000000;;0;;;;;0;;;;;;2024-01-06 14:19:53;;2024-01-06 15:35:21;;;;;;2;;;;;;;;;;;;;;;;;;;
719;6ec31f67-88ea-42b7-9076-7f04f3f8279d;;;;;730;1;;;;;;;;;1;;;;;;;;;;;;;;;;;;;;0;;;;;0;;;;;;2026-07-16 09:37:51.096;FAHIM;;;;;;;;;;;f;;;;;;;;;;;;;;;
520;10eb4947-2198-499c-bb85-5932d9a9e18a;PTR120;;;;531;1;;;;;;;;;1;;;;;;;;;;;;;;;;;;;;0;;;;;0;;;;;;2025-12-02 11:37:57.178;admin;;;;;;;;;;;f;;;;;;;;;;;;;;;
546;29bf463a-4688-4af6-ab69-13b16a785550;STRPMSM120;;;;557;1;;;;;;;;;1;;;;;;;;;;;;;;;;;;;;0;;;;;0;;;;;;2025-12-25 15:12:33.966;LINA;;;;;;;;;;;f;;;;;;;;;;;;;;;
146;04b91214-de0e-41cd-ad01-07b891aaf886;;-;;;146;;;;;;0;;0.0000;0.0000;1;0.0000;0.0000;0.0000;0.00000000000000000000;0.0000;0.0000;0.00000000000000000000;1;;;;;2;;1.00000000;;;0.00000000;;0;;;;;0;;;;;;2024-01-06 14:19:49;;2024-01-06 15:35:21;;;;;;2;;;;;;;;;;;;;;;;;;;
620;f4e1f7db-1368-4962-a61e-c89f8fec2cb1;;;;;631;1;;;;;;;;;3;;;;;;;;;;;;;;;;;;;;0;;;;;0;;;;;;2026-04-07 11:50:13.202;FAHIM;;;;;;;;;;;f;;;;;;;;;;;;;;;
684;083b27d4-b3a7-41e0-8542-eaccbf63e9ab;;;;;695;1;;;;;;;;;3;;;;;;;;;;;;;;;;;;;;0;;;;;0;;;;;;2026-06-14 14:23:26.806;FAHIM;;;;;;;;;;;f;;;;;;;;;;;;;;;
508;5978b2bb-9020-4223-bafb-b8599b483f2d;;;;;519;1;;;;;;;;;1;;;;;;;;;;;;;;;;;;;;0;;;;;0;;;;;;2025-12-01 12:36:19.505;LINA;;;;;;;;;;;f;;;;;;;;;;;;;;;
686;b85bf080-ba42-4ab2-8e91-37268b80e472;;;;;697;1;;;;;;;;;3;;;;;;;;;;;;;;;;;;;;0;;;;;0;;;;;;2026-06-14 14:25:10.043;FAHIM;;;;;;;;;;;f;;;;;;;;;;;;;;;
730;fc5e935b-501b-437f-9d7d-62ab0ab77b38;;;;;741;1;;;;;;;;;3;;;;;;;;;;;;;;;;;;;;0;;;;;0;;;;;;2026-07-22 10:09:20.608;MASSY;;;;;;;;;;;f;;;;;;;;;;;;;;;
96;a4535c92-e8b5-4aec-a4d3-10a09b785740;;-;;;96;;;;;;0;;0.0000;0.0000;3;0.0000;0.0000;0.0000;0.00000000000000000000;0.0000;0.0000;0.00000000000000000000;1;;;;;2;;1.00000000;;;1.00000000;;0;;;;;0;;;;;;2024-01-06 14:19:43;;2024-01-06 14:19:43;;;;;;2;;;;;;;;;;;;;;;;;;;
586;a28a1c4d-e831-439a-9671-ba5228072433;;;;;597;1;;;;;;;;;3;;;;;;;;;;;;;;;;;;;;0;;;;;0;;;;;;2026-02-28 12:16:59.505;MASSY;;;;;;;;;;;f;;;;;;;;;;;;;;;
717;0ec9ebd7-1750-45e2-b0df-4761c5344217;RATR240;;;;728;1;;;;;;;;;3;;;;;;;;;;;;;;;;;;;;0;;;;;0;;;;;;2026-07-15 14:51:22.07;FAHIM;;;;;;;;;;;f;;;;;;;;;;;;;;;
718;93164ca5-e2c7-4564-ba46-0b0d3f3658a0;PCTAM115;;;;729;1;;;;;;;;;1;;;;;;;;;;;;;;;;;;;;0;;;;;0;;;;;;2026-07-15 15:03:18.997;FAHIM;;;;;;;;;;;f;;;;;;;;;;;;;;;
721;4f6f004c-cd2c-4a02-af35-586cef98df0e;;;;;732;1;;;;;;;;;1;;;;;;;;;;;;;;;;;;;;0;;;;;0;;;;;;2026-07-16 09:39:29.039;FAHIM;;;;;;;;;;;f;;;;;;;;;;;;;;;
709;b45c0c9d-57aa-43cd-afbd-05989d054742;;;;;720;1;;;;;;;;;3;;;;;;;;;;;;;;;;;;9800.00000000;;0;;;;;0;;;;;;2026-07-09 14:42:08.991;FAHIM;;;3;;;;;;;;f;;;;;;;;;;;;;;;
704;b0215490-d958-4218-bf0b-5c34e24f8745;;;;;715;1;;;;;;;;;3;;;;;;;;;;;;;;;;;;;;0;;;;;0;;;;;;2026-07-07 16:55:50.248;FAHIM;;;;;;;;;;;f;;;;;;;;;;;;;;;
699;86fe5398-7e9a-4696-a9a9-660147d051d4;;;;;710;1;;;;;;;;;3;;;;;;;;;;;;;;;;;;;;0;;;;;0;;;;;;2026-07-01 16:04:21.134;FAHIM;;;;;;;;;;;f;;;;;;;;;;;;;;;
185;37ba6444-0076-472c-8f1d-1fe02f3ccc0c;;-;;;185;;;;;;0;;0.0000;0.0000;1;0.0000;0.0000;0.0000;0.00000000000000000000;0.0000;0.0000;0.00000000000000000000;1;;;;;2;;1.00000000;;;0.00000000;;0;;;;;0;;;;;;2024-01-06 14:19:54;;2024-01-06 15:35:21;;;;;;2;;;;;;;;;;;;;;;;;;;
123;3a657b24-9305-42d8-98ec-644ac3aa556d;;-;;;123;;;;;;0;;0.0000;0.0000;1;0.0000;0.0000;0.0000;0.00000000000000000000;0.0000;0.0000;0.00000000000000000000;1;;;;;2;;1.00000000;;;0.00000000;;0;;;;;0;;;;;;2024-01-06 14:19:47;;2024-01-06 15:35:21;;3;;;;2;;;;;;;;;;;;;;;;;;;
669;b27353cd-e982-4bff-a1e0-89be2cfd0667;;;;;680;1;;;;;;;;;1;;;;;;;;;;;;;;;;;;;;0;;;;;0;;;;;;2026-06-04 13:57:06.389;OULAID-B;;;;;;;;;;;f;;;;;;;;;;;;;;;
341;a05a0cf4-9b70-443d-b331-671a4598223e;000121;-;;;351;;;;;2025-01-10 21:09:29;0;;0.0000;0.0000;1;0.0000;0.0000;0.0000;0.00000000000000000000;0.0000;0.0000;0.00000000000000000000;;;;;;2;;1.00000000;;;0.00000000;;0;;;;;0;;;;;;2025-01-10 21:09:29;;2025-01-10 21:09:29;;;;;;;;;;;;;;;;;;;;;;;;;
512;25509687-c3da-4c74-b723-0c2637fb9354;BANC/4P;;;;523;1;;;;;;;;;1;;;;;;;;;;;;;;;;;;;;0;;;;;0;;;;;;2025-12-01 12:46:15.318;LINA;;;;;;;;;;;f;;;;;;;;;;;;;;;
685;2582c0a6-7d13-45f3-9487-a5f6c4e1776e;;;;;696;1;;;;;;;;;3;;;;;;;;;;;;;;;;;;;;0;;;;;0;;;;;;2026-06-14 14:24:34.721;FAHIM;;;;;;;;;;;f;;;;;;;;;;;;;;;
495;ff2d26f2-7319-433f-96ee-2ab91a91c622;;;;;506;1;;;;;;;;;1;;;;;;;;;;;;;;;;;;;;0;;;;;0;;;;;;2025-11-20 13:20:45.828;admin;;;;;;;;;;;f;;;;;;;;;;;;;;;
621;01f73beb-b97e-4157-be8d-675d3d79f042;;;;;632;1;;;;;;;;;3;;;;;;;;;;;;;;;;;;;;0;;;;;0;;;;;;2026-04-07 12:46:27.174;OULAID-B;;;;;;;;;;;f;;;;;;;;;;;;;;;
665;ddd208a5-5281-4c19-8ad2-037db7b1e511;;;;;676;1;;;;;;;;;1;;;;;;;;;;;;;;;;;;;;0;;;;;0;;;;;;2026-06-04 13:52:58.921;OULAID-B;;;12;;;;;;;;f;;;;;;;;;;;;;;;
491;eece0b6f-8d39-402f-a504-de42533ce878;D14;;;;502;1;;;;;;;;;1;;;;;;;;;;;;;;;;;;;;0;;;;;0;;;;;;2025-11-16 09:59:49.257;LINA;;;;;;;;;;;f;;;;;;;;;;;;;;;
74;28f1e9a6-1857-4df6-9700-d5354dd477f5;;-;;;74;;;;;;0;;0.0000;0.0000;3;0.0000;0.0000;0.0000;0.00000000000000000000;0.0000;0.0000;0.00000000000000000000;1;;;;;2;;1.00000000;;;2643.69000000;;0;;;;;0;;;;;;2024-01-06 14:19:41;;2024-01-06 14:19:41;;;;;;2;;;;;;;;;;;;;;;;;;;
176;71d2b43e-a281-485e-a565-14724996ab56;;-;;;176;;;;;;0;;0.0000;0.0000;1;0.0000;0.0000;0.0000;0.00000000000000000000;0.0000;0.0000;0.00000000000000000000;1;;;;;2;;1.00000000;;;0.00000000;;0;;;;;0;;;;;;2024-01-06 14:19:53;;2024-01-06 15:35:21;;;;;;2;;;;;;;;;;;;;;;;;;;
80;1b02c329-4b57-49d1-b927-f723dda66230;;-;;;80;;;;;;0;;0.0000;0.0000;3;0.0000;0.0000;0.0000;0.00000000000000000000;0.0000;0.0000;0.00000000000000000000;1;;;;;2;;1.00000000;;;1.00000000;;0;;;;;0;;;;;;2024-01-06 14:19:41;;2024-01-06 14:19:41;;;;;;2;;;;;;;;;;;;;;;;;;;
338;0c3408a8-c9ee-460f-82a9-bf9170560de0;000118;-;;;348;;;;;2025-01-10 20:56:06;0;;0.0000;0.0000;3;0.0000;0.0000;0.0000;0.00000000000000000000;0.0000;0.0000;0.00000000000000000000;;;;;;2;;1.00000000;;;0.00000000;;0;;;;;0;;;;;;2025-01-10 20:56:06;;2025-01-10 20:56:06;;;;;;;;;;;;;;;;;;;;;;;;;
519;23fcf4f2-a6f7-4de3-b244-3fdda50896f3;;;;;530;1;;;;;;;;;1;;;;;;;;;;;;;;;;;;;;0;;;;;0;;;;;;2025-12-02 10:51:27.653;LINA;;;;;;;;;;;f;;;;;;;;;;;;;;;
616;0e9f87a1-0a88-4262-85e4-1cb416f8165d;;;;;627;1;;;;;;;;;1;;;;;;;;;;;;;;;;;;;;0;;;;;0;;;;;;2026-04-07 11:19:54.151;FAHIM;;;;;;;;;;;f;;;;;;;;;;;;;;;
551;9454b9d9-3a36-490f-badb-0b1bc2397575;;;;;562;1;;;;;;;;;;;;;;;;;;;;;;;;;;;;;0;;;;;0;;;;;;2026-01-24 12:44:20.776;FAHIM;;;;;;;;;;;f;;;;;;;;;;;;;;;
104;1b826e5f-0b01-422c-b35f-1106becdf74b;;-;;;104;;;;;;0;;0.0000;0.0000;3;0.0000;0.0000;0.0000;0.00000000000000000000;0.0000;0.0000;0.00000000000000000000;1;;;;;2;;1.00000000;;;800.00000000;;0;;;;;0;;;;;;2024-01-06 14:19:44;;2024-01-06 14:19:44;;;;;;2;;;;;;;;;;;;;;;;;;;
525;b0c342a5-842a-4f73-8318-c5c6082d3a72;;;;;536;1;;;;;;;;;1;;;;;;;;;;;;;;;;;;;;0;;;;;0;;;;;;2025-12-04 09:29:34.81;LINA;;;;;;;;;;;f;;;;;;;;;;;;;;;
513;430cc930-b48f-4cef-9bdf-595df53d11ab;MCURVIA;;;;524;1;;;;;;;;;1;;;;;;;;;;;;;;;;;;;;0;;;;;0;;;;;;2025-12-01 13:17:57.027;LINA;;;;;;;;;;;f;;;;;;;;;;;;;;;
498;9bc625a1-1a88-4392-ba4a-1f4a02b7ae9f;;;;;509;1;;;;;;;;;1;;;;;;;;;;;;;;;;;;;;0;;;;;0;;;;;;2025-11-20 15:18:59.113;admin;;;;;;;;;;;f;;;;;;;;;;;;;;;
490;c18d3fdc-ddf9-4f0a-8f83-9596afcbda40;CA5;;;;501;1;;;;;;;;;1;;;;;;;;;;;;;;;;;;;;0;;;;;0;;;;;;2025-11-16 09:49:19.908;LINA;;;;;;;;;;;f;;;;;;;;;;;;;;;
492;193a3539-008a-4f27-9bb5-d50a23c8c218;CV;;;;503;1;;;;;;;;;1;;;;;;;;;;;;;;;;;;;;0;;;;;0;;;;;;2025-11-16 10:06:25.352;LINA;;;;;;;;;;;f;;;;;;;;;;;;;;;
493;7ba016cb-aaf8-47ca-9f8e-2c8b4fd6ac0f;RUP;;;;504;1;;;;;;;;;1;;;;;;;;;;;;;;;;;;;;0;;;;;0;;;;;;2025-11-16 10:07:51.291;LINA;;;;;;;;;;;f;;;;;;;;;;;;;;;
488;92603c29-6212-4419-b2b5-443c7e5865f1;TD;;;;499;1;;;;;;;;;1;;;;;;;;;;;;;;;;;;;;0;;;;;0;;;;;;2025-11-13 11:58:12.117;admin;;;;;;;;;;;f;;;;;;;;;;;;;;;
166;3922d462-5feb-40cb-8abc-eb2f56bed5b5;;-;;;166;;;;;;0;;0.0000;0.0000;1;0.0000;0.0000;0.0000;0.00000000000000000000;0.0000;0.0000;0.00000000000000000000;1;;;;;2;;1.00000000;;;0.00000000;;0;;;;;0;;;;;;2024-01-06 14:19:52;;2025-01-02 09:27:53;;;;;;2;;;;;;;;;;;;;;;;;;;
432;c8170df5-dce7-4d22-b1fa-16c1d7d72c4f;000212;-;;;443;;;;;2025-09-12 12:12:15;0;;0.0000;0.0000;3;0.0000;0.0000;0.0000;0.00000000000000000000;0.0000;0.0000;0.00000000000000000000;;;;;;;;1.00000000;;;1800.77000000;;0;;;;;0;;;;;;2025-09-12 12:12:15;;2025-09-12 12:12:15;;;;;;;;;;;;;;;;;;;;;;;;;
710;2e189c16-a37d-42a5-8ad3-33515846e8aa;;;;;721;1;;;;;;;;;3;;;;;;;;;;;;;;;;;;14100.00000000;;0;;;;;0;;;;;;2026-07-09 14:42:36.774;FAHIM;;;8;;;;;;;;f;;;;;;;;;;;;;;;
163;2a10ab17-759c-496b-831a-a5453e658ea3;;-;;;163;;;;;;0;;0.0000;0.0000;1;0.0000;0.0000;0.0000;0.00000000000000000000;0.0000;0.0000;0.00000000000000000000;1;;;;;2;;1.00000000;;;0.00000000;;0;;;;;0;;;;;;2024-01-06 14:19:52;;2024-01-06 15:35:21;;;;;;2;;;;;;;;;;;;;;;;;;;
203;04af875c-8e0a-4db5-b7d6-936499c19700;;-;;;203;;;;;;0;;0.0000;0.0000;3;0.0000;0.0000;0.0000;0.00000000000000000000;0.0000;0.0000;0.00000000000000000000;1;;;;;2;;1.00000000;;;0.00000000;;0;;;;;0;;;;;;2024-01-06 14:19:57;;2024-01-06 15:35:20;;;;;;2;;;;;;;;;;;;;;;;;;;
337;1727b99a-fcfb-4b66-9a8b-e54c69f827c4;000117;-;;;347;;;;;2025-01-10 20:56:01;0;;0.0000;0.0000;3;0.0000;0.0000;0.0000;0.00000000000000000000;0.0000;0.0000;0.00000000000000000000;;;;;;2;;1.00000000;;;0.00000000;;0;;;;;0;;;;;;2025-01-10 20:56:01;;2025-01-10 20:56:01;;;;;;;;;;;;;;;;;;;;;;;;;
242;ac1814a6-1781-454e-a677-12514826aaa6;000022;-;;;251;;;;;2024-01-12 17:22:14;0;;0.0000;0.0000;3;0.0000;0.0000;0.0000;0.00000000000000000000;0.0000;0.0000;0.00000000000000000000;;;;;;2;;1.00000000;;;3013.60000000;;0;;;;;0;;;;;;2024-01-12 17:22:14;;2024-01-12 17:22:14;;;;;;;;;;;;;;;;;;;;;;;;;
204;2c67c6fe-a595-4e58-b164-8aeef9609a80;;-;;;204;;;;;;0;;0.0000;0.0000;1;0.0000;0.0000;0.0000;0.00000000000000000000;0.0000;0.0000;0.00000000000000000000;1;;;;;2;;1.00000000;;;0.00000000;;0;;;;;0;;;;;;2024-01-06 14:19:57;;2025-01-29 12:00:41;;;;;;2;;;;;;;;;;;;;;;;;;;
151;836273d1-f1d1-4856-98b4-476676732307;;-;;;151;;;;;;0;;0.0000;0.0000;1;0.0000;0.0000;0.0000;0.00000000000000000000;0.0000;0.0000;0.00000000000000000000;1;;;;;2;;1.00000000;;;0.00000000;;0;;;;;0;;;;;;2024-01-06 14:19:50;;2024-01-06 15:35:21;;;;;;2;;;;;;;;;;;;;;;;;;;
340;af0a4dc5-d18e-4451-b8af-07a7ea47fa66;000120;-;;;350;;;;;2025-01-10 21:04:49;0;;0.0000;0.0000;1;0.0000;0.0000;0.0000;0.00000000000000000000;0.0000;0.0000;0.00000000000000000000;;;;;;2;;1.00000000;;;0.00000000;;0;;;;;0;;;;;;2025-01-10 21:04:49;;2025-01-10 21:04:49;;;;;;;;;;;;;;;;;;;;;;;;;
43;bd7ac502-309a-4fdc-8b48-8deb583a38ee;;-;;;43;;;;;;0;;0.0000;0.0000;3;0.0000;0.0000;0.0000;0.00000000000000000000;0.0000;0.0000;0.00000000000000000000;1;;;;;2;;1.00000000;;;1040.00000000;;0;;;;;0;;;;;;2024-01-06 14:19:37;;2024-01-06 14:19:37;;;;;;2;;;;;;;;;;;;;;;;;;;
529;00214c6d-f2a6-42aa-aefc-cf205507ac5c;;;;;540;1;;;;;;;;;1;;;;;;;;;;;;;;;;;;;;0;;;;;0;;;;;;2025-12-07 12:27:59.908;MASSY;;;;;;;;;;;f;;;;;;;;;;;;;;;
446;a2faa083-2bca-4b94-92d1-37689a967c0b;000226;-;;;457;;;;;2025-09-28 16:32:36;0;;0.0000;0.0000;3;0.0000;0.0000;0.0000;0.00000000000000000000;0.0000;0.0000;0.00000000000000000000;;;;;;;;1.00000000;;;2645.59000000;;0;;;;;0;;;;;;2025-09-28 16:32:36;;2025-09-28 16:32:36;;;;;;;;;;;;;;;;;;;;;;;;;
524;f3cf6e54-0621-49b6-a0bd-f7bbe07f21c0;STBIS110;;;;535;1;;;;;;;;;3;;;;;;;;;;;;;;;;;;;;0;;;;;0;;;;;;2025-12-03 16:29:05.657;admin;;;;;;;;;;;f;;;;;;;;;;;;;;;
494;c6b0e163-7e7c-455e-b284-e99fb1987035;;;;;505;1;;;;;;;;;1;;;;;;;;;;;;;;;;;;;;0;;;;;0;;;;;;2025-11-20 12:47:45.618;admin;;;;;;;;;;;f;;;;;;;;;;;;;;;
39;ffccbe4e-65b9-416d-8d38-01068a788f6b;;-;;;39;;;;;;0;;0.0000;0.0000;1;0.0000;0.0000;0.0000;0.00000000000000000000;0.0000;0.0000;0.00000000000000000000;1;;;;;2;;1.00000000;;;0.00000000;;0;;;;;0;;;;;;2024-01-06 14:19:36;;2024-01-06 15:35:21;;;;;;2;;;;;;;;;;;;;;;;;;;
249;5ab14399-c64d-4c46-a607-e78c66cf60ae;000029;-;;;258;;;;;2024-01-12 18:04:31;0;;0.0000;0.0000;3;0.0000;0.0000;0.0000;0.00000000000000000000;0.0000;0.0000;0.00000000000000000000;;;;;;2;;1.00000000;;;3295.61000000;;0;;;;;0;;;;;;2024-01-12 18:04:31;;2024-01-12 18:04:31;;;;;;;;;;;;;;;;;;;;;;;;;
477;6f47b955-4fc8-40aa-a871-4a331fbe43c6;;;;;488;1;;;;;;;;;3;;;;;;;;;;;;;;;;;;;;0;;;;;0;;;;;;2025-10-29 13:27:12.24;admin;;;;;;;;;;;f;;;;;;;;;;;;;;;
243;d7a09c21-f09a-452e-9dc0-c59f730935be;000023;-;;;252;;;;;2024-01-12 17:26:09;0;;0.0000;0.0000;3;0.0000;0.0000;0.0000;0.00000000000000000000;0.0000;0.0000;0.00000000000000000000;;;;;;2;;1.00000000;;;3193.60000000;;0;;;;;0;;;;;;2024-01-12 17:26:09;;2024-01-12 17:26:09;;;;;;;;;;;;;;;;;;;;;;;;;
666;7fd5cc11-f4e1-4d19-aa4a-a9f82732f7f2;;;;;677;1;;;;;;;;;1;;;;;;;;;;;;;;;;;;;;0;;;;;0;;;;;;2026-06-04 13:54:01.591;OULAID-B;;;7;;;;;;;;f;;;;;;;;;;;;;;;
664;3b518a98-8a7f-4beb-b0b6-0a9d483f96f1;;;;;675;1;;;;;;;;;3;;;;;;;;;;;;;;;;;;;;0;;;;;0;;;;;;2026-06-04 13:51:44.988;OULAID-B;;;7;;;;;;;;f;;;;;;;;;;;;;;;
383;bd331556-58f9-4af9-a6b2-28ee8f7a5562;000163;-;;;394;;;;;2025-02-08 14:17:38;0;;0.0000;0.0000;1;0.0000;0.0000;0.0000;0.00000000000000000000;0.0000;0.0000;0.00000000000000000000;;;;;;;;1.00000000;;;0.00000000;;0;;;;;0;;;;;;2025-02-08 14:17:38;;2025-02-08 14:17:38;;;;;;;;;;;;;;;;;;;;;;;;;
100;3d9a72f5-9924-42d5-92cb-b0440b604a25;;-;;;100;;;;;;0;;0.0000;0.0000;3;0.0000;0.0000;0.0000;0.00000000000000000000;0.0000;0.0000;0.00000000000000000000;1;;;;;2;;1.00000000;;;13500.00000000;;0;;;;;0;;;;;;2024-01-06 14:19:44;;2024-01-06 14:19:44;;;;;;2;;;;;;;;;;;;;;;;;;;
443;e383381d-317c-4ffd-af87-c25c814177e2;000223;-;;;454;;;;;2025-09-20 15:08:57;0;;0.0000;0.0000;3;0.0000;0.0000;0.0000;0.00000000000000000000;0.0000;0.0000;0.00000000000000000000;;;;;;;;1.00000000;;;1729.19000000;;0;;;;;0;;;;;;2025-09-20 15:08:57;;2025-09-20 15:08:58;;;;;;;;;;;;;;;;;;;;;;;;;
140;cbbc77be-125e-40bf-a60e-5c2797f08183;;-;;;140;;;;;;0;;0.0000;0.0000;1;0.0000;0.0000;0.0000;0.00000000000000000000;0.0000;0.0000;0.00000000000000000000;1;;;;;2;;1.00000000;;;0.00000000;;0;;;;;0;;;;;;2024-01-06 14:19:49;;2024-01-06 15:35:21;;;;;;2;;;;;;;;;;;;;;;;;;;
29;6f867825-80c0-49a7-8f55-2f32cbe7b45c;;-;;;29;;;;;;0;;0.0000;0.0000;1;0.0000;0.0000;0.0000;0.00000000000000000000;0.0000;0.0000;0.00000000000000000000;1;;;;;2;;1.00000000;;;850.00000000;;0;;;;;0;;;;;;2024-01-06 14:19:35;;2024-01-06 15:35:21;;;;;;2;;;;;;;;;;;;;;;;;;;
2;c7b1a7e0-3a26-4f38-97fe-62112cc0b033;;-;;;2;;;;;;0;;0.0000;0.0000;1;0.0000;0.0000;0.0000;0.00000000000000000000;0.0000;0.0000;0.00000000000000000000;1;;;;;2;;1.00000000;;;0.00000000;;0;;;;;0;;;;;;2024-01-06 14:19:31;;2024-01-06 15:35:21;;;;;;2;;;;;;;;;;;;;;;;;;;
461;9835c91c-cf01-4e6f-aed7-69b52be06b5b;;;;;472;1;;;;;;;;;3;;;;;;;;;;;;;;;;;;;;0;;;;;0;;;;;;2025-10-15 12:23:53.436;admin;;;;;;;;;;;f;;;;;;;;;;;;;;;
38;5337c63d-d316-4a0e-919b-31f7ff9956ef;;-;;;38;;;;;;0;;0.0000;0.0000;1;0.0000;0.0000;0.0000;0.00000000000000000000;0.0000;0.0000;0.00000000000000000000;1;;;;;2;;1.00000000;;;0.00000000;;0;;;;;0;;;;;;2024-01-06 14:19:36;;2024-01-06 15:35:21;;;;;;2;;;;;;;;;;;;;;;;;;;
217;227df8a2-6905-42ce-aeac-a4b03b69f06a;;-;;;217;;;;;;0;;0.0000;0.0000;1;0.0000;0.0000;0.0000;0.00000000000000000000;0.0000;0.0000;0.00000000000000000000;1;;;;;2;;1.00000000;;;0.00000000;;0;;;;;0;;;;;;2024-01-06 14:19:59;;2024-01-06 15:35:20;;;;;;2;;;;;;;;;;;;;;;;;;;
8;295c1c47-cc95-4320-af8d-4126c6908da6;;-;;;8;;;;;;0;;0.0000;0.0000;1;0.0000;0.0000;0.0000;0.00000000000000000000;0.0000;0.0000;0.00000000000000000000;1;;;;;2;;1.00000000;;;0.00000000;;0;;;;;0;;;;;;2024-01-06 14:19:32;;2024-01-06 15:35:21;;;;;;2;;;;;;;;;;;;;;;;;;;
95;0a796f3c-3cff-4bcc-a5bd-efcb2f5f71a4;;-;;;95;;;;;;0;;0.0000;0.0000;3;0.0000;0.0000;0.0000;0.00000000000000000000;0.0000;0.0000;0.00000000000000000000;1;;;;;2;;1.00000000;;;1.00000000;;0;;;;;0;;;;;;2024-01-06 14:19:43;;2024-01-06 14:19:43;;;;;;2;;;;;;;;;;;;;;;;;;;
747;b7591d00-e20a-4dd6-9099-2e1d31219d43;;;;;758;1;;;;;;;;;1;;;;;;;;;;;;;;;;;;;;0;;;;;0;;;;;;2026-08-16 11:24:59.576;OULAID-B;;;4;;;;;;;;f;;;;;;;;;;;;;;;
746;7be587fd-9ed1-4cfd-a165-bd901f3fca41;;;;;757;1;;;;;;;;;1;;;;;;;;;;;;;;;;;;;;0;;;;;0;;;;;;2026-08-16 11:22:33.877;OULAID-B;;;4;;;;;;;;f;;;;;;;;;;;;;;;
174;ac1601d1-c04d-48a7-9d85-b44aed621f4a;;-;;;174;;;;;;0;;0.0000;0.0000;1;0.0000;0.0000;0.0000;0.00000000000000000000;0.0000;0.0000;0.00000000000000000000;1;;;;;2;;1.00000000;;;0.00000000;;0;;;;;0;;;;;;2024-01-06 14:19:53;;2024-01-06 15:35:21;;3;;;;2;;;;;;;;;;;;;;;;;;;
197;1eee40b5-21bc-416b-baaa-8361a9d40226;;-;;;197;;;;;;0;;0.0000;0.0000;3;0.0000;0.0000;0.0000;0.00000000000000000000;0.0000;0.0000;0.00000000000000000000;1;;;;;1;;1.00000000;;;410.22750000;;2304;;;;;0;;;;;;2024-01-06 14:19:56;;2025-08-24 15:01:32;;70;;;;2;;;;;;;;;;;;;;;;;;;
287;32ba81aa-7aa9-4767-8957-def5bb49ef78;000067;-;;;297;;;;;2025-01-03 15:47:35;0;;0.0000;0.0000;3;0.0000;0.0000;0.0000;0.00000000000000000000;0.0000;0.0000;0.00000000000000000000;;;;;;2;;1.00000000;;;1578.98900000;;6;;;;;0;;;;;;2025-01-03 15:47:35;;2025-08-17 13:42:34;;29;;;;;;;;;;;;;;;;;;;;;;;
179;a7c3017e-260c-48ed-89e1-2da7ccc616da;;-;;;179;;;;;;0;;0.0000;0.0000;1;0.0000;0.0000;0.0000;0.00000000000000000000;0.0000;0.0000;0.00000000000000000000;1;;;;;3;;1.00000000;;;610.68770000;;3582.6;;;;;0;;;;;;2024-01-06 14:19:54;;2025-08-28 13:53:10;;76;;;;2;;;;;;;;;;;;;;;;;;;
788;8a6a48f0-49f1-4249-a967-f4de4e02e59a;;;;;799;1;;;;;;;;;3;;;;;;;;;;;;;;;;;;330.00000000;;905;;;;;0;;;;;;2026-09-06 10:03:38.948;FAHIM;;;4;;;;;;;;f;;;;;;;;;;;;;;;
310;e609a7ce-cf4a-456e-8dcf-a433357ac33d;000090;-;;;320;;;;;2025-01-07 19:04:42;0;;0.0000;0.0000;3;0.0000;0.0000;0.0000;0.00000000000000000000;0.0000;0.0000;0.00000000000000000000;;;;;;2;;1.00000000;;;432.87490000;;1459.5;;;;;0;;;;;;2025-01-07 19:04:42;;2025-01-13 17:41:46;;62;;;;;;;;;;;;;;;;;;;;;;;
790;84c86e0c-faa9-45f4-ae41-37203086409b;;;;;801;1;;;;;;;;;3;;;;;;;;;;;;;;;;;;14100.00000000;;0;;;;;0;;;;;;2026-09-06 16:51:22.532;FAHIM;;;5;;;;;;;;f;;;;;;;;;;;;;;;
152;b97b6d63-00be-4ffd-93f2-6a2905de1922;;-;;;152;;;;;;0;;0.0000;0.0000;1;0.0000;0.0000;0.0000;0.00000000000000000000;0.0000;0.0000;0.00000000000000000000;1;;;;;1;;1.00000000;;;3800.00000000;;15;;;;;0;;;;;;2024-01-06 14:19:50;;2025-01-05 16:12:43;;46;;;;2;;;;;;;;;;;;;;;;;;;
570;b3cd7053-be7a-466f-9c9e-a322e8342d68;;;;;581;1;;;;;;;;;1;;;;;;;;;;;;;;;;;;132.09250000;;454;;;;;0;;;;;;2026-02-12 10:10:06.103;FAHIM;;;9;;;;;;;;f;;;;;;;;;;;;;;;
787;35d29a2e-86d2-4046-a08f-14f587530c5b;;;;;798;1;;;;;;;;;3;;;;;;;;;;;;;;;;;;4033.61340000;;46;;;;;0;;;;;;2026-09-05 15:54:55.72;MASSY;;;4;;;;;;;;f;;;;;;;;;;;;;;;
618;b69411d8-b1f0-4a82-9340-d45065149c0c;;;;;629;1;;;;;;;;;1;;;;;;;;;;;;;;;;;;350.00000000;;10;;;;;0;;;;;;2026-04-07 11:31:08.875;FAHIM;;;1;;;;;;;;f;;;;;;;;;;;;;;;
228;ea759c58-0aa7-45b4-a941-c27d2644f73a;000008;-;;;237;;;;;2024-01-07 15:34:16;0;;0.0000;0.0000;3;0.0000;0.0000;0.0000;0.00000000000000000000;0.0000;0.0000;0.00000000000000000000;;;;;;2;;1.00000000;;;2752.29000000;;5;;;;;0;;;;;;2024-01-07 15:34:16;;2025-02-03 17:13:34;;12;;;;;;;;;;;;;;;;;;;;;;;
505;852ebc32-5317-4266-9496-8ceac410000d;;;;;516;1;;;;;;;;;3;;;;;;;;;;;;;;;;;;6302.52100000;;3;;;;;0;;;;;;2025-11-29 16:58:15.115;admin;;;7;;;;;;;;f;;;;;;;;;;;;;;;
247;d6bda61b-a92b-4858-b61f-8b4dcbf780e9;000027;-;;;256;;;;;2024-01-12 17:59:38;0;;0.0000;0.0000;3;0.0000;0.0000;0.0000;0.00000000000000000000;0.0000;0.0000;0.00000000000000000000;;;;;;2;;1.00000000;;;2921.01000000;;0;;;;;0;;;;;;2024-01-12 17:59:38;;2025-08-16 16:57:51;;4;;;;;;;;;;;;;;;;;;;;;;;
454;6846fe8b-af86-4fdf-9110-2888d1e2ec20;000234;-;;;465;;;;;2025-10-10 11:25:47;0;;0.0000;0.0000;3;0.0000;0.0000;0.0000;0.00000000000000000000;0.0000;0.0000;0.00000000000000000000;;;;;;;;1.00000000;;;1724.19000000;;0;;;;;0;;;;;;2025-10-10 11:25:47;;2025-10-10 11:25:47;;;;;;;;;;;;;;;;;;;;;;;;;
172;c00cd464-ceac-4bc6-aa9b-4f716f22ff72;;-;;;172;;;;;;0;;0.0000;0.0000;1;0.0000;0.0000;0.0000;0.00000000000000000000;0.0000;0.0000;0.00000000000000000000;1;;;;;2;;1.00000000;;;1730.00000000;;0.25;;;;;0;;;;;;2024-01-06 14:19:53;;2025-01-13 17:02:08;;;;;;2;;;;;;;;;;;;;;;;;;;
6;3f8e44d7-7b9d-4e44-b143-339f57a0724c;;-;;;6;;;;;;0;;0.0000;0.0000;1;0.0000;0.0000;0.0000;0.00000000000000000000;0.0000;0.0000;0.00000000000000000000;1;;;;;2;;1.00000000;;;1380.00000000;;0;;;;;0;;;;;;2024-01-06 14:19:32;;2025-08-26 14:45:15;;44;;;;2;;;;;;;;;;;;;;;;;;;
395;b1e3fe8d-bf39-42dd-bcc8-cfc8cfc1d760;000175;-;;;406;;;;;2025-08-12 14:15:15;0;;0.0000;0.0000;3;0.0000;0.0000;0.0000;0.00000000000000000000;0.0000;0.0000;0.00000000000000000000;;;;;;;;1.00000000;;;421.34960000;;119;;;;;0;;;;;;2025-08-12 14:15:15;;2025-08-17 13:31:47;;20;;;;;;;;;;;;;;;;;;;;;;;
236;86547224-6c05-441e-9b14-d087b2d181a7;000016;-;;;245;;;;;2024-01-07 16:33:53;0;;0.0000;0.0000;3;0.0000;0.0000;0.0000;0.00000000000000000000;0.0000;0.0000;0.00000000000000000000;;;;;;2;;1.00000000;;;529.35880000;;146;;;;;0;;;;;;2024-01-07 16:33:53;;2025-08-25 14:38:10;;115;;;;;;;;;;;;;;;;;;;;;;;
153;6fbf5238-e7c8-4fff-86f1-3320c1126167;;-;;;153;;;;;;0;;0.0000;0.0000;1;0.0000;0.0000;0.0000;0.00000000000000000000;0.0000;0.0000;0.00000000000000000000;1;;;;;2;;1.00000000;;;636.78000000;;30;;;;;0;;;;;;2024-01-06 14:19:50;;2025-01-16 12:55:43;;41;;;;2;;;;;;;;;;;;;;;;;;;
97;1e6307ca-4d33-45f4-8987-29f5525c4571;;-;;;97;;;;;;0;;0.0000;0.0000;3;0.0000;0.0000;0.0000;0.00000000000000000000;0.0000;0.0000;0.00000000000000000000;1;;;;;2;;1.00000000;;;1955.80810000;;47;;;;;0;;;;;;2024-01-06 14:19:43;;2025-08-24 13:20:26;;68;;;;2;;;;;;;;;;;;;;;;;;;
769;41522b82-3d40-4a9c-962d-b4d542fde54b;;;;;780;1;;;;;;;;;1;;;;;;;;;;;;;;;;;;5.79000000;;1500;;;;;0;;;;;;2026-08-30 12:35:00.127;FAHIM;;;5;;;;;;;;f;;;;;;;;;;;;;;;
723;399d18b3-0dda-4d01-a074-0dc194a3f25d;;;;;734;1;;;;;;;;;1;;;;;;;;;;;;;;;;;;1200.00000000;;7;;;;;0;;;;;;2026-07-16 16:17:32.138;FAHIM;;;3;;;;;;;;f;;;;;;;;;;;;;;;
712;bfd4555f-0bcd-4729-b158-24a32971cd0e;EMB PUNESE;;;;723;1;;;;;;;;;3;;;;;;;;;;;;;;;;;;0.84030000;;772;;;;;0;;;;;;2026-07-11 15:31:32.715;MASSY;;;5;;;;;;;;f;;;;;;;;;;;;;;;
339;bd0f64ac-4c99-4b7b-a4e5-d5fe3cb24fa4;000119;-;;;349;;;;;2025-01-10 21:03:22;0;;0.0000;0.0000;1;0.0000;0.0000;0.0000;0.00000000000000000000;0.0000;0.0000;0.00000000000000000000;;;;;;2;;1.00000000;;;0.00000000;;0;;;;;0;;;;;;2025-01-10 21:03:22;;2025-01-10 21:03:22;;;;;;;;;;;;;;;;;;;;;;;;;
82;303a3721-e416-46cc-9384-d8210f9391cf;;-;;;82;;;;;;0;;0.0000;0.0000;3;0.0000;0.0000;0.0000;0.00000000000000000000;0.0000;0.0000;0.00000000000000000000;1;;;;;2;;1.00000000;;;2000.00000000;;0;;;;;0;;;;;;2024-01-06 14:19:42;;2024-01-06 14:19:42;;;;;;2;;;;;;;;;;;;;;;;;;;
568;45359e98-2d8b-475a-a186-81820b3954d5;;;;;579;1;;;;;;;;;1;;;;;;;;;;;;;;;;;;7000.00000000;;0;;;;;0;;;;;;2026-02-10 18:29:52.904;FAHIM;;;8;;;;;;;;f;;;;;;;;;;;;;;;
105;12e31054-2f66-485f-b4ec-9e5fb1b59a5b;;-;;;105;;;;;;0;;0.0000;0.0000;1;0.0000;0.0000;0.0000;0.00000000000000000000;0.0000;0.0000;0.00000000000000000000;1;;;;;2;;1.00000000;;;34.69950000;;3690;;;;;0;;;;;;2024-01-06 14:19:44;;2025-08-25 17:37:52;;213;;;;2;;;;;;;;;;;;;;;;;;;
277;5cc084f6-505f-4068-9092-b11b2db99bcc;000057;-;;;287;;;;;2025-01-02 14:10:03;0;;0.0000;0.0000;3;0.0000;0.0000;0.0000;0.00000000000000000000;0.0000;0.0000;0.00000000000000000000;;;;;;2;;1.00000000;;;604.82050000;;480;;;;;0;;;;;;2025-01-02 14:10:03;;2025-08-31 16:10:01;;271;;;;;;;;;;;;;;;;;;;;;;;
521;f7138e98-c531-48f2-b097-97ffa34c5650;CHG20;;;;532;1;;;;;;;;;1;;;;;;;;;;;;;;;;;;2328.39050000;;65;;;;;0;;;;;;2025-12-02 15:45:44.307;admin;;;75;;;;;;;;f;;;;;;;;;;;;;;;
511;e2c7729f-2f28-41b6-8fdf-7d8c82c6e33a;TRIP/CANADA;;;;522;1;;;;;;;;;1;;;;;;;;;;;;;;;;;;5960.92340000;;1;;;;;0;;;;;;2025-12-01 12:44:57.506;LINA;;;8;;;;;;;;f;;;;;;;;;;;;;;;
789;e8891770-0a4a-42e6-9617-a1ac174ed46f;VRLFM8;;;;800;1;;;;;;;;;3;;;;;;;;;;;;;;;;;;20.50000000;;1600;;;;;0;;;;;;2026-09-06 10:09:21.784;FAHIM;;;2;;;;;;;;f;;;;;;;;;;;;;;;
503;7438595d-ac7b-4c8d-bba7-1e3dca151d66;;;;;514;1;;;;;;;;;3;;;;;;;;;;;;;;;;;;547.20430000;;43;;;;;0;;;;;;2025-11-29 09:05:48.122;admin;;;62;;;;;;;;f;;;;;;;;;;;;;;;
611;db68c67e-e945-4491-a755-4e4216077c64;PLBND50;;;;622;1;;;;;;;;;3;;;;;;;;;;;;;;;;;;42.01680000;;1400;;;;;0;;;;;;2026-04-04 10:50:04.06;MASSY;;;5;;;;;;;;f;;;;;;;;;;;;;;;
180;d27fab06-ef04-4710-b45f-f38df9b8f067;;-;;;180;;;;;;0;;0.0000;0.0000;1;0.0000;0.0000;0.0000;0.00000000000000000000;0.0000;0.0000;0.00000000000000000000;1;;;;;1;;1.00000000;;;548.94370000;;627;;;;;0;;;;;;2024-01-06 14:19:54;;2025-01-13 17:02:08;;18;;;;2;;;;;;;;;;;;;;;;;;;
692;bdb0a590-73b3-4243-aeaf-9fff4762e97a;;;;;703;1;;;;;;;;;3;;;;;;;;;;;;;;;;;;15300.00000000;;0;;;;;0;;;;;;2026-06-28 10:56:23.339;FAHIM;;;14;;;;;;;;f;;;;;;;;;;;;;;;
711;0966fa12-0558-442c-a084-c15eb89170e0;;;;;722;1;;;;;;;;;3;;;;;;;;;;;;;;;;;;15000.00000000;;0;;;;;0;;;;;;2026-07-09 14:43:11.531;FAHIM;;;22;;;;;;;;f;;;;;;;;;;;;;;;
460;0b53677a-2bdf-4c16-a6f8-1a7ef0154a05;000240;-;;;471;;;;;2025-10-12 08:10:53;0;;0.0000;0.0000;1;0.0000;0.0000;0.0000;0.00000000000000000000;0.0000;0.0000;0.00000000000000000000;;;;;;;;1.00000000;;;2.52000000;;1781;;;;;0;;;;;;2025-10-12 08:10:53;;2025-10-12 08:10:53;;6;;;;;;;;;;;;;;;;;;;;;;;
606;ee6c44db-b5e8-46d7-aef0-1e77f3c1ab60;;;;;617;1;;;;;;;;;3;;;;;;;;;;;;;;;;;;65.00000000;;6100;;;;;0;;;;;;2026-03-29 11:59:03.829;FAHIM;;;4;;;;;;;;f;;;;;;;;;;;;;;;
654;71b5fd31-0175-42a5-b6e3-186dd523719f;;;;;665;1;;;;;;;;;3;;;;;;;;;;;;;;;;;;2387.89680000;;0;;;;;0;;;;;;2026-05-21 15:11:34.85;MASSY;;;8;;;;;;;;f;;;;;;;;;;;;;;;
299;a1db9834-5c18-4c7b-b9cb-8667a7169d44;000079;-;;;309;;;;;2025-01-04 13:45:17;0;;0.0000;0.0000;1;0.0000;0.0000;0.0000;0.00000000000000000000;0.0000;0.0000;0.00000000000000000000;;;;;;2;;1.00000000;;;14.35030000;;1790;;;;;0;;;;;;2025-01-04 13:45:17;;2025-08-25 17:52:17;;24;;;;;;;;;;;;;;;;;;;;;;;
452;6d2b029c-22ea-4b91-8adb-dd8f55f85abf;000232;-;;;463;;;;;2025-10-06 16:11:07;0;;0.0000;0.0000;1;0.0000;0.0000;0.0000;0.00000000000000000000;0.0000;0.0000;0.00000000000000000000;;;;;;;;1.00000000;;;5.80420000;;13260;;;;;0;;;;;;2025-10-06 16:11:07;;2025-10-06 16:11:07;;77;;;;;;;;;;;;;;;;;;;;;;;
52;d06a702b-a464-42bc-9f19-a04e36269eb7;;-;;;52;;;;;;0;;0.0000;0.0000;3;0.0000;0.0000;0.0000;0.00000000000000000000;0.0000;0.0000;0.00000000000000000000;1;;;;;2;;1.00000000;;;1683.86450000;;62;;;;;0;;;;;;2024-01-06 14:19:38;;2025-08-31 15:51:40;;286;;;;2;;;;;;;;;;;;;;;;;;;
596;fca1a071-3e13-401b-80a6-07c6d0d9879f;;;;;607;1;;;;;;;;;1;;;;;;;;;;;;;;;;;;8.50000000;;22080;;;;;0;;;;;;2026-03-15 10:48:26.566;MASSY;;;9;;;;;;;;f;;;;;;;;;;;;;;;
770;a71d97ac-d9b9-45fb-922d-2c9dd1c64508;;;;;781;1;;;;;;;;;1;;;;;;;;;;;;;;;;;;12.01000000;;722;;;;;0;;;;;;2026-08-30 12:35:48.169;FAHIM;;;9;;;;;;;;f;;;;;;;;;;;;;;;
307;2f99e4cb-5026-4fc1-9285-94e09486e339;000087;-;;;317;;;;;2025-01-04 14:00:59;0;;0.0000;0.0000;1;0.0000;0.0000;0.0000;0.00000000000000000000;0.0000;0.0000;0.00000000000000000000;;;;;;1;;1.00000000;;;440.17220000;;865.7;;;;;0;;;;;;2025-01-04 14:00:59;;2025-01-28 10:29:46;;23;;;;;;;;;;;;;;;;;;;;;;;
278;e986d327-a080-4254-bed8-cc848030f7cd;000058;-;;;288;;;;;2025-01-02 14:10:56;0;;0.0000;0.0000;3;0.0000;0.0000;0.0000;0.00000000000000000000;0.0000;0.0000;0.00000000000000000000;;;;;;2;;1.00000000;;;674.60720000;;248;;;;;0;;;;;;2025-01-02 14:10:56;;2025-08-31 16:10:01;;314;;;;;;;;;;;;;;;;;;;;;;;
84;813e4a2f-7aec-4c41-8b4c-fe837a2a603c;;-;;;84;;;;;;0;;0.0000;0.0000;3;0.0000;0.0000;0.0000;0.00000000000000000000;0.0000;0.0000;0.00000000000000000000;1;;;;;2;;1.00000000;;;2050.32420000;;0;;;;;0;;;;;;2024-01-06 14:19:42;;2025-08-25 17:42:27;;2;;;;2;;;;;;;;;;;;;;;;;;;
475;184227cf-f17a-447d-8ffd-d5f25fba00b4;;;;;486;1;;;;;;;;;3;;;;;;;;;;;;;;;;;;2932.39660000;;4;;;;;0;;;;;;2025-10-25 12:54:00.967;MASSY;;;9;;;;;;;;f;;;;;;;;;;;;;;;
305;a59b8ef0-2eda-48de-b301-a28c9a5c98bc;000085;-;;;315;;;;;2025-01-04 13:56:29;0;;0.0000;0.0000;1;0.0000;0.0000;0.0000;0.00000000000000000000;0.0000;0.0000;0.00000000000000000000;;;;;;1;;1.00000000;;;4500.00000000;;28.75;;;;;0;;;;;;2025-01-04 13:56:29;;2025-01-13 17:02:08;;2;;;;;;;;;;;;;;;;;;;;;;;
651;b7dd41a0-c8ee-4306-9028-d9bb86a17630;;;;;662;1;;;;;;;;;3;;;;;;;;;;;;;;;;;;19.00000000;;1488;;;;;0;;;;;;2026-05-19 10:04:46.173;FAHIM;;;5;;;;;;;;f;;;;;;;;;;;;;;;
184;55fbd214-5054-4491-b7ae-c4279d36f550;;-;;;184;;;;;;0;;0.0000;0.0000;1;0.0000;0.0000;0.0000;0.00000000000000000000;0.0000;0.0000;0.00000000000000000000;1;;;;;1;;1.00000000;;;815.21280000;;253.26;;;;;0;;;;;;2024-01-06 14:19:54;;2025-01-13 17:02:08;;21;;;;2;;;;;;;;;;;;;;;;;;;
191;4d05d8ef-99d7-4ef2-a0f4-da33abd0a9d4;;-;;;191;;;;;;0;;0.0000;0.0000;1;0.0000;0.0000;0.0000;0.00000000000000000000;0.0000;0.0000;0.00000000000000000000;1;;;;;1;;1.00000000;;;1448.87710000;;170.8;;;;;0;;;;;;2024-01-06 14:19:55;;2025-08-25 17:52:17;;70;;;;2;;;;;;;;;;;;;;;;;;;
148;10ba5c98-e70b-41e1-ae4d-5be3a2a64756;;-;;;148;;;;;;0;;0.0000;0.0000;1;0.0000;0.0000;0.0000;0.00000000000000000000;0.0000;0.0000;0.00000000000000000000;1;;;;;1;;1.00000000;;;12.15910000;;3374;;;;;0;;;;;;2024-01-06 14:19:50;;2025-08-26 13:50:21;;30;;;;2;;;;;;;;;;;;;;;;;;;
782;713b3b96-f4e4-4ba1-bd84-a23119e84fee;;;;;793;1;;;;;;;;;3;;;;;;;;;;;;;;;;;;1572.31160000;;0;;;;;0;;;;;;2026-09-03 14:17:37.4;MASSY;;;2;;;;;;;;f;;;;;;;;;;;;;;;
110;3c54028f-4a8b-4a81-8e5f-bbbdc135cf6f;;-;;;110;;;;;;0;;0.0000;0.0000;1;0.0000;0.0000;0.0000;0.00000000000000000000;0.0000;0.0000;0.00000000000000000000;1;;;;;1;;1.00000000;;;2.96830000;;44198;;;;;0;;;;;;2024-01-06 14:19:45;;2025-08-24 15:03:09;;28;;;;2;;;;;;;;;;;;;;;;;;;
155;a2abd93e-af7d-42f6-98c0-21b0c2f131b9;;-;;;155;;;;;;0;;0.0000;0.0000;1;0.0000;0.0000;0.0000;0.00000000000000000000;0.0000;0.0000;0.00000000000000000000;1;;;;;2;;1.00000000;;;466.31430000;;35;;;;;0;;;;;;2024-01-06 14:19:51;;2025-01-16 12:55:43;;46;;;;2;;;;;;;;;;;;;;;;;;;
765;29a81cb6-9a12-41b4-90ea-15c6031176ad;;;;;776;1;;;;;;;;;1;;;;;;;;;;;;;;;;;;80.00000000;;153;;;;;0;;;;;;2026-08-30 11:08:52.639;FAHIM;;;3;;;;;;;;f;;;;;;;;;;;;;;;
776;c5edd904-af4d-467a-856c-1b63aabc8746;;;;;787;1;;;;;;;;;1;;;;;;;;;;;;;;;;;;450.00000000;;3;;;;;0;;;;;;2026-08-30 16:24:51.265;FAHIM;;;2;;;;;;;;f;;;;;;;;;;;;;;;
497;0343c710-fb46-4954-b080-661b576c5801;;;;;508;1;;;;;;;;;3;;;;;;;;;;;;;;;;;;555.02320000;;0;;;;;0;;;;;;2025-11-20 15:18:40.552;admin;;;5;;;;;;;;f;;;;;;;;;;;;;;;
545;a2339881-21d6-4335-b354-9688be71dbc4;;;;;556;1;;;;;;;;;3;;;;;;;;;;;;;;;;;;2057.83840000;;15;;;;;0;;;;;;2025-12-22 16:32:55.973;MASSY;;;15;;;;;;;;f;;;;;;;;;;;;;;;
670;9d3f38fe-7d01-4610-aaa2-ab2266fe44bc;;;;;681;1;;;;;;;;;1;;;;;;;;;;;;;;;;;;890.90910000;;11;;;;;0;;;;;;2026-06-07 10:31:33.15;OULAID-B;;;7;;;;;;;;f;;;;;;;;;;;;;;;
527;a7260035-4052-49f8-bdf3-c36bfd4a5410;CRTOL;;;;538;1;;;;;;;;;3;;;;;;;;;;;;;;;;;;400.00000000;;108;;;;;0;;;;;;2025-12-07 12:01:11.328;ABDELHAK;;;5;;;;;;;;f;;;;;;;;;;;;;;;
784;a82649a2-d4ac-4dd8-92a7-b238f76379bc;;;;;795;1;;;;;;;;;1;;;;;;;;;;;;;;;;;;3200.00000000;;0;;;;;0;;;;;;2026-09-03 14:41:12.902;FAHIM;;;2;;;;;;;;f;;;;;;;;;;;;;;;
107;975d13c6-a303-4cbf-8646-2f44684d876e;;-;;;107;;;;;;0;;0.0000;0.0000;1;0.0000;0.0000;0.0000;0.00000000000000000000;0.0000;0.0000;0.00000000000000000000;1;;;;;2;;1.00000000;;;740.49080000;;40;;;;;0;;;;;;2024-01-06 14:19:45;;2025-01-16 16:44:50;;9;;;;2;;;;;;;;;;;;;;;;;;;
767;7dddc311-0bc3-4833-abf6-142a10d2ccb3;;;;;778;1;;;;;;;;;1;;;;;;;;;;;;;;;;;;9500.00000000;;2;;;;;0;;;;;;2026-08-30 12:28:23.002;FAHIM;;;2;;;;;;;;f;;;;;;;;;;;;;;;
565;ebf7443a-36b6-458f-8318-d609ce535f1e;;;;;576;1;;;;;;;;;1;;;;;;;;;;;;;;;;;;577.08330000;;12;;;;;0;;;;;;2026-02-10 16:16:17.339;FAHIM;;;6;;;;;;;;f;;;;;;;;;;;;;;;
774;9743c461-4fff-4412-acba-2c4ebaa4a287;;;;;785;1;;;;;;;;;1;;;;;;;;;;;;;;;;;;3089.28570000;;5;;;;;0;;;;;;2026-08-30 15:43:16.533;FAHIM;;;1;;;;;;;;f;;;;;;;;;;;;;;;
714;b2eef778-636b-4605-a753-4aa96d74424e;;;;;725;1;;;;;;;;;1;;;;;;;;;;;;;;;;;;10.70750000;;479;;;;;0;;;;;;2026-07-13 11:29:12.391;FAHIM;;;14;;;;;;;;f;;;;;;;;;;;;;;;
131;4b0d10d0-a6db-4761-ab23-9d2443df1de3;;-;;;131;;;;;;0;;0.0000;0.0000;1;0.0000;0.0000;0.0000;0.00000000000000000000;0.0000;0.0000;0.00000000000000000000;1;;;;;1;;1.00000000;;;250.00000000;;50;;;;;0;;;;;;2024-01-06 14:19:48;;2025-08-24 12:08:36;;3;;;;2;;;;;;;;;;;;;;;;;;;
748;d0750d83-8dad-4d00-b7bc-fef146664d38;;;;;759;1;;;;;;;;;1;;;;;;;;;;;;;;;;;;1200.00000000;;30;;;;;0;;;;;;2026-08-16 11:27:39.393;OULAID-B;;;6;;;;;;;;f;;;;;;;;;;;;;;;
195;3b7b6f0f-846e-43b2-b923-b77d73a23b2c;;-;;;195;;;;;;0;;0.0000;0.0000;1;0.0000;0.0000;0.0000;0.00000000000000000000;0.0000;0.0000;0.00000000000000000000;1;;;;;1;;1.00000000;;;532.82610000;;661;;;;;0;;;;;;2024-01-06 14:19:56;;2025-01-13 17:02:08;;11;;;;2;;;;;;;;;;;;;;;;;;;
109;3a84120c-860f-4427-95d9-17bf4353c8d9;;-;;;109;;;;;;0;;0.0000;0.0000;1;0.0000;0.0000;0.0000;0.00000000000000000000;0.0000;0.0000;0.00000000000000000000;1;;;;;2;;1.00000000;;;299.65440000;;50;;;;;0;;;;;;2024-01-06 14:19:45;;2025-01-16 12:55:43;;50;;;;2;;;;;;;;;;;;;;;;;;;
507;eb3ed1f1-c342-479e-90ce-456d28630c55;STBASSE110/50;;;;518;1;;;;;;;;;1;;;;;;;;;;;;;;;;;;1151.13390000;;0;;;;;0;;;;;;2025-11-30 14:59:00.756;LINA;;;2;;;;;;;;f;;;;;;;;;;;;;;;
647;df9b3c98-c3ad-4f24-805f-5ebbdf717f48;;;;;658;1;;;;;;;;;1;;;;;;;;;;;;;;;;;;1560.00000000;;1;;;;;0;;;;;;2026-05-12 11:00:45.772;FAHIM;;;10;;;;;;;;f;;;;;;;;;;;;;;;
298;e93c9176-1506-4353-b235-12b012334f10;000078;-;;;308;;;;;2025-01-04 13:44:15;0;;0.0000;0.0000;1;0.0000;0.0000;0.0000;0.00000000000000000000;0.0000;0.0000;0.00000000000000000000;;;;;;1;;1.00000000;;;1150.00000000;;0;;;;;0;;;;;;2025-01-04 13:44:15;;2025-01-22 19:33:06;;1;;;;;;;;;;;;;;;;;;;;;;;
416;dfac7775-7013-43df-ac02-48be4417f9dc;000196;-;;;427;;;;;2025-08-25 16:29:11;0;;0.0000;0.0000;3;0.0000;0.0000;0.0000;0.00000000000000000000;0.0000;0.0000;0.00000000000000000000;;;;;;;;1.00000000;;;7192.23000000;;0;;;;;0;;;;;;2025-08-25 16:29:11;;2025-08-26 13:35:15;;;;;;;;;;;;;;;;;;;;;;;;;
271;807fd635-a63b-4219-9b77-2dde53b652e3;000051;-;;;281;;;;;2025-01-02 13:10:43;0;;0.0000;0.0000;3;0.0000;0.0000;0.0000;0.00000000000000000000;0.0000;0.0000;0.00000000000000000000;;;;;;2;;1.00000000;;;2613.77990000;;10;;;;;0;;;;;;2025-01-02 13:10:43;;2025-01-02 13:10:43;;33;;;;;;;;;;;;;;;;;;;;;;;
555;528dd050-91d9-44c1-ae5b-481cf98d5afe;;;;;566;1;f;;;;0;0;0.0000;0.0000;3;0.0000;0.0000;0.0000;0.00000000000000000000;0.0000;0.0000;0.00000000000000000000;;;;;;;;0.00000000;0.00000000;;65.54620000;0;133;0;0;0;0;0;;;f;;;2026-02-05 11:31:33.309;FAHIM;2026-02-06 12:39:26.59607;FAHIM;4;0.0000;0.0000;;;0;;;f;;0;0.00000000;0;;0;0.00000000;f;0.0000;0.0000;0.0000;0.0000;0.0000;"";""
114;e79cd191-9375-4218-b093-d9d8f2ee2865;;-;;;114;;;;;;0;;0.0000;0.0000;1;0.0000;0.0000;0.0000;0.00000000000000000000;0.0000;0.0000;0.00000000000000000000;1;;;;;2;;1.00000000;;;750.00000000;;15;;;;;0;;;;;;2024-01-06 14:19:45;;2025-01-05 16:12:43;;42;;;;2;;;;;;;;;;;;;;;;;;;
304;9615f412-0367-4b93-8c4b-5b41c236c001;000084;-;;;314;;;;;2025-01-04 13:55:23;0;;0.0000;0.0000;1;0.0000;0.0000;0.0000;0.00000000000000000000;0.0000;0.0000;0.00000000000000000000;;;;;;2;;1.00000000;;;0.00000000;;0;;;;;0;;;;;;2025-01-04 13:55:23;;2025-01-13 17:02:08;;2;;;;;;;;;;;;;;;;;;;;;;;
691;6b7fc52a-2fb2-4c9b-9fb7-f2b4133f74c1;;;;;702;1;;;;;;;;;1;;;;;;;;;;;;;;;;;;12500.00000000;;1;;;;;0;;;;;;2026-06-24 16:25:09.669;FAHIM;;;11;;;;;;;;f;;;;;;;;;;;;;;;
202;e46a7602-6f4a-4a3f-9cb7-d509e4051378;;-;;;202;;;;;;0;;0.0000;0.0000;1;0.0000;0.0000;0.0000;0.00000000000000000000;0.0000;0.0000;0.00000000000000000000;1;;;;;1;;1.00000000;;;776.59150000;;1161.6;;;;;0;;;;;;2024-01-06 14:19:57;;2025-08-25 14:21:12;;100;;;;2;;;;;;;;;;;;;;;;;;;
25;2328d36c-478d-43c6-b5dd-b1ee716645f2;;-;;;25;;;;;;0;;0.0000;0.0000;3;0.0000;0.0000;0.0000;0.00000000000000000000;0.0000;0.0000;0.00000000000000000000;1;;;;;2;;1.00000000;;;2.00080000;;20206;;;;;0;;;;;;2024-01-06 14:19:34;;2025-08-24 15:03:09;;11;;;;2;;;;;;;;;;;;;;;;;;;
681;eaa65f1d-5328-4601-aaea-d1136ff978dd;;;;;692;1;;;;;;;;;1;;;;;;;;;;;;;;;;;;2500.00000000;;1;;;;;0;;;;;;2026-06-14 10:43:01.345;FAHIM;;;1;;;;;;;;f;;;;;;;;;;;;;;;
476;1421d1b8-beb1-4fe0-8056-f69b56e810c0;;;;;487;1;;;;;;;;;3;;;;;;;;;;;;;;;;;;2687.53620000;;0;;;;;0;;;;;;2025-10-25 13:09:42.588;MASSY;;;9;;;;;;;;f;;;;;;;;;;;;;;;
501;35820131-712f-48d9-9ca4-137aaed46138;;;;;512;1;;;;;;;;;3;;;;;;;;;;;;;;;;;;3443.46660000;;0;;;;;0;;;;;;2025-11-27 15:28:54.231;admin;;;10;;;;;;;;f;;;;;;;;;;;;;;;
187;7099cf38-788d-4ceb-ab93-874accce9f8e;;-;;;187;;;;;;0;;0.0000;0.0000;1;0.0000;0.0000;0.0000;0.00000000000000000000;0.0000;0.0000;0.00000000000000000000;1;;;;;3;;1.00000000;;;438.50470000;;1066.55;;;;;0;;;;;;2024-01-06 14:19:55;;2025-08-28 17:02:24;;32;;;;2;;;;;;;;;;;;;;;;;;;
663;22d1acfb-8553-450e-b409-000880f448dd;;;;;674;1;;;;;;;;;1;;;;;;;;;;;;;;;;;;250.00000000;;29;;;;;0;;;;;;2026-06-01 15:14:40.681;FAHIM;;;2;;;;;;;;f;;;;;;;;;;;;;;;
213;c1b4b0bb-4572-4bae-83db-17a66d5a30b9;;-;;;213;;;;;;0;;0.0000;0.0000;1;0.0000;0.0000;0.0000;0.00000000000000000000;0.0000;0.0000;0.00000000000000000000;1;;;;;2;;1.00000000;;;613.44540000;;39;;;;;0;;;;;;2024-01-06 14:19:58;;2024-01-06 15:35:20;;2;;;;2;;;;;;;;;;;;;;;;;;;
628;ab4b510e-9e51-4840-852d-60e34c7ae8a5;;;;;639;1;;;;;;;;;1;;;;;;;;;;;;;;;;;;2150.00000000;;0;;;;;0;;;;;;2026-04-22 12:05:01.722;FAHIM;;;5;;;;;;;;f;;;;;;;;;;;;;;;
623;b73ebc76-daa6-4177-9629-f9bc7e807554;;;;;634;1;;;;;;;;;1;;;;;;;;;;;;;;;;;;42750.00000000;;0;;;;;0;;;;;;2026-04-13 09:53:48.175;FAHIM;;;6;;;;;;;;f;;;;;;;;;;;;;;;
413;6d17eeee-31fa-44b4-9114-16553f451f0e;000193;-;;;424;;;;;2025-08-25 15:10:24;0;;0.0000;0.0000;3;0.0000;0.0000;0.0000;0.00000000000000000000;0.0000;0.0000;0.00000000000000000000;;;;;;;;1.00000000;;;2046.91000000;;21;;;;;0;;;;;;2025-08-25 15:10:24;;2025-08-25 15:33:50;;;;;;;;;;;;;;;;;;;;;;;;;
536;3f2dc6a7-e231-4b70-a3c0-e9c542a5537c;BUR120BOIS;;;;547;1;;;;;;;;;1;;;;;;;;;;;;;;;;;;9000.00000000;;0;;;;;0;;;;;;2025-12-21 12:41:53.357;FAHIM;;;3;;;;;;;;f;;;;;;;;;;;;;;;
656;3fd21c75-3919-45be-a1aa-03ccd33fa90f;;;;;667;1;;;;;;;;;1;;;;;;;;;;;;;;;;;;9000.00000000;;4;;;;;0;;;;;;2026-05-24 11:08:09.127;FAHIM;;;1;;;;;;;;f;;;;;;;;;;;;;;;
344;4240121e-bb02-4e60-bf2e-11c3d44786f6;000124;-;;;354;;;;;2025-01-16 12:49:03;0;;0.0000;0.0000;3;0.0000;0.0000;0.0000;0.00000000000000000000;0.0000;0.0000;0.00000000000000000000;;;;;;2;;1.00000000;;;237.50000000;;0;;;;;0;;;;;;2025-01-16 12:49:03;;2025-01-16 12:55:43;;;;;;;;;;;;;;;;;;;;;;;;;
484;1c82152e-5889-429f-8943-27a3a28f165c;PLT140/AVC CAISSSON;;;;495;1;;;;;;;;;1;;;;;;;;;;;;;;;;;;4611.11110000;;1;;;;;0;;;;;;2025-11-11 09:28:09.784;LINA;;;26;;;;;;;;f;;;;;;;;;;;;;;;
73;62ca8f43-fd63-4515-aa70-fdc88123bcc4;;-;;;73;;;;;;0;;0.0000;0.0000;3;0.0000;0.0000;0.0000;0.00000000000000000000;0.0000;0.0000;0.00000000000000000000;1;;;;;2;;1.00000000;;;3591.38510000;;0;;;;;0;;;;;;2024-01-06 14:19:40;;2025-08-18 15:20:09;;4;;;;2;;;;;;;;;;;;;;;;;;;
220;918b55f4-a4e8-4315-a406-7345b45eaf9b;;-;;;220;;;;;;0;;0.0000;0.0000;1;0.0000;0.0000;0.0000;0.00000000000000000000;0.0000;0.0000;0.00000000000000000000;1;;;;;3;;1.00000000;;;415.91830000;;2358;;;;;0;;;;;;2024-01-06 14:19:59;;2025-08-28 17:02:24;;11;;;;2;;;;;;;;;;;;;;;;;;;
433;7eb64e5f-257a-4fd6-b2ab-3d60fb46c71e;000213;-;;;444;;;;;2025-09-12 13:42:17;0;;0.0000;0.0000;3;0.0000;0.0000;0.0000;0.00000000000000000000;0.0000;0.0000;0.00000000000000000000;;;;;;;;1.00000000;;;3032.52980000;;58;;;;;0;;;;;;2025-09-12 13:42:17;;2025-09-12 13:42:17;;196;;;;;;;;;;;;;;;;;;;;;;;
435;d195962c-3ba8-46cf-b865-7cc42449bc60;000215;-;;;446;;;;;2025-09-12 14:26:22;0;;0.0000;0.0000;3;0.0000;0.0000;0.0000;0.00000000000000000000;0.0000;0.0000;0.00000000000000000000;;;;;;;;1.00000000;;;281.51000000;;794.5;;;;;0;;;;;;2025-09-12 14:26:22;;2025-09-12 14:26:22;;59;;;;;;;;;;;;;;;;;;;;;;;
679;a08b9a83-6723-47bc-ab34-a7042accc6fb;;;;;690;1;;;;;;;;;1;;;;;;;;;;;;;;;;;;50000.00000000;;1;;;;;0;;;;;;2026-06-14 10:40:54.677;FAHIM;;;1;;;;;;;;f;;;;;;;;;;;;;;;
198;068e24b0-73d2-4f53-817a-7b6c6153659e;;-;;;198;;;;;;0;;0.0000;0.0000;1;0.0000;0.0000;0.0000;0.00000000000000000000;0.0000;0.0000;0.00000000000000000000;1;;;;;2;;1.00000000;;;0.00000000;;9;;;;;0;;;;;;2024-01-06 14:19:56;;2024-01-06 15:35:20;;5;;;;2;;;;;;;;;;;;;;;;;;;
759;bd91bcbe-5aee-460b-9dcf-106bc5b17162;;;;;770;1;;;;;;;;;3;;;;;;;;;;;;;;;;;;1740.06000000;;20;;;;;0;;;;;;2026-08-24 14:01:40.832;FAHIM;;;2;;;;;;;;f;;;;;;;;;;;;;;;
760;14fd9cba-47e7-4c2e-9182-e4e78efe1869;;;;;771;1;;;;;;;;;3;;;;;;;;;;;;;;;;;;363.93000000;;50;;;;;0;;;;;;2026-08-24 14:03:40.555;FAHIM;;;4;;;;;;;;f;;;;;;;;;;;;;;;
320;af7b84a3-14b2-4d0d-a7ad-1dee8fabe7be;000100;-;;;330;;;;;2025-01-08 10:47:38;0;;0.0000;0.0000;3;0.0000;0.0000;0.0000;0.00000000000000000000;0.0000;0.0000;0.00000000000000000000;;;;;;2;;1.00000000;;;496.89450000;;281;;;;;0;;;;;;2025-01-08 10:47:38;;2025-08-25 18:04:18;;122;;;;;;;;;;;;;;;;;;;;;;;
560;ebd9a116-432f-4574-950d-273cbcbeac7b;;;;;571;1;;;;;;;;;3;;;;;;;;;;;;;;;;;;;;0;;;;;0;;;;;;2026-02-08 14:20:03.099;MASSY;;;;;;;;;;;f;;;;;;;;;;;;;;;
526;e65f5bdc-1b36-47b7-b487-568141dba220;STDEMONTABLE ;;;;537;1;;;;;;;;;1;;;;;;;;;;;;;;;;;;1413.45030000;;0;;;;;0;;;;;;2025-12-04 11:21:36.991;LINA;;;4;;;;;;;;f;;;;;;;;;;;;;;;
407;5dbb7cf0-c53b-45fd-a616-db5da64c6f3b;000187;-;;;418;;;;;2025-08-24 11:08:01;0;;0.0000;0.0000;3;0.0000;0.0000;0.0000;0.00000000000000000000;0.0000;0.0000;0.00000000000000000000;;;;;;;;1.00000000;;;243.16530000;;13;;;;;0;;;;;;2025-08-24 11:08:01;;2025-08-24 11:08:01;;8;;;;;;;;;;;;;;;;;;;;;;;
252;6d12cdbd-e494-4dd9-ab46-e3d40554b97e;000032;-;;;261;;;;;2024-01-12 18:30:56;0;;0.0000;0.0000;3;0.0000;0.0000;0.0000;0.00000000000000000000;0.0000;0.0000;0.00000000000000000000;;;;;;2;;1.00000000;;;925.00000000;;95;;;;;0;;;;;;2024-01-12 18:30:56;;2025-01-02 09:27:53;;4;;;;;;;;;;;;;;;;;;;;;;;
522;17bf8c2e-e51f-42a4-af1f-4a04eeb524ff;STBRONDE;;;;533;1;;;;;;;;;1;;;;;;;;;;;;;;;;;;1569.39250000;;0;;;;;0;;;;;;2025-12-02 16:26:12.245;admin;;;6;;;;;;;;f;;;;;;;;;;;;;;;
589;c20b9a05-799f-4bbb-bb73-30eff7e29283;;;;;600;1;;;;;;;;;3;;;;;;;;;;;;;;;;;;1.84870000;;500;;;;;0;;;;;;2026-03-05 10:34:09.34;FAHIM;;;5;;;;;;;;f;;;;;;;;;;;;;;;
273;016f87bd-48e6-4e27-b576-a8590c436ca4;000053;-;;;283;;;;;2025-01-02 13:54:49;0;;0.0000;0.0000;3;0.0000;0.0000;0.0000;0.00000000000000000000;0.0000;0.0000;0.00000000000000000000;;;;;;2;;1.00000000;;;1214.44930000;;0;;;;;0;;;;;;2025-01-02 13:54:49;;2025-08-25 15:36:52;;39;;;;;;;;;;;;;;;;;;;;;;;
415;ceaa1eba-87e7-44be-a714-a1f937caf0bd;000195;-;;;426;;;;;2025-08-25 16:27:54;0;;0.0000;0.0000;3;0.0000;0.0000;0.0000;0.00000000000000000000;0.0000;0.0000;0.00000000000000000000;;;;;;;;1.00000000;;;4500.00000000;;0;;;;;0;;;;;;2025-08-25 16:27:54;;2025-08-25 17:03:05;;;;;;;;;;;;;;;;;;;;;;;;;
317;3847f47f-099a-4972-98f7-fba9a2f2eb9d;000097;-;;;327;;;;;2025-01-07 20:22:23;0;;0.0000;0.0000;3;0.0000;0.0000;0.0000;0.00000000000000000000;0.0000;0.0000;0.00000000000000000000;;;;;;2;;1.00000000;;;1357.55450000;;26;;;;;0;;;;;;2025-01-07 20:22:23;;2025-08-30 11:29:41;;71;;;;;;;;;;;;;;;;;;;;;;;
682;dce5ceaa-f580-4c55-a419-59427ff88354;;;;;693;1;;;;;;;;;1;;;;;;;;;;;;;;;;;;4500.00000000;;2;;;;;0;;;;;;2026-06-14 10:43:52.842;FAHIM;;;2;;;;;;;;f;;;;;;;;;;;;;;;
564;f8cbd601-1ab4-4d4c-b7a9-206101f3a168;;;;;575;1;;;;;;;;;1;;;;;;;;;;;;;;;;;;167.31350000;;64;;;;;0;;;;;;2026-02-10 15:48:34.631;FAHIM;;;12;;;;;;;;f;;;;;;;;;;;;;;;
414;56b30cbf-84fe-43d6-8745-e879d48d302e;000194;-;;;425;;;;;2025-08-25 15:56:37;0;;0.0000;0.0000;3;0.0000;0.0000;0.0000;0.00000000000000000000;0.0000;0.0000;0.00000000000000000000;;;;;;;;1.00000000;;;4959.44500000;;0;;;;;0;;;;;;2025-08-25 15:56:37;;2025-08-25 16:08:39;;4;;;;;;;;;;;;;;;;;;;;;;;
591;f8c922ce-973f-4e76-a430-830b85fd4abe;;;;;602;1;;;;;;;;;1;;;;;;;;;;;;;;;;;;0.00000000;;1;;;;;0;;;;;;2026-03-10 09:23:32.187;FAHIM;;;2;;;;;;;;f;;;;;;;;;;;;;;;
576;826fe913-5647-4067-869c-5d5df4e0ec2e;RET MLM GLB ;;;;587;1;;;;;;;;;1;;;;;;;;;;;;;;;;;;9000.00000000;;0;;;;;0;;;;;;2026-02-14 14:02:59.868;MASSY;;;9;;;;;;;;f;;;;;;;;;;;;;;;
652;83e9a7f8-75d6-4e70-b781-828a6f5952c5;;;;;663;1;;;;;;;;;3;;;;;;;;;;;;;;;;;;9096.94190000;;260;;;;;0;;;;;;2026-05-19 12:08:30.899;FAHIM;;;38;;;;;;;;f;;;;;;;;;;;;;;;
436;7c09b33e-3dbb-4685-a1fd-16cdfa35335c;000216;-;;;447;;;;;2025-09-17 12:37:54;0;;0.0000;0.0000;1;0.0000;0.0000;0.0000;0.00000000000000000000;0.0000;0.0000;0.00000000000000000000;;;;;;;;1.00000000;;;960.56230000;;100;;;;;0;;;;;;2025-09-17 12:37:54;;2025-09-17 12:37:54;;4;;;;;;;;;;;;;;;;;;;;;;;
597;b2daf636-43be-4c00-813f-b8cbd9674afc;;;;;608;1;;;;;;;;;3;;;;;;;;;;;;;;;;;;0.00000000;;5;;;;;0;;;;;;2026-03-15 11:38:21.418;FAHIM;;;1;;;;;;;;f;;;;;;;;;;;;;;;
173;0fa331ce-ea08-4330-b479-a47447ef1ea7;;-;;;173;;;;;;0;;0.0000;0.0000;1;0.0000;0.0000;0.0000;0.00000000000000000000;0.0000;0.0000;0.00000000000000000000;1;;;;;2;;1.00000000;;;0.00000000;;0;;;;;0;;;;;;2024-01-06 14:19:53;;2025-01-02 09:27:53;;;;;;2;;;;;;;;;;;;;;;;;;;
725;865c26aa-9205-4a72-b807-da27adf3eed4;;;;;736;1;;;;;;;;;1;;;;;;;;;;;;;;;;;;6460.00000000;;0;;;;;0;;;;;;2026-07-19 16:08:06.968;FAHIM;;;3;;;;;;;;f;;;;;;;;;;;;;;;
22;f5adabef-eec6-4627-a76a-1c56a2aae81c;;-;;;22;;;;;;0;;0.0000;0.0000;1;0.0000;0.0000;0.0000;0.00000000000000000000;0.0000;0.0000;0.00000000000000000000;1;;;;;3;;1.00000000;;;2.34900000;;15250;;;;;0;;;;;;2024-01-06 14:19:34;;2025-01-13 17:16:22;;15;;;;2;;;;;;;;;;;;;;;;;;;
441;9b3ed953-176f-459e-ada2-494e0526d8df;000221;-;;;452;;;;;2025-09-20 13:02:30;0;;0.0000;0.0000;3;0.0000;0.0000;0.0000;0.00000000000000000000;0.0000;0.0000;0.00000000000000000000;;;;;;;;1.00000000;;;546.66520000;;31;;;;;0;;;;;;2025-09-20 13:02:30;;2025-09-20 13:02:30;;30;;;;;;;;;;;;;;;;;;;;;;;
373;60758f27-8da9-493e-9dd1-c419cae0e297;000153;-;;;384;;;;;2025-01-26 17:06:25;0;;0.0000;0.0000;3;0.0000;0.0000;0.0000;0.00000000000000000000;0.0000;0.0000;0.00000000000000000000;;;;;;2;;1.00000000;;;2602.64980000;;8;;;;;0;;;;;;2025-01-26 17:06:25;;2025-02-03 18:21:51;;37;;;;;;;;;;;;;;;;;;;;;;;
625;3c42f553-e275-4427-b70f-ff36b8627994;;;;;636;1;;;;;;;;;1;;;;;;;;;;;;;;;;;;8075.00000000;;0;;;;;0;;;;;;2026-04-13 09:59:54.999;FAHIM;;;29;;;;;;;;f;;;;;;;;;;;;;;;
734;b6403810-95e1-4a74-9a0d-fe85d6aad30b;;;;;745;1;;;;;;;;;1;;;;;;;;;;;;;;;;;;150.00000000;;10;;;;;0;;;;;;2026-07-29 08:43:14.025;FAHIM;;;1;;;;;;;;f;;;;;;;;;;;;;;;
736;be6402ab-e17d-4f54-9224-14ac18b8f005;;;;;747;1;;;;;;;;;1;;;;;;;;;;;;;;;;;;1000.00000000;;1;;;;;0;;;;;;2026-07-29 08:45:23.798;FAHIM;;;2;;;;;;;;f;;;;;;;;;;;;;;;
116;ae23b857-95bb-4450-93e0-3e1742c5ec71;;-;;;116;;;;;;0;;0.0000;0.0000;1;0.0000;0.0000;0.0000;0.00000000000000000000;0.0000;0.0000;0.00000000000000000000;1;;;;;1;;1.00000000;;;280.00000000;;0;;;;;0;;;;;;2024-01-06 14:19:46;;2025-01-05 16:12:43;;9;;;;2;;;;;;;;;;;;;;;;;;;
332;77ace594-136d-494c-9cb6-5cea575c396c;000112;-;;;342;;;;;2025-01-10 18:04:21;0;;0.0000;0.0000;3;0.0000;0.0000;0.0000;0.00000000000000000000;0.0000;0.0000;0.00000000000000000000;;;;;;2;;1.00000000;;;1400.00000000;;0;;;;;0;;;;;;2025-01-10 18:04:21;;2025-01-17 19:08:54;;;;;;;;;;;;;;;;;;;;;;;;;
121;a5de6c15-ae7b-4579-892e-b94378a07ff5;;-;;;121;;;;;;0;;0.0000;0.0000;1;0.0000;0.0000;0.0000;0.00000000000000000000;0.0000;0.0000;0.00000000000000000000;1;;;;;1;;1.00000000;;;500.00000000;;8;;;;;0;;;;;;2024-01-06 14:19:46;;2025-01-05 16:12:43;;3;;;;2;;;;;;;;;;;;;;;;;;;
139;1177cb9a-7793-4123-818f-a7b86387b142;;-;;;139;;;;;;0;;0.0000;0.0000;1;0.0000;0.0000;0.0000;0.00000000000000000000;0.0000;0.0000;0.00000000000000000000;1;;;;;1;;1.00000000;;;29.00000000;;0;;;;;0;;;;;;2024-01-06 14:19:49;;2025-01-05 16:12:43;;41;;;;2;;;;;;;;;;;;;;;;;;;
535;d72f60dc-1128-493c-9afe-4945c2ca4ac3;;;;;546;1;;;;;;;;;3;;;;;;;;;;;;;;;;;;2653.29000000;;0;;;;;0;;;;;;2025-12-14 18:04:55.9;MASSY;;;19;;;;;;;;f;;;;;;;;;;;;;;;
128;0ea01ac1-ef67-4691-a224-4bf700d24131;;-;;;128;;;;;;0;;0.0000;0.0000;1;0.0000;0.0000;0.0000;0.00000000000000000000;0.0000;0.0000;0.00000000000000000000;1;;;;;2;;1.00000000;;;8800.00000000;;1;;;;;0;;;;;;2024-01-06 14:19:47;;2024-01-06 15:35:21;;1;;;;2;;;;;;;;;;;;;;;;;;;
403;aa1e0d02-9794-4a73-8d01-db2825a2a08d;000183;-;;;414;;;;;2025-08-23 15:26:38;0;;0.0000;0.0000;3;0.0000;0.0000;0.0000;0.00000000000000000000;0.0000;0.0000;0.00000000000000000000;;;;;;;;1.00000000;;;663.50000000;;0;;;;;0;;;;;;2025-08-23 15:26:38;;2025-08-23 15:31:24;;;;;;;;;;;;;;;;;;;;;;;;;
624;547e0028-31ac-4958-84c4-9287c60480cb;;;;;635;1;;;;;;;;;1;;;;;;;;;;;;;;;;;;6175.00000000;;0;;;;;0;;;;;;2026-04-13 09:59:14.757;FAHIM;;;25;;;;;;;;f;;;;;;;;;;;;;;;
268;17686806-2314-431b-b47b-36747ab945f9;000048;-;;;278;;;;;2025-01-02 13:00:41;0;;0.0000;0.0000;3;0.0000;0.0000;0.0000;0.00000000000000000000;0.0000;0.0000;0.00000000000000000000;;;;;;2;;1.00000000;;;672.58520000;;98;;;;;0;;;;;;2025-01-02 13:00:41;;2025-08-24 12:52:07;;20;;;;;;;;;;;;;;;;;;;;;;;
703;fad8eafe-c6ed-4289-ac5d-d4b517ab16f3;;;;;714;1;;;;;;;;;1;;;;;;;;;;;;;;;;;;10500.00000000;;0;;;;;0;;;;;;2026-07-06 14:24:31.001;FAHIM;;;3;;;;;;;;f;;;;;;;;;;;;;;;
49;7d3ed9d2-82fe-4fbd-b13d-a551331ca395;;-;;;49;;;;;;0;;0.0000;0.0000;3;0.0000;0.0000;0.0000;0.00000000000000000000;0.0000;0.0000;0.00000000000000000000;1;;;;;2;;1.00000000;;;6448.03000000;;0;;;;;0;;;;;;2024-01-06 14:19:37;;2025-08-26 14:52:31;;9;;;;2;;;;;;;;;;;;;;;;;;;
279;340c8bb4-251b-4081-ac51-4167c7c0460d;000059;-;;;289;;;;;2025-01-02 14:30:09;0;;0.0000;0.0000;3;0.0000;0.0000;0.0000;0.00000000000000000000;0.0000;0.0000;0.00000000000000000000;;;;;;2;;1.00000000;;;1890.23120000;;62;;;;;0;;;;;;2025-01-02 14:30:09;;2025-08-10 18:19:43;;57;;;;;;;;;;;;;;;;;;;;;;;
419;0fb3a8b7-18d6-4f13-b136-530fb6ce67d5;000199;-;;;430;;;;;2025-08-26 13:21:48;0;;0.0000;0.0000;3;0.0000;0.0000;0.0000;0.00000000000000000000;0.0000;0.0000;0.00000000000000000000;;;;;;;;1.00000000;;;2941.18000000;;0;;;;;0;;;;;;2025-08-26 13:21:48;;2025-08-26 13:35:15;;;;;;;;;;;;;;;;;;;;;;;;;
459;f6b29265-4d0d-4536-b51f-5306d9482e4b;000239;-;;;470;;;;;2025-10-12 08:08:33;0;;0.0000;0.0000;1;0.0000;0.0000;0.0000;0.00000000000000000000;0.0000;0.0000;0.00000000000000000000;;;;;;;;1.00000000;;;2.94120000;;0;;;;;0;;;;;;2025-10-12 08:08:33;;2025-10-12 08:08:33;;17;;;;;;;;;;;;;;;;;;;;;;;
722;aa5185b1-e90d-46ad-aed9-a1ef835aafdd;;;;;733;1;;;;;;;;;1;;;;;;;;;;;;;;;;;;311.42860000;;7;;;;;0;;;;;;2026-07-16 16:09:38.002;FAHIM;;;4;;;;;;;;f;;;;;;;;;;;;;;;
771;5f592252-c00b-40d8-9783-87fcb5711a86;;;;;782;1;;;;;;;;;1;;;;;;;;;;;;;;;;;;9166.66670000;;6;;;;;0;;;;;;2026-08-30 14:46:39.336;FAHIM;;;3;;;;;;;;f;;;;;;;;;;;;;;;
509;9e4b1088-b43a-4d4f-9058-f89cf3ea148c;;;;;520;1;;;;;;;;;1;;;;;;;;;;;;;;;;;;0.00000000;;23;;;;;0;;;;;;2025-12-01 12:37:52.331;LINA;;;26;;;;;;;;f;;;;;;;;;;;;;;;
768;212034c9-0dab-4d9f-8a48-1d0e88a24b78;;;;;779;1;;;;;;;;;1;;;;;;;;;;;;;;;;;;550.00000000;;5;;;;;0;;;;;;2026-08-30 12:34:22.709;FAHIM;;;4;;;;;;;;f;;;;;;;;;;;;;;;
83;92c8574e-23f1-4838-8185-8f0b2c9b5a15;;-;;;83;;;;;;0;;0.0000;0.0000;3;0.0000;0.0000;0.0000;0.00000000000000000000;0.0000;0.0000;0.00000000000000000000;1;;;;;2;;1.00000000;;;1.00000000;;0;;;;;0;;;;;;2024-01-06 14:19:42;;2024-01-06 14:19:42;;;;;;2;;;;;;;;;;;;;;;;;;;
77;8bd98877-21d5-4061-adb6-1f59656ffa9d;;-;;;77;;;;;;0;;0.0000;0.0000;3;0.0000;0.0000;0.0000;0.00000000000000000000;0.0000;0.0000;0.00000000000000000000;1;;;;;2;;1.00000000;;;2200.00000000;;0;;;;;0;;;;;;2024-01-06 14:19:41;;2024-01-06 14:19:41;;;;;;2;;;;;;;;;;;;;;;;;;;
33;bb531240-81a7-4566-866f-fd0b6b5df5cd;;-;;;33;;;;;;0;;0.0000;0.0000;1;0.0000;0.0000;0.0000;0.00000000000000000000;0.0000;0.0000;0.00000000000000000000;1;;;;;2;;1.00000000;;;852.00000000;;0;;;;;0;;;;;;2024-01-06 14:19:35;;2024-01-06 15:35:21;;;;;;2;;;;;;;;;;;;;;;;;;;
210;716315c2-ae7f-42b1-b06c-bba33a7b37c8;;-;;;210;;;;;;0;;0.0000;0.0000;1;0.0000;0.0000;0.0000;0.00000000000000000000;0.0000;0.0000;0.00000000000000000000;1;;;;;2;;1.00000000;;;0.00000000;;0;;;;;0;;;;;;2024-01-06 14:19:58;;2024-01-06 15:35:20;;;;;;2;;;;;;;;;;;;;;;;;;;
550;79e0fbec-82a4-40df-a846-eb7f4a2f7144;CJPAD1.25;;;;561;1;;;;;;;;;1;;;;;;;;;;;;;;;;;;;;0;;;;;0;;;;;;2026-01-03 13:24:12.217;MASSY;;;;;;;;;;;f;;;;;;;;;;;;;;;
253;6f297746-a8b0-45d8-9b89-948c23d4ea3d;000033;-;;;263;;;;;2024-01-12 18:31:48;0;;0.0000;0.0000;3;0.0000;0.0000;0.0000;0.00000000000000000000;0.0000;0.0000;0.00000000000000000000;;;;;;2;;1.00000000;;;0.00000000;;0;;;;;0;;;;;;2024-01-12 18:31:48;;2025-01-02 09:27:53;;;;;;;;;;;;;;;;;;;;;;;;;
119;f3e64051-b05e-4ef7-ace6-ded349a18211;;-;;;119;;;;;;0;;0.0000;0.0000;1;0.0000;0.0000;0.0000;0.00000000000000000000;0.0000;0.0000;0.00000000000000000000;1;;;;;2;;1.00000000;;;0.00000000;;0;;;;;0;;;;;;2024-01-06 14:19:46;;2024-01-06 15:35:21;;;;;;2;;;;;;;;;;;;;;;;;;;
726;3f916844-ea50-407b-bc94-9703135cdd13;;;;;737;1;;;;;;;;;3;;;;;;;;;;;;;;;;;;1946.02630000;;27;;;;;0;;;;;;2026-07-20 13:34:43.502;MASSY;;;5;;;;;;;;f;;;;;;;;;;;;;;;
409;77ef7484-5083-4334-a5a8-eaffab0db807;000189;-;;;420;;;;;2025-08-25 13:47:49;0;;0.0000;0.0000;3;0.0000;0.0000;0.0000;0.00000000000000000000;0.0000;0.0000;0.00000000000000000000;;;;;;;;1.00000000;;;1322.82320000;;70;;;;;0;;;;;;2025-08-25 13:47:49;;2025-08-26 15:49:08;;38;;;;;;;;;;;;;;;;;;;;;;;
318;ee3be4d5-0806-40ce-9675-9fc1e4eed52a;000098;-;;;328;;;;;2025-01-07 20:34:25;0;;0.0000;0.0000;3;0.0000;0.0000;0.0000;0.00000000000000000000;0.0000;0.0000;0.00000000000000000000;;;;;;2;;1.00000000;;;2342.06000000;;10;;;;;0;;;;;;2025-01-07 20:34:25;;2025-08-24 13:49:45;;9;;;;;;;;;;;;;;;;;;;;;;;
626;ab51508f-9860-401a-a345-af25dbac1a57;;;;;637;1;;;;;;;;;3;;;;;;;;;;;;;;;;;;2968.56810000;;1;;;;;0;;;;;;2026-04-15 10:12:19.589;MASSY;;;2;;;;;;;;f;;;;;;;;;;;;;;;
689;4d1f8a67-f5e6-45b5-9718-a723717fb444;;;;;700;1;;;;;;;;;1;;;;;;;;;;;;;;;;;;2880.00000000;;22;;;;;0;;;;;;2026-06-17 14:24:50.601;FAHIM;;;1;;;;;;;;f;;;;;;;;;;;;;;;
312;4d4fd698-8532-4528-83d5-8aeb48b0c762;000092;-;;;322;;;;;2025-01-07 19:09:48;0;;0.0000;0.0000;3;0.0000;0.0000;0.0000;0.00000000000000000000;0.0000;0.0000;0.00000000000000000000;;;;;;2;;1.00000000;;;251.60010000;;1508;;;;;0;;;;;;2025-01-07 19:09:48;;2025-01-13 17:41:46;;97;;;;;;;;;;;;;;;;;;;;;;;
161;9ff8009a-20b9-495b-b89f-714bdccb6f09;;-;;;161;;;;;;0;;0.0000;0.0000;3;0.0000;0.0000;0.0000;0.00000000000000000000;0.0000;0.0000;0.00000000000000000000;1;;;;;2;;1.00000000;;;464.52880000;;1335;;;;;0;;;;;;2024-01-06 14:19:51;;2025-08-24 15:03:09;;85;;;;2;;;;;;;;;;;;;;;;;;;
32;97535abc-8fa9-47ef-8b53-afec440ed1c6;;-;;;32;;;;;;0;;0.0000;0.0000;1;0.0000;0.0000;0.0000;0.00000000000000000000;0.0000;0.0000;0.00000000000000000000;1;;;;;2;;1.00000000;;;783.18020000;;1473.1699999999998;;;;;0;;;;;;2024-01-06 14:19:35;;2025-08-28 17:02:24;;271;;;;2;;;;;;;;;;;;;;;;;;;
88;8c169685-788a-40bf-937c-36ef9d2a7c74;;-;;;88;;;;;;0;;0.0000;0.0000;3;0.0000;0.0000;0.0000;0.00000000000000000000;0.0000;0.0000;0.00000000000000000000;1;;;;;2;;1.00000000;;;2875.73410000;;2;;;;;0;;;;;;2024-01-06 14:19:42;;2025-08-23 15:44:12;;27;;;;2;;;;;;;;;;;;;;;;;;;
561;e9b761b8-4118-43fc-82f3-038c29f81928;;;;;572;1;;;;;;;;;1;;;;;;;;;;;;;;;;;;320.00000000;;100;;;;;0;;;;;;2026-02-10 15:41:41.544;FAHIM;;;1;;;;;;;;f;;;;;;;;;;;;;;;
447;23995dd5-3dfa-4142-9ae6-352ad8075c9e;000227;-;;;458;;;;;2025-10-04 14:56:14;0;;0.0000;0.0000;3;0.0000;0.0000;0.0000;0.00000000000000000000;0.0000;0.0000;0.00000000000000000000;;;;;;;;1.00000000;;;2100.00000000;;0;;;;;0;;;;;;2025-10-04 14:56:14;;2025-10-04 14:56:14;;4;;;;;;;;;;;;;;;;;;;;;;;
518;1ca2cc06-787c-488f-b5cd-9606bb07e91c;DG20;;;;529;1;;;;;;;;;1;;;;;;;;;;;;;;;;;;2351.16000000;;0;;;;;0;;;;;;2025-12-02 10:42:23.737;LINA;;;18;;;;;;;;f;;;;;;;;;;;;;;;
680;7abdc0a6-e810-47a1-8031-c4fb3e7e0396;;;;;691;1;;;;;;;;;1;;;;;;;;;;;;;;;;;;3000.00000000;;1;;;;;0;;;;;;2026-06-14 10:42:09.693;FAHIM;;;1;;;;;;;;f;;;;;;;;;;;;;;;
20;2ad0115d-1cc4-4123-b123-874e73f99fac;;-;;;20;;;;;;0;;0.0000;0.0000;1;0.0000;0.0000;0.0000;0.00000000000000000000;0.0000;0.0000;0.00000000000000000000;1;;;;;1;;1.00000000;;;7.00000000;;3353;;;;;0;;;;;;2024-01-06 14:19:34;;2025-08-26 15:15:36;;13;;;;2;;;;;;;;;;;;;;;;;;;
335;54ab4849-c24c-45be-8c82-8e32571b49c0;000115;-;;;345;;;;;2025-01-10 18:04:54;0;;0.0000;0.0000;3;0.0000;0.0000;0.0000;0.00000000000000000000;0.0000;0.0000;0.00000000000000000000;;;;;;2;;1.00000000;;;1700.00000000;;0;;;;;0;;;;;;2025-01-10 18:04:54;;2025-01-25 17:49:39;;;;;;;;;;;;;;;;;;;;;;;;;
646;f959623b-058b-4afa-aba4-cbf17e32cd8f;;;;;657;1;;;;;;;;;1;;;;;;;;;;;;;;;;;;40.83000000;;165;;;;;0;;;;;;2026-05-12 10:59:46.49;FAHIM;;;8;;;;;;;;f;;;;;;;;;;;;;;;
632;1a02f0ff-90af-448f-ab43-8720d62dde4e;;;;;643;1;;;;;;;;;1;;;;;;;;;;;;;;;;;;17.00000000;;1500;;;;;0;;;;;;2026-04-27 13:11:32.348;FAHIM;;;1;;;;;;;;f;;;;;;;;;;;;;;;
738;03d1dc83-c45d-430c-ace4-4603f53618cc;;;;;749;1;;;;;;;;;1;;;;;;;;;;;;;;;;;;2000.00000000;;15;;;;;0;;;;;;2026-08-03 09:55:30.629;FAHIM;;;1;;;;;;;;f;;;;;;;;;;;;;;;
348;7347b3be-e026-49bd-a0df-58fa2e5f743e;000128;-;;;358;;;;;2025-01-16 13:52:59;0;;0.0000;0.0000;3;0.0000;0.0000;0.0000;0.00000000000000000000;0.0000;0.0000;0.00000000000000000000;;;;;;2;;1.00000000;;;5.82000000;;500;;;;;0;;;;;;2025-01-16 13:52:59;;2025-08-27 15:34:47;;11;;;;;;;;;;;;;;;;;;;;;;;
674;54467ba8-a889-408a-8ab2-4558bffc8158;;;;;685;1;;;;;;;;;1;;;;;;;;;;;;;;;;;;18500.00000000;;0;;;;;0;;;;;;2026-06-07 15:49:26.679;FAHIM;;;5;;;;;;;;f;;;;;;;;;;;;;;;
500;f481a504-2abb-4b89-9be5-056d036ea966;;;;;511;1;;;;;;;;;3;;;;;;;;;;;;;;;;;;8191.34660000;;10;;;;;0;;;;;;2025-11-27 15:27:26.918;admin;;;11;;;;;;;;f;;;;;;;;;;;;;;;
653;dff35d49-1dda-43d7-828e-650b31f5cf54;CHBSTN;;;;664;1;;;;;;;;;3;;;;;;;;;;;;;;;;;;5300.00000000;;0;;;;;0;;;;;;2026-05-20 14:13:06.066;FAHIM;;;15;;;;;;;;f;;;;;;;;;;;;;;;
438;14064174-c068-48ae-b541-d5b0a8d75b80;000218;-;;;449;;;;;2025-09-20 12:19:47;0;;0.0000;0.0000;3;0.0000;0.0000;0.0000;0.00000000000000000000;0.0000;0.0000;0.00000000000000000000;;;;;;;;1.00000000;;;3005.32000000;;0;;;;;0;;;;;;2025-09-20 12:19:47;;2025-09-20 12:19:47;;;;;;;;;;;;;;;;;;;;;;;;;
602;e09dc5d4-d96d-4ce6-af9f-ea5c2cfcd435;;;;;613;1;;;;;;;;;3;;;;;;;;;;;;;;;;;;0.00000000;;0;;;;;0;;;;;;2026-03-25 12:58:42.662;MASSY;;;2;;;;;;;;f;;;;;;;;;;;;;;;
129;d156b13e-9656-423b-b638-933da2e1c80c;;-;;;129;;;;;;0;;0.0000;0.0000;1;0.0000;0.0000;0.0000;0.00000000000000000000;0.0000;0.0000;0.00000000000000000000;1;;;;;2;;1.00000000;;;130.00000000;;12;;;;;0;;;;;;2024-01-06 14:19:47;;2024-01-06 15:35:21;;2;;;;2;;;;;;;;;;;;;;;;;;;
450;6616d893-dec1-4838-82ce-6af049966218;000230;-;;;461;;;;;2025-10-04 15:38:38;0;;0.0000;0.0000;3;0.0000;0.0000;0.0000;0.00000000000000000000;0.0000;0.0000;0.00000000000000000000;;;;;;;;1.00000000;;;2285.18870000;;0;;;;;0;;;;;;2025-10-04 15:38:38;;2025-10-04 15:38:38;;4;;;;;;;;;;;;;;;;;;;;;;;
556;ad30636e-e0a6-493e-9f37-87b2d6cc27d8;TRM360 X140 BAROK;;;;567;1;;;;;;;;;3;;;;;;;;;;;;;;;;;;25661.55960000;;0;;;;;0;;;;;;2026-02-07 12:27:09.959;MASSY;;;2;;;;;;;;f;;;;;;;;;;;;;;;
400;834b91a4-0a03-46d2-bffe-148c080a6d73;000180;-;;;411;;;;;2025-08-14 09:41:23;0;;0.0000;0.0000;3;0.0000;0.0000;0.0000;0.00000000000000000000;0.0000;0.0000;0.00000000000000000000;;;;;;;;1.00000000;;;847.50000000;;0;;;;;0;;;;;;2025-08-14 09:41:23;;2025-08-25 13:43:50;;12;;;;;;;;;;;;;;;;;;;;;;;
178;ffc83fc0-ad55-4c58-bc94-02d15349a4c7;;-;;;178;;;;;;0;;0.0000;0.0000;1;0.0000;0.0000;0.0000;0.00000000000000000000;0.0000;0.0000;0.00000000000000000000;1;;;;;1;;1.00000000;;;5100.00000000;;5;;;;;0;;;;;;2024-01-06 14:19:53;;2025-01-22 19:33:06;;;;;;2;;;;;;;;;;;;;;;;;;;
658;de8ddca2-a5a5-4e3d-b42c-c4243e50b674;;;;;669;1;;;;;;;;;1;;;;;;;;;;;;;;;;;;900.00000000;;3;;;;;0;;;;;;2026-05-31 15:18:00.753;FAHIM;;;9;;;;;;;;f;;;;;;;;;;;;;;;
474;f7b0ae84-4d03-48f9-93b6-b029a9823833;;;;;485;1;;;;;;;;;3;;;;;;;;;;;;;;;;;;1932.47360000;;0;;;;;0;;;;;;2025-10-25 10:45:17.126;MASSY;;;2;;;;;;;;f;;;;;;;;;;;;;;;
648;0c5ea979-588a-4de2-9b4a-f22a4f5dc6d3;;;;;659;1;;;;;;;;;1;;;;;;;;;;;;;;;;;;850.00000000;;8;;;;;0;;;;;;2026-05-13 12:51:39.245;OULAID-B;;;6;;;;;;;;f;;;;;;;;;;;;;;;
270;475358a8-f413-4364-8810-d51b850bfffb;000050;-;;;280;;;;;2025-01-02 13:06:04;0;;0.0000;0.0000;3;0.0000;0.0000;0.0000;0.00000000000000000000;0.0000;0.0000;0.00000000000000000000;;;;;;2;;1.00000000;;;1435.95000000;;3;;;;;0;;;;;;2025-01-02 13:06:04;;2025-08-24 16:32:54;;;;;;;;;;;;;;;;;;;;;;;;;
343;6c1ed329-c5cb-4916-a0fe-60e88f56b2ca;000123;-;;;353;;;;;2025-01-16 12:35:26;0;;0.0000;0.0000;3;0.0000;0.0000;0.0000;0.00000000000000000000;0.0000;0.0000;0.00000000000000000000;;;;;;2;;1.00000000;;;5200.00000000;;0;;;;;0;;;;;;2025-01-16 12:35:26;;2025-01-20 10:50:37;;19;;;;;;;;;;;;;;;;;;;;;;;
40;3d687aaf-1e7a-4950-9a5e-14d9320d609d;;-;;;40;;;;;;0;;0.0000;0.0000;3;0.0000;0.0000;0.0000;0.00000000000000000000;0.0000;0.0000;0.00000000000000000000;1;;;;;2;;1.00000000;;;669.10270000;;111;;;;;0;;;;;;2024-01-06 14:19:36;;2025-08-25 13:37:19;;25;;;;2;;;;;;;;;;;;;;;;;;;
356;c8837461-3bdb-4d9b-ac30-7fb3200274d9;000136;-;;;366;;;;;2025-01-17 17:14:40;0;;0.0000;0.0000;3;0.0000;0.0000;0.0000;0.00000000000000000000;0.0000;0.0000;0.00000000000000000000;;;;;;2;;1.00000000;;;2000.00000000;;2;;;;;0;;;;;;2025-01-17 17:14:40;;2025-08-24 13:49:45;;5;;;;;;;;;;;;;;;;;;;;;;;
380;2d26bb6c-bd6d-4dae-8743-549abb9797c1;000160;-;;;391;;;;;2025-02-03 17:42:36;0;;0.0000;0.0000;3;0.0000;0.0000;0.0000;0.00000000000000000000;0.0000;0.0000;0.00000000000000000000;;;;;;;;1.00000000;;;3172.68000000;;0;;;;;0;;;;;;2025-02-03 17:42:36;;2025-08-23 15:40:10;;;;;;;;;;;;;;;;;;;;;;;;;
678;f0e388e0-7501-41c4-b35c-0d685759b315;;;;;689;1;;;;;;;;;1;;;;;;;;;;;;;;;;;;11800.00000000;;0;;;;;0;;;;;;2026-06-11 12:44:17.935;FAHIM;;;2;;;;;;;;f;;;;;;;;;;;;;;;
489;3f47bf98-3c44-4760-8595-bf93fbfd0b4c;;;;;500;1;;;;;;;;;3;;;;;;;;;;;;;;;;;;897.62560000;;0;;;;;0;;;;;;2025-11-13 16:14:16.375;admin;;;3;;;;;;;;f;;;;;;;;;;;;;;;
506;b83b11fb-9e44-4f30-9b01-486b6b83c14d;BUR160B;;;;517;1;;;;;;;;;1;;;;;;;;;;;;;;;;;;12500.00000000;;0;;;;;0;;;;;;2025-11-30 09:07:58.365;LINA;;;3;;;;;;;;f;;;;;;;;;;;;;;;
233;0aa38180-2824-41a3-b526-d1c9686543f9;000013;-;;;242;;;;;2024-01-07 16:16:32;0;;0.0000;0.0000;3;0.0000;0.0000;0.0000;0.00000000000000000000;0.0000;0.0000;0.00000000000000000000;;;;;;2;;1.00000000;;;1889.05910000;;55;;;;;0;;;;;;2024-01-07 16:16:32;;2025-08-24 14:47:10;;1;;;;;;;;;;;;;;;;;;;;;;;
673;66307fa0-d2a6-497f-b153-09d8bd04a161;;;;;684;1;;;;;;;;;1;;;;;;;;;;;;;;;;;;27075.00000000;;0;;;;;0;;;;;;2026-06-07 12:39:13.876;OULAID-B;;;5;;;;;;;;f;;;;;;;;;;;;;;;
112;31888be3-0238-4653-8477-8a9b8bbb371d;;-;;;112;;;;;;0;;0.0000;0.0000;1;0.0000;0.0000;0.0000;0.00000000000000000000;0.0000;0.0000;0.00000000000000000000;1;;;;;1;;1.00000000;;;265.00000000;;40;;;;;0;;;;;;2024-01-06 14:19:45;;2025-02-04 18:28:12;;1;;;;2;;;;;;;;;;;;;;;;;;;
296;b2834419-ae3a-496a-b2ab-f2c9ca982a82;000076;-;;;306;;;;;2025-01-04 13:42:43;0;;0.0000;0.0000;1;0.0000;0.0000;0.0000;0.00000000000000000000;0.0000;0.0000;0.00000000000000000000;;;;;;2;;1.00000000;;;887.35200000;;518;;;;;0;;;;;;2025-01-04 13:42:43;;2025-08-26 16:54:19;;70;;;;;;;;;;;;;;;;;;;;;;;
297;913cd570-8ce1-4996-8e79-459be8cc5c0c;000077;-;;;307;;;;;2025-01-04 13:43:15;0;;0.0000;0.0000;1;0.0000;0.0000;0.0000;0.00000000000000000000;0.0000;0.0000;0.00000000000000000000;;;;;;2;;1.00000000;;;637.89550000;;0.25;;;;;0;;;;;;2025-01-04 13:43:15;;2025-08-24 10:53:19;;123;;;;;;;;;;;;;;;;;;;;;;;
605;f74a36b8-c3a1-484b-9ab7-660a60402a06;;;;;616;1;;;;;;;;;3;;;;;;;;;;;;;;;;;;1671.31820000;;0;;;;;0;;;;;;2026-03-28 17:23:56.586;MASSY;;;4;;;;;;;;f;;;;;;;;;;;;;;;
120;ebf608fd-d649-4922-b1b8-60531011146b;;-;;;120;;;;;;0;;0.0000;0.0000;1;0.0000;0.0000;0.0000;0.00000000000000000000;0.0000;0.0000;0.00000000000000000000;1;;;;;1;;1.00000000;;;25.00000000;;0;;;;;0;;;;;;2024-01-06 14:19:46;;2025-01-05 16:12:43;;9;;;;2;;;;;;;;;;;;;;;;;;;
585;568c1cf9-eba2-435a-b22c-44344352d7d7;EMB2030;;;;596;1;;;;;;;;;3;;;;;;;;;;;;;;;;;;2.94120000;;200;;;;;0;;;;;;2026-02-28 10:52:40.018;MASSY;;;12;;;;;;;;f;;;;;;;;;;;;;;;
483;6df1d421-209b-434b-ab96-804b9402a470;CLAV5;;;;494;1;;;;;;;;;1;;;;;;;;;;;;;;;;;;48.98100000;;403;;;;;0;;;;;;2025-11-05 19:31:28.12;MASSY;;;27;;;;;;;;f;;;;;;;;;;;;;;;
482;c2b23207-58f7-4c21-94f3-6e94d3df2dc4;FER PLAT;;;;493;1;;;;;;;;;3;;;;;;;;;;;;;;;;;;891.10200000;;9.200010200000001;;;;;0;;;;;;2025-11-05 19:29:43.956;MASSY;;;18;;;;;;;;f;;;;;;;;;;;;;;;
479;2f8456fc-6568-479d-9a5b-3a6794957092;ECHALAA;;;;490;1;;;;;;;;;1;;;;;;;;;;;;;;;;;;3042.07200000;;35;;;;;0;;;;;;2025-11-05 19:20:22.771;MASSY;;;24;;;;;;;;f;;;;;;;;;;;;;;;
577;b1d3d9eb-f98e-4b85-818f-41d97c816720;RTR BUR SIMP;;;;588;1;;;;;;;;;1;;;;;;;;;;;;;;;;;;8075.00000000;;0;;;;;0;;;;;;2026-02-14 14:04:48.507;MASSY;;;24;;;;;;;;f;;;;;;;;;;;;;;;
613;0d1130f0-a2fa-4772-a724-87be919260cb;BDERC160PIED BOIS;;;;624;1;;;;;;;;;3;;;;;;;;;;;;;;;;;;9310.00000000;;0;;;;;0;;;;;;2026-04-04 11:00:09.668;MASSY;;;20;;;;;;;;f;;;;;;;;;;;;;;;
600;717bb334-f66c-4e0c-8731-a5cb50dfeae5;;;;;611;1;;;;;;;;;3;;;;;;;;;;;;;;;;;;1.68070000;;500;;;;;0;;;;;;2026-03-17 11:13:02.734;FAHIM;;;4;;;;;;;;f;;;;;;;;;;;;;;;
141;aea23d61-5b7e-4b86-bb64-f69b5bbac003;;-;;;141;;;;;;0;;0.0000;0.0000;1;0.0000;0.0000;0.0000;0.00000000000000000000;0.0000;0.0000;0.00000000000000000000;1;;;;;1;;1.00000000;;;124.29200000;;90;;;;;0;;;;;;2024-01-06 14:19:49;;2025-02-04 18:28:12;;4;;;;2;;;;;;;;;;;;;;;;;;;
638;2ecb57bc-bd58-4f5b-99f1-a78e2c8aa923;;;;;649;1;;;;;;;;;1;;;;;;;;;;;;;;;;;;2000.00000000;;1;;;;;0;;;;;;2026-05-04 08:59:22.497;FAHIM;;;1;;;;;;;;f;;;;;;;;;;;;;;;
59;4580d73b-e2b4-4f96-adec-5c5c731ac418;;-;;;59;;;;;;0;;0.0000;0.0000;3;0.0000;0.0000;0.0000;0.00000000000000000000;0.0000;0.0000;0.00000000000000000000;1;;;;;2;;1.00000000;;;2762.80000000;;0;;;;;0;;;;;;2024-01-06 14:19:39;;2025-02-03 17:13:34;;9;;;;2;;;;;;;;;;;;;;;;;;;
322;a3138eaa-6a49-43b6-816a-e24769a94242;000102;-;;;332;;;;;2025-01-08 11:12:39;0;;0.0000;0.0000;3;0.0000;0.0000;0.0000;0.00000000000000000000;0.0000;0.0000;0.00000000000000000000;;;;;;2;;1.00000000;;;1522.00000000;;0;;;;;0;;;;;;2025-01-08 11:12:39;;2025-08-17 14:03:21;;22;;;;;;;;;;;;;;;;;;;;;;;
115;221bf1e5-a92c-44f4-b7ec-f6cdf02728c4;;-;;;115;;;;;;0;;0.0000;0.0000;1;0.0000;0.0000;0.0000;0.00000000000000000000;0.0000;0.0000;0.00000000000000000000;1;;;;;2;;1.00000000;;;0.00000000;;20;;;;;0;;;;;;2024-01-06 14:19:46;;2024-01-06 15:35:21;;1;;;;2;;;;;;;;;;;;;;;;;;;
466;2490616f-a9c8-41e1-80a6-46c240f710c3;;;;;477;1;;;;;;;;;3;;;;;;;;;;;;;;;;;;0.02400000;;65;;;;;0;;;;;;2025-10-19 15:17:31.793;FAHIM;;;22;;;;;;;;f;;;;;;;;;;;;;;;
301;de0be9d0-7718-4737-ab8c-f9639bae5619;000081;-;;;311;;;;;2025-01-04 13:48:52;0;;0.0000;0.0000;1;0.0000;0.0000;0.0000;0.00000000000000000000;0.0000;0.0000;0.00000000000000000000;;;;;;1;;1.00000000;;;450.00000000;;14;;;;;0;;;;;;2025-01-04 13:48:52;;2025-01-05 16:12:43;;8;;;;;;;;;;;;;;;;;;;;;;;
706;f9425f1c-407e-4dd1-80ea-7962d1e9cd14;;;;;717;1;;;;;;;;;3;;;;;;;;;;;;;;;;;;3513.13950000;;4;;;;;0;;;;;;2026-07-08 13:03:30.982;MASSY;;;3;;;;;;;;f;;;;;;;;;;;;;;;
294;399c74e2-7c6f-494b-bfbe-da70bd167fc4;000074;-;;;304;;;;;2025-01-04 13:40:29;0;;0.0000;0.0000;1;0.0000;0.0000;0.0000;0.00000000000000000000;0.0000;0.0000;0.00000000000000000000;;;;;;1;;1.00000000;;;9050.00000000;;2;;;;;0;;;;;;2025-01-04 13:40:29;;2025-01-13 17:02:08;;;;;;;;;;;;;;;;;;;;;;;;;
113;8eac648a-1510-4085-a628-fab92f5de588;;-;;;113;;;;;;0;;0.0000;0.0000;1;0.0000;0.0000;0.0000;0.00000000000000000000;0.0000;0.0000;0.00000000000000000000;1;;;;;2;;1.00000000;;;25.00000000;;610;;;;;0;;;;;;2024-01-06 14:19:45;;2025-01-13 17:05:21;;;;;;2;;;;;;;;;;;;;;;;;;;
289;77f1cac4-7320-4cc7-af31-6b2c4706c6d5;000069;-;;;299;;;;;2025-01-03 16:17:02;0;;0.0000;0.0000;3;0.0000;0.0000;0.0000;0.00000000000000000000;0.0000;0.0000;0.00000000000000000000;;;;;;2;;1.00000000;;;1510.85000000;;0;;;;;0;;;;;;2025-01-03 16:17:02;;2025-08-24 13:20:26;;5;;;;;;;;;;;;;;;;;;;;;;;
465;3232cb8b-6248-4015-a172-53b11c9484da;;;;;476;1;;;;;;;;;3;;;;;;;;;;;;;;;;;;310.27000000;;43;;;;;0;;;;;;2025-10-18 16:35:13.332;admin;;;3;;;;;;;;f;;;;;;;;;;;;;;;
553;8f629514-75c3-493d-b48a-ce1b9a7ade0e;PL180140;;;;564;1;;;;;;;;;1;;;;;;;;;;;;;;;;;;8950.00000000;;0;;;;;0;;;;;;2026-02-05 09:44:42.32;FAHIM;;;6;;;;;;;;f;;;;;;;;;;;;;;;
579;ad3693e2-fc5c-4e61-b2a3-2efde9093ac3;;;;;590;1;;;;;;;;;1;;;;;;;;;;;;;;;;;;900.00000000;;0;;;;;0;;;;;;2026-02-15 17:31:25.895;MASSY;;;11;;;;;;;;f;;;;;;;;;;;;;;;
598;a2a41525-0641-4127-8e5a-e1aafebd53c9;;;;;609;1;;;;;;;;;1;;;;;;;;;;;;;;;;;;7800.00000000;;10;;;;;0;;;;;;2026-03-15 12:46:08.749;FAHIM;;;4;;;;;;;;f;;;;;;;;;;;;;;;
76;65e7550c-5c07-4bfc-8d99-f42070c9a803;;-;;;76;;;;;;0;;0.0000;0.0000;3;0.0000;0.0000;0.0000;0.00000000000000000000;0.0000;0.0000;0.00000000000000000000;1;;;;;2;;1.00000000;;;2638.71000000;;14;;;;;0;;;;;;2024-01-06 14:19:41;;2025-01-02 19:00:14;;26;;;;2;;;;;;;;;;;;;;;;;;;
410;b81d51ed-b1ac-4166-9a31-3e4eda06de2d;000190;-;;;421;;;;;2025-08-25 14:02:26;0;;0.0000;0.0000;3;0.0000;0.0000;0.0000;0.00000000000000000000;0.0000;0.0000;0.00000000000000000000;;;;;;;;1.00000000;;;3139.37000000;;0;;;;;0;;;;;;2025-08-25 14:02:26;;2025-08-25 14:23:56;;;;;;;;;;;;;;;;;;;;;;;;;
557;2730b139-514f-44ee-b74a-005dd57f7963;;;;;568;1;;;;;;;;;3;;;;;;;;;;;;;;;;;;2941.17650000;;0;;;;;0;;;;;;2026-02-07 13:03:51.91;MASSY;;;4;;;;;;;;f;;;;;;;;;;;;;;;
325;1e0b5fb0-d0e7-42cc-969e-c1c7b2cd1e62;000105;-;;;335;0;f;;;2025-01-08 16:26:27;0;0;0.0000;0.0000;3;0.0000;0.0000;0.0000;0.00000000000000000000;0.0000;0.0000;0.00000000000000000000;;;;;;1;;1.00000000;0.00000000;;1.00000000;0;0;0;0;0;0;1;;;f;;;2025-01-08 16:26:27;;2026-02-22 13:47:39.025903;FAHIM;13;0.0000;0.0000;;;0;;1;f;;0;0.00000000;0;;0;0.00000000;f;0.0000;0.0000;0.0000;0.0000;0.0000;"";""
417;551e624b-ff4f-4c55-83c3-9598663e4bbf;000197;-;;;428;;;;;2025-08-25 16:34:28;0;;0.0000;0.0000;3;0.0000;0.0000;0.0000;0.00000000000000000000;0.0000;0.0000;0.00000000000000000000;;;;;;;;1.00000000;;;10084.53000000;;0;;;;;0;;;;;;2025-08-25 16:34:28;;2025-08-25 17:03:53;;;;;;;;;;;;;;;;;;;;;;;;;
453;b3865ad5-c9d3-4b58-9955-e2c3f7fa5811;000233;-;;;464;;;;;2025-10-10 11:24:21;0;;0.0000;0.0000;3;0.0000;0.0000;0.0000;0.00000000000000000000;0.0000;0.0000;0.00000000000000000000;;;;;;;;1.00000000;;;2972.43000000;;4;;;;;0;;;;;;2025-10-10 11:24:21;;2025-10-10 11:24:21;;4;;;;;;;;;;;;;;;;;;;;;;;
688;0b953f1f-5209-4129-9f52-b7f96a10291d;;;;;699;1;;;;;;;;;1;;;;;;;;;;;;;;;;;;0.00000000;;205;;;;;0;;;;;;2026-06-17 13:40:33.657;FAHIM;;;1;;;;;;;;f;;;;;;;;;;;;;;;
64;99b25692-e4e6-42a1-af1c-174fd0723dba;;-;;;64;;;;;;0;;0.0000;0.0000;3;0.0000;0.0000;0.0000;0.00000000000000000000;0.0000;0.0000;0.00000000000000000000;1;;;;;2;;1.00000000;;;6321.02290000;;0;;;;;0;;;;;;2024-01-06 14:19:39;;2024-01-06 14:19:39;;2;;;;2;;;;;;;;;;;;;;;;;;;
642;deda4962-e625-4965-bb2f-7f183d39c309;;;;;653;1;;;;;;;;;1;;;;;;;;;;;;;;;;;;800.00000000;;30;;;;;0;;;;;;2026-05-10 11:03:33.784;OULAID-B;;;3;;;;;;;;f;;;;;;;;;;;;;;;
530;33c9447d-c016-4e3f-9aae-bcc37e2d98be;;;;;541;1;;;;;;;;;3;;;;;;;;;;;;;;;;;;3398.38250000;;0;;;;;0;;;;;;2025-12-08 16:19:24.354;MASSY;;;13;;;;;;;;f;;;;;;;;;;;;;;;
85;fcb4be97-558e-4be6-987d-e121937ea75d;;-;;;85;;;;;;0;;0.0000;0.0000;3;0.0000;0.0000;0.0000;0.00000000000000000000;0.0000;0.0000;0.00000000000000000000;1;;;;;2;;1.00000000;;;322.71750000;;65;;;;;0;;;;;;2024-01-06 14:19:42;;2025-08-25 16:15:54;;34;;;;2;;;;;;;;;;;;;;;;;;;
65;ae420b99-f126-4740-90b0-abb20b26c117;;-;;;65;;;;;;0;;0.0000;0.0000;3;0.0000;0.0000;0.0000;0.00000000000000000000;0.0000;0.0000;0.00000000000000000000;1;;;;;2;;1.00000000;;;1562.63210000;;7;;;;;0;;;;;;2024-01-06 14:19:39;;2025-02-04 17:57:52;;16;;;;2;;;;;;;;;;;;;;;;;;;
431;3ddf291a-f3b2-4c95-8f26-f2fd5f453ad3;000211;-;;;442;;;;;2025-09-10 10:28:08;0;;0.0000;0.0000;1;0.0000;0.0000;0.0000;0.00000000000000000000;0.0000;0.0000;0.00000000000000000000;;;;;;;;1.00000000;;;5200.00000000;;0;;;;;0;;;;;;2025-09-10 10:28:08;;2025-09-10 10:28:08;;22;;;;;;;;;;;;;;;;;;;;;;;
125;4b07c70c-71c3-4909-b2b6-b87733056910;;-;;;125;;;;;;0;;0.0000;0.0000;1;0.0000;0.0000;0.0000;0.00000000000000000000;0.0000;0.0000;0.00000000000000000000;1;;;;;2;;1.00000000;;;270.00000000;;0;;;;;0;;;;;;2024-01-06 14:19:47;;2025-01-05 16:12:43;;9;;;;2;;;;;;;;;;;;;;;;;;;
328;e6575c2b-70be-4330-b994-3e31500fc021;000108;-;;;338;;;;;2025-01-10 12:36:29;0;;0.0000;0.0000;1;0.0000;0.0000;0.0000;0.00000000000000000000;0.0000;0.0000;0.00000000000000000000;;;;;;3;;1.00000000;;;649.64000000;;0;;;;;0;;;;;;2025-01-10 12:36:29;;2025-08-28 14:54:23;;;;;;;;;;;;;;;;;;;;;;;;;
194;47a7f0d8-0578-4156-8ff7-d97a0c1d9ec8;;-;;;194;;;;;;0;;0.0000;0.0000;1;0.0000;0.0000;0.0000;0.00000000000000000000;0.0000;0.0000;0.00000000000000000000;1;;;;;1;;1.00000000;;;2650.00000000;;0;;;;;0;;;;;;2024-01-06 14:19:55;;2025-01-13 17:02:08;;1;;;;2;;;;;;;;;;;;;;;;;;;
354;f57e9e7c-27e8-4574-8b73-11be580b96bb;000134;-;;;364;;;;;2025-01-17 16:19:36;0;;0.0000;0.0000;3;0.0000;0.0000;0.0000;0.00000000000000000000;0.0000;0.0000;0.00000000000000000000;;;;;;2;;1.00000000;;;5549.39700000;;10;;;;;0;;;;;;2025-01-17 16:19:36;;2025-08-26 13:55:39;;4;;;;;;;;;;;;;;;;;;;;;;;
701;0b02148f-0a90-4bc9-b72e-386bf9a63540;;;;;712;1;;;;;;;;;3;;;;;;;;;;;;;;;;;;9500.00000000;;3;;;;;0;;;;;;2026-07-06 14:21:30.027;FAHIM;;;1;;;;;;;;f;;;;;;;;;;;;;;;
683;06d6e19f-4ac8-4ab9-bc7b-ee62d02c162a;;;;;694;1;;;;;;;;;1;;;;;;;;;;;;;;;;;;7333.33330000;;3;;;;;0;;;;;;2026-06-14 11:02:56.057;FAHIM;;;4;;;;;;;;f;;;;;;;;;;;;;;;
607;4a125ec3-4b9f-49e8-adf3-87a7a112b4b6;;;;;618;1;;;;;;;;;3;;;;;;;;;;;;;;;;;;1500.00000000;;0;;;;;0;;;;;;2026-04-01 15:31:58.537;FAHIM;;;2;;;;;;;;f;;;;;;;;;;;;;;;
127;8a1dcb59-b9bd-4cd5-ba61-7f3bafdfb47d;;-;;;127;;;;;;0;;0.0000;0.0000;1;0.0000;0.0000;0.0000;0.00000000000000000000;0.0000;0.0000;0.00000000000000000000;1;;;;;1;;1.00000000;;;270.00000000;;114;;;;;0;;;;;;2024-01-06 14:19:47;;2025-01-05 16:12:43;;7;;;;2;;;;;;;;;;;;;;;;;;;
510;9cd8e043-f988-4f6b-89bc-305851dfdc5e;DCANADA;;;;521;1;;;;;;;;;1;;;;;;;;;;;;;;;;;;4235.73950000;;1;;;;;0;;;;;;2025-12-01 12:44:10.934;LINA;;;5;;;;;;;;f;;;;;;;;;;;;;;;
716;e836ca5e-14c5-424a-91d6-c8188b38ba64;TA6040M115;;;;727;1;;;;;;;;;3;;;;;;;;;;;;;;;;;;2023.86570000;;1;;;;;0;;;;;;2026-07-15 14:50:05.411;FAHIM;;;9;;;;;;;;f;;;;;;;;;;;;;;;
449;1b619f28-bc65-44b8-8428-83ac403ea934;000229;-;;;460;;;;;2025-10-04 15:18:47;0;;0.0000;0.0000;3;0.0000;0.0000;0.0000;0.00000000000000000000;0.0000;0.0000;0.00000000000000000000;;;;;;;;1.00000000;;;4838.74000000;;0;;;;;0;;;;;;2025-10-04 15:18:47;;2025-10-04 15:18:47;;;;;;;;;;;;;;;;;;;;;;;;;
211;85024ccd-49ea-4e6b-a142-ecda1e80eda7;;-;;;211;;;;;;0;;0.0000;0.0000;1;0.0000;0.0000;0.0000;0.00000000000000000000;0.0000;0.0000;0.00000000000000000000;1;;;;;1;;1.00000000;;;1400.00000000;;3;;;;;0;;;;;;2024-01-06 14:19:58;;2025-01-13 17:02:08;;6;;;;2;;;;;;;;;;;;;;;;;;;
219;16caab27-b041-45b3-8bd8-1611d0075963;;-;;;219;;;;;;0;;0.0000;0.0000;1;0.0000;0.0000;0.0000;0.00000000000000000000;0.0000;0.0000;0.00000000000000000000;1;;;;;1;;1.00000000;;;776.21360000;;99;;;;;0;;;;;;2024-01-06 14:19:59;;2025-01-13 17:02:08;;8;;;;2;;;;;;;;;;;;;;;;;;;
334;b0fb63fd-f224-43f6-ae91-4919d645ac6d;000114;-;;;344;;;;;2025-01-10 18:04:54;0;;0.0000;0.0000;3;0.0000;0.0000;0.0000;0.00000000000000000000;0.0000;0.0000;0.00000000000000000000;;;;;;2;;1.00000000;;;1300.00000000;;0;;;;;0;;;;;;2025-01-10 18:04:54;;2025-01-25 17:49:39;;;;;;;;;;;;;;;;;;;;;;;;;
615;3f84b6a8-5760-403a-a32c-d9b1f21ecd42;BUR 1.60 D PLT;;;;626;1;;;;;;;;;3;;;;;;;;;;;;;;;;;;18715.00000000;;0;;;;;0;;;;;;2026-04-07 11:00:34.498;MASSY;;;8;;;;;;;;f;;;;;;;;;;;;;;;
569;321015bf-7c8b-4493-8d1a-bbabfe622ba5;;;;;580;1;;;;;;;;;1;;;;;;;;;;;;;;;;;;3200.00000000;;145;;;;;0;;;;;;2026-02-11 10:38:25.639;FAHIM;;;15;;;;;;;;f;;;;;;;;;;;;;;;
269;3683117f-c184-42d5-9de2-f7144f2e3acf;000049;-;;;279;;;;;2025-01-02 13:03:51;0;;0.0000;0.0000;3;0.0000;0.0000;0.0000;0.00000000000000000000;0.0000;0.0000;0.00000000000000000000;;;;;;2;;1.00000000;;;2240.60350000;;0;;;;;0;;;;;;2025-01-02 13:03:51;;2025-08-24 16:32:54;;17;;;;;;;;;;;;;;;;;;;;;;;
21;4bc509c1-3741-4cda-8805-86e47e32ab66;;-;;;21;;;;;;0;;0.0000;0.0000;1;0.0000;0.0000;0.0000;0.00000000000000000000;0.0000;0.0000;0.00000000000000000000;1;;;;;2;;1.00000000;;;44.87220000;;2590;;;;;0;;;;;;2024-01-06 14:19:34;;2025-08-27 16:11:04;;8;;;;2;;;;;;;;;;;;;;;;;;;
657;ff701758-008c-4815-8139-f5f53dc4b294;;;;;668;1;;;;;;;;;1;;;;;;;;;;;;;;;;;;13000.00000000;;1;;;;;0;;;;;;2026-05-24 11:12:29.654;FAHIM;;;2;;;;;;;;f;;;;;;;;;;;;;;;
713;e9978dad-8c28-41b8-9732-02f1847385ea;;;;;724;1;;;;;;;;;1;;;;;;;;;;;;;;;;;;4.00000000;;100;;;;;0;;;;;;2026-07-13 10:57:15.285;FAHIM;;;4;;;;;;;;f;;;;;;;;;;;;;;;
622;7b6ad398-8bb3-4a08-9ff9-f79b38789af3;;;;;633;1;;;;;;;;;3;;;;;;;;;;;;;;;;;;1492.17000000;;54;;;;;0;;;;;;2026-04-09 14:13:19.484;FAHIM;;;3;;;;;;;;f;;;;;;;;;;;;;;;
627;a0fe4b19-a389-4bd6-9207-fb5d24848028;;;;;638;1;;;;;;;;;3;;;;;;;;;;;;;;;;;;10500.00000000;;0;;;;;0;;;;;;2026-04-20 15:57:10.895;MASSY;;;2;;;;;;;;f;;;;;;;;;;;;;;;
288;27ab6f93-7f28-4de5-a929-91cf116edc51;000068;-;;;298;;;;;2025-01-03 16:08:37;0;;0.0000;0.0000;3;0.0000;0.0000;0.0000;0.00000000000000000000;0.0000;0.0000;0.00000000000000000000;;;;;;2;;1.00000000;;;2222.23000000;;0;;;;;0;;;;;;2025-01-03 16:08:37;;2025-02-03 17:13:34;;14;;;;;;;;;;;;;;;;;;;;;;;
420;3c2663a5-b851-43f4-bc86-4af9d59922d0;000200;-;;;431;;;;;2025-08-26 13:39:45;0;;0.0000;0.0000;3;0.0000;0.0000;0.0000;0.00000000000000000000;0.0000;0.0000;0.00000000000000000000;;;;;;;;1.00000000;;;10103.36000000;;0;;;;;0;;;;;;2025-08-26 13:39:45;;2025-08-26 14:00:28;;;;;;;;;;;;;;;;;;;;;;;;;
150;bc626374-a7f5-44f1-a775-3513ebc53892;;-;;;150;;;;;;0;;0.0000;0.0000;1;0.0000;0.0000;0.0000;0.00000000000000000000;0.0000;0.0000;0.00000000000000000000;1;;;;;1;;1.00000000;;;15.50000000;;0;;;;;0;;;;;;2024-01-06 14:19:50;;2025-08-23 09:32:35;;9;;;;2;;;;;;;;;;;;;;;;;;;
274;8db9e4ff-3839-4c15-9dad-de7a3be8caf6;000054;-;;;284;;;;;2025-01-02 14:00:05;0;;0.0000;0.0000;3;0.0000;0.0000;0.0000;0.00000000000000000000;0.0000;0.0000;0.00000000000000000000;;;;;;2;;1.00000000;;;1800.00000000;;0;;;;;0;;;;;;2025-01-02 14:00:05;;2025-08-17 16:36:23;;25;;;;;;;;;;;;;;;;;;;;;;;
662;ba60cd9b-a6ab-4a77-9881-651423da01a8;;;;;673;1;;;;;;;;;1;;;;;;;;;;;;;;;;;;250.00000000;;90;;;;;0;;;;;;2026-06-01 15:14:08.273;FAHIM;;;1;;;;;;;;f;;;;;;;;;;;;;;;
308;7a9f510d-cc7f-48bf-8723-5b36f1dca1d0;000088;-;;;318;;;;;2025-01-04 14:07:12;0;;0.0000;0.0000;1;0.0000;0.0000;0.0000;0.00000000000000000000;0.0000;0.0000;0.00000000000000000000;;;;;;2;;1.00000000;;;27.50000000;;120;;;;;0;;;;;;2025-01-04 14:07:12;;2025-01-04 14:07:12;;1;;;;;;;;;;;;;;;;;;;;;;;
737;500630c8-84b0-4fbb-96ba-4178f3e31463;;;;;748;1;;;;;;;;;3;;;;;;;;;;;;;;;;;;269000.00000000;;1;;;;;0;;;;;;2026-08-02 15:53:02.074;FAHIM;;;1;;;;;;;;f;;;;;;;;;;;;;;;
133;b857246b-1286-4f46-8bed-01fc7e4de3b6;;-;;;133;;;;;;0;;0.0000;0.0000;1;0.0000;0.0000;0.0000;0.00000000000000000000;0.0000;0.0000;0.00000000000000000000;1;;;;;2;;1.00000000;;;5000.00000000;;9;;;;;0;;;;;;2024-01-06 14:19:48;;2025-01-05 16:12:43;;9;;;;2;;;;;;;;;;;;;;;;;;;
603;9d962cac-335a-4859-873c-2dadd684f53f;;;;;614;1;;;;;;;;;3;;;;;;;;;;;;;;;;;;1652.82410000;;0;;;;;0;;;;;;2026-03-25 13:00:43.969;MASSY;;;2;;;;;;;;f;;;;;;;;;;;;;;;
117;e702ecb5-a9c0-4bdf-9c02-7c233bd898b6;;-;;;117;;;;;;0;;0.0000;0.0000;1;0.0000;0.0000;0.0000;0.00000000000000000000;0.0000;0.0000;0.00000000000000000000;1;;;;;2;;1.00000000;;;15.00000000;;2045;;;;;0;;;;;;2024-01-06 14:19:46;;2025-08-26 14:45:15;;6;;;;2;;;;;;;;;;;;;;;;;;;
208;a11dfb80-2c41-4118-b60a-d28fe7f441df;;-;;;208;;;;;;0;;0.0000;0.0000;1;0.0000;0.0000;0.0000;0.00000000000000000000;0.0000;0.0000;0.00000000000000000000;1;;;;;1;;1.00000000;;;522.77420000;;171.25;;;;;0;;;;;;2024-01-06 14:19:57;;2025-01-13 17:02:08;;11;;;;2;;;;;;;;;;;;;;;;;;;
366;17ba46ea-d785-46e2-95a0-34e661b7dbf8;000146;-;;;377;;;;;2025-01-22 13:19:50;0;;0.0000;0.0000;3;0.0000;0.0000;0.0000;0.00000000000000000000;0.0000;0.0000;0.00000000000000000000;;;;;;2;;1.00000000;;;860.66000000;;30;;;;;0;;;;;;2025-01-22 13:19:50;;2025-08-24 15:03:23;;26;;;;;;;;;;;;;;;;;;;;;;;
741;343ba486-716a-4b7f-a809-d65ddd8e815a;;;;;752;1;;;;;;;;;1;;;;;;;;;;;;;;;;;;197000.00000000;;1;;;;;0;;;;;;2026-08-04 16:07:40.296;FAHIM;;;1;;;;;;;;f;;;;;;;;;;;;;;;
599;72769930-7293-466a-9412-8c9f30f4eded;TCB;;;;610;1;;;;;;;;;3;;;;;;;;;;;;;;;;;;9650.00000000;;2;;;;;0;;;;;;2026-03-15 12:53:27.235;FAHIM;;;4;;;;;;;;f;;;;;;;;;;;;;;;
531;460c5633-99c7-41a0-ad88-4742aaf1b50d;S228;;;;542;1;;;;;;;;;1;;;;;;;;;;;;;;;;;;2200.00000000;;0;;;;;0;;;;;;2025-12-10 08:22:37.906;admin;;;3;;;;;;;;f;;;;;;;;;;;;;;;
559;fd0c62c8-8ac9-433c-bd45-fe4226a09e98;;;;;570;1;;;;;;;;;3;;;;;;;;;;;;;;;;;;9768.02150000;;0;;;;;0;;;;;;2026-02-07 13:19:52.064;MASSY;;;2;;;;;;;;f;;;;;;;;;;;;;;;
541;0d21c28a-6430-4fa5-bf3a-051fb2a36e36;;;;;552;1;;;;;;;;;1;;;;;;;;;;;;;;;;;;49000.00000000;;0;;;;;0;;;;;;2025-12-21 12:45:28.004;FAHIM;;;4;;;;;;;;f;;;;;;;;;;;;;;;
604;24f85a06-d414-4e39-9381-b254dd306530;;;;;615;1;;;;;;;;;3;;;;;;;;;;;;;;;;;;1540.87290000;;1;;;;;0;;;;;;2026-03-28 17:23:56.581;MASSY;;;2;;;;;;;;f;;;;;;;;;;;;;;;
122;f1fc8718-1b3f-4418-946a-27872faeb1e2;;-;;;122;;;;;;0;;0.0000;0.0000;1;0.0000;0.0000;0.0000;0.00000000000000000000;0.0000;0.0000;0.00000000000000000000;1;;;;;1;;1.00000000;;;350.00000000;;0;;;;;0;;;;;;2024-01-06 14:19:46;;2025-01-05 16:12:43;;9;;;;2;;;;;;;;;;;;;;;;;;;
619;1d59d308-58f1-4963-b80e-b569b8dd7d87;;;;;630;1;;;;;;;;;1;;;;;;;;;;;;;;;;;;13500.00000000;;3;;;;;0;;;;;;2026-04-07 11:32:19.654;FAHIM;;;2;;;;;;;;f;;;;;;;;;;;;;;;
445;1d8aeb47-8f46-46aa-b989-c539896a82b3;000225;-;;;456;;;;;2025-09-28 14:57:48;0;;0.0000;0.0000;1;0.0000;0.0000;0.0000;0.00000000000000000000;0.0000;0.0000;0.00000000000000000000;;;;;;;;1.00000000;;;1467.34000000;;0;;;;;0;;;;;;2025-09-28 14:57:48;;2025-09-28 14:57:48;;;;;;;;;;;;;;;;;;;;;;;;;
136;02d313fc-bd57-4d12-beeb-ec21f1f7d365;;-;;;136;;;;;;0;;0.0000;0.0000;1;0.0000;0.0000;0.0000;0.00000000000000000000;0.0000;0.0000;0.00000000000000000000;1;;;;;2;;1.00000000;;;180.00000000;;0;;;;;0;;;;;;2024-01-06 14:19:48;;2025-08-24 15:03:09;;59;;;;2;;;;;;;;;;;;;;;;;;;
143;e9bb442f-3f78-497d-addd-2d7c9dae9e54;;-;;;143;;;;;;0;;0.0000;0.0000;1;0.0000;0.0000;0.0000;0.00000000000000000000;0.0000;0.0000;0.00000000000000000000;1;;;;;2;;1.00000000;;;3.96760000;;0;;;;;0;;;;;;2024-01-06 14:19:49;;2025-08-24 15:03:09;;82;;;;2;;;;;;;;;;;;;;;;;;;
486;c41b3945-5232-457e-894d-f34eab72e9bb;CJP200;;;;497;1;;;;;;;;;1;;;;;;;;;;;;;;;;;;801.48510000;;0;;;;;0;;;;;;2025-11-12 15:12:44.595;admin;;;4;;;;;;;;f;;;;;;;;;;;;;;;
145;f7a26371-a56c-42a2-8ea1-a311a97c7e6e;;-;;;145;;;;;;0;;0.0000;0.0000;1;0.0000;0.0000;0.0000;0.00000000000000000000;0.0000;0.0000;0.00000000000000000000;1;;;;;2;;1.00000000;;;1.80670000;;0;;;;;0;;;;;;2024-01-06 14:19:49;;2024-01-06 15:35:21;;2;;;;2;;;;;;;;;;;;;;;;;;;
540;b910dffc-0ced-46fc-b0cb-5e5b8d55dcf4;;;;;551;1;;;;;;;;;1;;;;;;;;;;;;;;;;;;4000.00000000;;0;;;;;0;;;;;;2025-12-21 12:44:42.28;FAHIM;;;14;;;;;;;;f;;;;;;;;;;;;;;;
229;c275d002-72db-438c-a577-e35bdc285a27;000009;-;;;238;;;;;2024-01-07 15:36:44;0;;0.0000;0.0000;3;0.0000;0.0000;0.0000;0.00000000000000000000;0.0000;0.0000;0.00000000000000000000;;;;;;2;;1.00000000;;;2600.26000000;;0;;;;;0;;;;;;2024-01-07 15:36:44;;2025-02-03 20:22:30;;2;;;;;;;;;;;;;;;;;;;;;;;
44;2248a52e-5d32-4f94-8bf4-cb8fe0370aac;;-;;;44;;;;;;0;;0.0000;0.0000;3;0.0000;0.0000;0.0000;0.00000000000000000000;0.0000;0.0000;0.00000000000000000000;1;;;;;2;;1.00000000;;;1500.00000000;;0;;;;;0;;;;;;2024-01-06 14:19:37;;2025-08-17 12:32:40;;;;;;2;;;;;;;;;;;;;;;;;;;
101;e526a382-3b5c-44f3-81bb-d725759ea0c1;;-;;;101;;;;;;0;;0.0000;0.0000;3;0.0000;0.0000;0.0000;0.00000000000000000000;0.0000;0.0000;0.00000000000000000000;1;;;;;2;;1.00000000;;;360.39000000;;1;;;;;0;;;;;;2024-01-06 14:19:44;;2025-08-30 11:29:41;;22;;;;2;;;;;;;;;;;;;;;;;;;
381;712f4dd6-b44b-4217-85dc-249058ba896f;000161;-;;;392;;;;;2025-02-03 20:06:35;0;;0.0000;0.0000;3;0.0000;0.0000;0.0000;0.00000000000000000000;0.0000;0.0000;0.00000000000000000000;;;;;;;;1.00000000;;;1500.00000000;;0;;;;;0;;;;;;2025-02-03 20:06:35;;2025-08-17 12:30:06;;;;;;;;;;;;;;;;;;;;;;;;;
593;9dcbbec2-861b-4c6f-bf87-fa4ba8531a8e;;;;;604;1;;;;;;;;;1;;;;;;;;;;;;;;;;;;3000.00000000;;0;;;;;0;;;;;;2026-03-11 10:04:22.574;FAHIM;;;5;;;;;;;;f;;;;;;;;;;;;;;;
552;b9e74f87-292f-4a3d-a4df-5c3e6fcc2f5d;;;;;563;1;;;;;;;;;;;;;;;;;;;;;;;;;;;2817.49430000;;11;;;;;0;;;;;;2026-02-02 12:58:24.08;FAHIM;;;8;;;;;;;;f;;;;;;;;;;;;;;;
54;35801145-53e1-4a98-aa3d-bbd812e12ed5;;-;;;54;;;;;;0;;0.0000;0.0000;3;0.0000;0.0000;0.0000;0.00000000000000000000;0.0000;0.0000;0.00000000000000000000;1;;;;;2;;1.00000000;;;3755.62000000;;3;;;;;0;;;;;;2024-01-06 14:19:38;;2025-08-14 16:40:23;;;;;;2;;;;;;;;;;;;;;;;;;;
448;bb3dc62c-a8ce-4a7c-a471-b5e845c402e1;000228;-;;;459;;;;;2025-10-04 15:00:58;0;;0.0000;0.0000;3;0.0000;0.0000;0.0000;0.00000000000000000000;0.0000;0.0000;0.00000000000000000000;;;;;;;;1.00000000;;;3000.00000000;;0;;;;;0;;;;;;2025-10-04 15:00:58;;2025-10-04 15:00:58;;;;;;;;;;;;;;;;;;;;;;;;;
7;00669533-0b63-4617-ab05-a1430f830316;;-;;;7;;;;;;0;;0.0000;0.0000;3;0.0000;0.0000;0.0000;0.00000000000000000000;0.0000;0.0000;0.00000000000000000000;1;;;;;2;;1.00000000;;;263.46360000;;2076;;;;;0;;;;;;2024-01-06 14:19:32;;2025-08-17 13:54:23;;40;;;;2;;;;;;;;;;;;;;;;;;;
14;1074cf09-d422-4e29-a8cc-54a411870d0f;;-;;;14;;;;;;0;;0.0000;0.0000;1;0.0000;0.0000;0.0000;0.00000000000000000000;0.0000;0.0000;0.00000000000000000000;1;;;;;2;;1.00000000;;;0.00000000;;1984;;;;;0;;;;;;2024-01-06 14:19:33;;2024-01-06 15:35:21;;4;;;;2;;;;;;;;;;;;;;;;;;;
199;ed0adeac-6866-4365-88d7-8e2c8f3512c9;;-;;;199;;;;;;0;;0.0000;0.0000;1;0.0000;0.0000;0.0000;0.00000000000000000000;0.0000;0.0000;0.00000000000000000000;1;;;;;1;;1.00000000;;;1570.00000000;;83;;;;;0;;;;;;2024-01-06 14:19:56;;2025-08-16 14:56:32;;;;;;2;;;;;;;;;;;;;;;;;;;
353;0f89fd76-f07b-46bf-a93a-b955b951b90c;000133;-;;;363;;;;;2025-01-17 15:03:09;0;;0.0000;0.0000;3;0.0000;0.0000;0.0000;0.00000000000000000000;0.0000;0.0000;0.00000000000000000000;;;;;;2;;1.00000000;;;2483.64000000;;0;;;;;0;;;;;;2025-01-17 15:03:09;;2025-08-26 15:14:05;;;;;;;;;;;;;;;;;;;;;;;;;
323;337193fe-c819-48c3-9056-4b8822296450;000103;-;;;333;;;;;2025-01-08 16:18:37;0;;0.0000;0.0000;1;0.0000;0.0000;0.0000;0.00000000000000000000;0.0000;0.0000;0.00000000000000000000;;;;;;2;;1.00000000;;;35.85580000;;0;;;;;0;;;;;;2025-01-08 16:18:37;;2025-08-26 15:47:28;;51;;;;;;;;;;;;;;;;;;;;;;;
137;e405ba2d-def6-4bf0-859a-1389a4b60d5a;;-;;;137;;;;;;0;;0.0000;0.0000;1;0.0000;0.0000;0.0000;0.00000000000000000000;0.0000;0.0000;0.00000000000000000000;1;;;;;1;;1.00000000;;;265.00000000;;35;;;;;0;;;;;;2024-01-06 14:19:48;;2025-02-04 18:28:12;;1;;;;2;;;;;;;;;;;;;;;;;;;
134;e7594de0-d90b-47ae-996d-84196a6c9cc7;;-;;;134;;;;;;0;;0.0000;0.0000;1;0.0000;0.0000;0.0000;0.00000000000000000000;0.0000;0.0000;0.00000000000000000000;1;;;;;1;;1.00000000;;;151.96990000;;266;;;;;0;;;;;;2024-01-06 14:19:48;;2025-01-05 16:12:43;;11;;;;2;;;;;;;;;;;;;;;;;;;
590;02db35b5-3ef8-46c7-89ad-172b5acca7a1;;;;;601;1;;;;;;;;;3;;;;;;;;;;;;;;;;;;2.94120000;;500;;;;;0;;;;;;2026-03-05 10:35:11.856;FAHIM;;;10;;;;;;;;f;;;;;;;;;;;;;;;
439;d459283d-f17d-4619-90df-1dbccefcfb84;000219;-;;;450;;;;;2025-09-20 12:27:58;0;;0.0000;0.0000;3;0.0000;0.0000;0.0000;0.00000000000000000000;0.0000;0.0000;0.00000000000000000000;;;;;;;;1.00000000;;;3109.98000000;;0;;;;;0;;;;;;2025-09-20 12:27:58;;2025-09-20 12:27:58;;;;;;;;;;;;;;;;;;;;;;;;;
135;b07c747b-4abd-4ec2-a6bd-66ec3d4cf918;;-;;;135;;;;;;0;;0.0000;0.0000;1;0.0000;0.0000;0.0000;0.00000000000000000000;0.0000;0.0000;0.00000000000000000000;1;;;;;1;;1.00000000;;;3.00000000;;0;;;;;0;;;;;;2024-01-06 14:19:48;;2025-08-25 14:35:54;;54;;;;2;;;;;;;;;;;;;;;;;;;
23;f266441c-8dff-4ca3-9fbd-a539845a6b92;;-;;;23;;;;;;0;;0.0000;0.0000;1;0.0000;0.0000;0.0000;0.00000000000000000000;0.0000;0.0000;0.00000000000000000000;1;;;;;1;;1.00000000;;;6.03400000;;16000;;;;;0;;;;;;2024-01-06 14:19:34;;2025-01-28 11:19:16;;13;;;;2;;;;;;;;;;;;;;;;;;;
675;09a982c3-d740-4c62-a88f-813c2586f199;;;;;686;1;;;;;;;;;1;;;;;;;;;;;;;;;;;;12500.00000000;;0;;;;;0;;;;;;2026-06-07 15:50:42.995;FAHIM;;;7;;;;;;;;f;;;;;;;;;;;;;;;
567;8ec8492f-dd52-48b8-8d73-3e8b3cbf7b7c;;;;;578;1;;;;;;;;;1;;;;;;;;;;;;;;;;;;1750.00000000;;1;;;;;0;;;;;;2026-02-10 16:23:20.529;FAHIM;;;4;;;;;;;;f;;;;;;;;;;;;;;;
126;395f7a94-3d0c-4f8f-a6e5-c308ffd2907e;;-;;;126;;;;;;0;;0.0000;0.0000;1;0.0000;0.0000;0.0000;0.00000000000000000000;0.0000;0.0000;0.00000000000000000000;1;;;;;2;;1.00000000;;;168.06720000;;5;;;;;0;;;;;;2024-01-06 14:19:47;;2024-01-06 15:35:21;;1;;;;2;;;;;;;;;;;;;;;;;;;
636;860e3b2f-11c8-494d-9839-23823cf9f037;;;;;647;1;;;;;;;;;3;;;;;;;;;;;;;;;;;;0.00000000;;0;;;;;0;;;;;;2026-04-29 14:45:21.075;FAHIM;;;2;;;;;;;;f;;;;;;;;;;;;;;;
573;f7b956cc-6b86-46a2-a837-09a00ad08c97;;;;;584;1;;;;;;;;;1;;;;;;;;;;;;;;;;;;266.66670000;;12;;;;;0;;;;;;2026-02-12 10:17:55.251;FAHIM;;;6;;;;;;;;f;;;;;;;;;;;;;;;
291;ac39860a-cf96-4c36-b2b0-227ec7acc0c4;000071;-;;;301;;;;;2025-01-04 13:37:16;0;;0.0000;0.0000;1;0.0000;0.0000;0.0000;0.00000000000000000000;0.0000;0.0000;0.00000000000000000000;;;;;;1;;1.00000000;;;6.57000000;;2240;;;;;0;;;;;;2025-01-04 13:37:16;;2025-01-05 16:12:43;;12;;;;;;;;;;;;;;;;;;;;;;;
55;8a2fa5a5-b840-4dab-b0dc-619e2265e904;;-;;;55;;;;;;0;;0.0000;0.0000;3;0.0000;0.0000;0.0000;0.00000000000000000000;0.0000;0.0000;0.00000000000000000000;1;;;;;2;;1.00000000;;;465.03850000;;48;;;;;0;;;;;;2024-01-06 14:19:38;;2025-08-25 16:15:54;;23;;;;2;;;;;;;;;;;;;;;;;;;
47;bdfb9ade-7af1-4732-a93b-5fa2c316bf8c;;-;;;47;;;;;;0;;0.0000;0.0000;3;0.0000;0.0000;0.0000;0.00000000000000000000;0.0000;0.0000;0.00000000000000000000;1;;;;;2;;1.00000000;;;5483.80000000;;1;;;;;0;;;;;;2024-01-06 14:19:37;;2024-01-06 14:19:37;;2;;;;2;;;;;;;;;;;;;;;;;;;
563;8ebb9a8e-b663-48cc-bdb8-e6327fed116b;;;;;574;1;;;;;;;;;1;;;;;;;;;;;;;;;;;;550.00000000;;12;;;;;0;;;;;;2026-02-10 15:47:17.183;FAHIM;;;2;;;;;;;;f;;;;;;;;;;;;;;;
311;833bde53-74d7-4692-92a8-4a0352dfa7cb;000091;-;;;321;;;;;2025-01-07 19:07:44;0;;0.0000;0.0000;3;0.0000;0.0000;0.0000;0.00000000000000000000;0.0000;0.0000;0.00000000000000000000;;;;;;2;;1.00000000;;;1318.33000000;;178.8;;;;;0;;;;;;2025-01-07 19:07:44;;2025-01-13 17:41:46;;74;;;;;;;;;;;;;;;;;;;;;;;
421;3440afe1-6b44-41b8-9c3f-a831d3e796e4;000201;-;;;432;;;;;2025-08-26 14:36:04;0;;0.0000;0.0000;3;0.0000;0.0000;0.0000;0.00000000000000000000;0.0000;0.0000;0.00000000000000000000;;;;;;;;1.00000000;;;2887.12000000;;3;;;;;0;;;;;;2025-08-26 14:36:04;;2025-08-26 14:50:39;;6;;;;;;;;;;;;;;;;;;;;;;;
42;97200d09-4a3f-4050-83c2-b1655c14d0c6;;-;;;42;;;;;;0;;0.0000;0.0000;3;0.0000;0.0000;0.0000;0.00000000000000000000;0.0000;0.0000;0.00000000000000000000;1;;;;;2;;1.00000000;;;621.40860000;;111;;;;;0;;;;;;2024-01-06 14:19:37;;2025-08-25 13:37:19;;37;;;;2;;;;;;;;;;;;;;;;;;;
643;d0d26b85-5599-4f8e-bd17-c52b4af6a662;;;;;654;1;;;;;;;;;1;;;;;;;;;;;;;;;;;;1800.00000000;;1;;;;;0;;;;;;2026-05-11 08:33:39.01;FAHIM;;;4;;;;;;;;f;;;;;;;;;;;;;;;
302;01fc7b75-cfc9-4295-acca-7a742c0e3081;000082;-;;;312;;;;;2025-01-04 13:53:23;0;;0.0000;0.0000;1;0.0000;0.0000;0.0000;0.00000000000000000000;0.0000;0.0000;0.00000000000000000000;;;;;;1;;1.00000000;;;5.50000000;;2096;;;;;0;;;;;;2025-01-04 13:53:23;;2025-01-22 19:25:24;;10;;;;;;;;;;;;;;;;;;;;;;;
543;36da9b73-abf9-4fa7-8c6b-b28dd3cbcdf0;;;;;554;1;;;;;;;;;1;;;;;;;;;;;;;;;;;;3500.00000000;;0;;;;;0;;;;;;2025-12-21 12:56:11.129;FAHIM;;;2;;;;;;;;f;;;;;;;;;;;;;;;
499;a04ae23a-453a-4093-abc4-3deada486741;;;;;510;1;;;;;;;;;3;;;;;;;;;;;;;;;;;;2179.73180000;;0;;;;;0;;;;;;2025-11-24 16:04:28.284;admin;;;2;;;;;;;;f;;;;;;;;;;;;;;;
517;88817e0c-1b3f-4dc2-b21d-98085eddc78b;;;;;528;1;;;;;;;;;1;;;;;;;;;;;;;;;;;;7737.16700000;;0;;;;;0;;;;;;2025-12-02 10:40:25.206;LINA;;;9;;;;;;;;f;;;;;;;;;;;;;;;
346;bc8e54a0-a6c0-4ca9-b76d-cc640b53b2fe;000126;-;;;356;;;;;2025-01-16 12:51:39;0;;0.0000;0.0000;3;0.0000;0.0000;0.0000;0.00000000000000000000;0.0000;0.0000;0.00000000000000000000;;;;;;2;;1.00000000;;;475.00000000;;0;;;;;0;;;;;;2025-01-16 12:51:39;;2025-01-16 12:55:43;;;;;;;;;;;;;;;;;;;;;;;;;
743;716a6f6c-d47b-4c89-ad8f-5e19069eb15a;ESTRD 1.71 X 1.02;;;;754;1;;;;;;;;;3;;;;;;;;;;;;;;;;;;4248.08610000;;0;;;;;0;;;;;;2026-08-05 13:53:14.064;FAHIM;;;2;;;;;;;;f;;;;;;;;;;;;;;;
214;ba677d97-ed75-4754-90d6-23de2ca65637;;-;;;214;;;;;;0;;0.0000;0.0000;1;0.0000;0.0000;0.0000;0.00000000000000000000;0.0000;0.0000;0.00000000000000000000;1;;;;;1;;1.00000000;;;1001.94690000;;151.4;;;;;0;;;;;;2024-01-06 14:19:58;;2025-08-26 15:15:36;;8;;;;2;;;;;;;;;;;;;;;;;;;
542;eadfdf00-0436-4d05-bf00-10c05ccc67fc;;;;;553;1;;;;;;;;;1;;;;;;;;;;;;;;;;;;1000.00000000;;0;;;;;0;;;;;;2025-12-21 12:54:56.636;FAHIM;;;6;;;;;;;;f;;;;;;;;;;;;;;;
75;efa61e45-8f99-444f-82b4-f779ed6dcd2a;;-;;;75;;;;;;0;;0.0000;0.0000;3;0.0000;0.0000;0.0000;0.00000000000000000000;0.0000;0.0000;0.00000000000000000000;1;;;;;2;;1.00000000;;;2152.36000000;;0;;;;;0;;;;;;2024-01-06 14:19:41;;2025-08-25 13:03:20;;;;;;2;;;;;;;;;;;;;;;;;;;
733;93855a39-c4bd-470a-bb44-2bb9ae8f26fe;;;;;744;1;;;;;;;;;1;;;;;;;;;;;;;;;;;;250.00000000;;20;;;;;0;;;;;;2026-07-29 08:41:51.825;FAHIM;;;1;;;;;;;;f;;;;;;;;;;;;;;;
190;f98d559e-d5d7-4a8a-adfa-4537af74e711;;-;;;190;;;;;;0;;0.0000;0.0000;1;0.0000;0.0000;0.0000;0.00000000000000000000;0.0000;0.0000;0.00000000000000000000;1;;;;;1;;1.00000000;;;1092.03570000;;796;;;;;0;;;;;;2024-01-06 14:19:55;;2025-01-13 17:02:08;;51;;;;2;;;;;;;;;;;;;;;;;;;
362;921d6cfa-fefc-4809-a880-66912ca2e87c;000142;-;;;372;;;;;2025-01-21 10:34:35;0;;0.0000;0.0000;3;0.0000;0.0000;0.0000;0.00000000000000000000;0.0000;0.0000;0.00000000000000000000;;;;;;2;;1.00000000;;;210.38200000;;160;;;;;0;;;;;;2025-01-21 10:34:35;;2025-08-25 14:38:10;;130;;;;;;;;;;;;;;;;;;;;;;;
363;95211a01-3ebb-4277-bc45-1b6dbed74c44;000143;-;;;374;;;;;2025-01-21 11:03:54;0;;0.0000;0.0000;3;0.0000;0.0000;0.0000;0.00000000000000000000;0.0000;0.0000;0.00000000000000000000;;;;;;2;;1.00000000;;;224.46900000;;187;;;;;0;;;;;;2025-01-21 11:03:54;;2025-08-24 16:32:54;;94;;;;;;;;;;;;;;;;;;;;;;;
735;5c4111ea-3a56-4b96-bc71-b370170828ad;;;;;746;1;;;;;;;;;1;;;;;;;;;;;;;;;;;;200.00000000;;2;;;;;0;;;;;;2026-07-29 08:44:15.858;FAHIM;;;1;;;;;;;;f;;;;;;;;;;;;;;;
218;4e7140cd-7067-4466-8ba5-e546339b4dd2;;-;;;218;;;;;;0;;0.0000;0.0000;1;0.0000;0.0000;0.0000;0.00000000000000000000;0.0000;0.0000;0.00000000000000000000;1;;;;;2;;1.00000000;;;0.00000000;;8;;;;;0;;;;;;2024-01-06 14:19:59;;2024-01-06 15:35:20;;5;;;;2;;;;;;;;;;;;;;;;;;;
637;9ecb8621-c95c-4a73-aec8-3f8c6cdf8f7d;;;;;648;1;;;;;;;;;1;;;;;;;;;;;;;;;;;;800.00000000;;20;;;;;0;;;;;;2026-05-04 08:53:59.322;FAHIM;;;2;;;;;;;;f;;;;;;;;;;;;;;;
641;6e11b866-960a-4497-8ec4-1e3bd763f073;;;;;652;1;;;;;;;;;1;;;;;;;;;;;;;;;;;;355.41710000;;398;;;;;0;;;;;;2026-05-07 08:27:39.853;FAHIM;;;11;;;;;;;;f;;;;;;;;;;;;;;;
444;efddb509-cf0c-4146-9bc1-c172b742cb97;000224;-;;;455;;;;;2025-09-28 14:46:27;0;;0.0000;0.0000;3;0.0000;0.0000;0.0000;0.00000000000000000000;0.0000;0.0000;0.00000000000000000000;;;;;;;;1.00000000;;;2446.54000000;;0;;;;;0;;;;;;2025-09-28 14:46:27;;2025-09-28 14:46:27;;;;;;;;;;;;;;;;;;;;;;;;;
237;5c383f8c-348f-4315-973d-f7f4df11bd62;000017;-;;;246;;;;;2024-01-07 16:33:56;0;;0.0000;0.0000;3;0.0000;0.0000;0.0000;0.00000000000000000000;0.0000;0.0000;0.00000000000000000000;;;;;;2;;1.00000000;;;576.36410000;;129;;;;;0;;;;;;2024-01-07 16:33:56;;2025-08-24 16:32:54;;52;;;;;;;;;;;;;;;;;;;;;;;
385;5e9ef67a-7781-4767-b5f2-a58d23a61f5b;000165;-;;;396;;;;;2025-08-03 14:02:20;0;;0.0000;0.0000;3;0.0000;0.0000;0.0000;0.00000000000000000000;0.0000;0.0000;0.00000000000000000000;;;;;;;;1.00000000;;;1666.40000000;;0;;;;;0;;;;;;2025-08-03 14:02:20;;2025-08-03 14:02:20;;32;;;;;;;;;;;;;;;;;;;;;;;
694;a1558d32-eb12-48a4-91fe-e4b34e573371;;;;;705;1;;;;;;;;;3;;;;;;;;;;;;;;;;;;8.87000000;;5695;;;;;0;;;;;;2026-06-29 08:43:52.704;FAHIM;;;5;;;;;;;;f;;;;;;;;;;;;;;;
538;c6b9d141-1182-464b-b9b8-9cb4b8932f23;;;;;549;1;;;;;;;;;1;;;;;;;;;;;;;;;;;;13775.00000000;;0;;;;;0;;;;;;2025-12-21 12:42:42.33;FAHIM;;;8;;;;;;;;f;;;;;;;;;;;;;;;
370;aac45f76-68c6-4c91-b234-de091a1d8cec;000150;-;;;381;;;;;2025-01-22 17:27:15;0;;0.0000;0.0000;3;0.0000;0.0000;0.0000;0.00000000000000000000;0.0000;0.0000;0.00000000000000000000;;;;;;2;;1.00000000;;;10691.36000000;;0;;;;;0;;;;;;2025-01-22 17:27:15;;2025-02-03 18:10:18;;;;;;;;;;;;;;;;;;;;;;;;;
554;65cde997-498a-4143-bed1-bd7a298c2bf2;ML6500;;;;565;1;;;;;;;;;3;;;;;;;;;;;;;;;;;;5335.50420000;;8;;;;;0;;;;;;2026-02-05 10:58:32.623;FAHIM;;;6;;;;;;;;f;;;;;;;;;;;;;;;
355;e863d335-4086-48ec-8581-f63d2bb7b965;000135;-;;;365;;;;;2025-01-17 16:29:55;0;;0.0000;0.0000;3;0.0000;0.0000;0.0000;0.00000000000000000000;0.0000;0.0000;0.00000000000000000000;;;;;;2;;1.00000000;;;2241.80000000;;0;;;;;0;;;;;;2025-01-17 16:29:55;;2025-08-26 15:18:56;;;;;;;;;;;;;;;;;;;;;;;;;
732;8f877dcc-877d-4b46-87e1-b30648650f57;;;;;743;1;;;;;;;;;3;;;;;;;;;;;;;;;;;;9500.00000000;;0;;;;;0;;;;;;2026-07-27 11:43:19.96;FAHIM;;;2;;;;;;;;f;;;;;;;;;;;;;;;
330;3a3e4614-14f8-4c5b-8d63-ab18b3f28329;000110;-;;;340;;;;;2025-01-10 17:40:14;0;;0.0000;0.0000;1;0.0000;0.0000;0.0000;0.00000000000000000000;0.0000;0.0000;0.00000000000000000000;;;;;;2;;1.00000000;;;2432.37280000;;253.3;;;;;0;;;;;;2025-01-10 17:40:14;;2025-01-13 17:02:08;;60;;;;;;;;;;;;;;;;;;;;;;;
292;a0df4af4-3356-4858-87d2-f68be0940e72;000072;-;;;302;;;;;2025-01-04 13:37:59;0;;0.0000;0.0000;1;0.0000;0.0000;0.0000;0.00000000000000000000;0.0000;0.0000;0.00000000000000000000;;;;;;2;;1.00000000;;;225.00000000;;0;;;;;0;;;;;;2025-01-04 13:37:59;;2025-08-24 15:03:09;;61;;;;;;;;;;;;;;;;;;;;;;;
124;d07da112-af80-4506-b471-b638cdea28d3;;-;;;124;;;;;;0;;0.0000;0.0000;1;0.0000;0.0000;0.0000;0.00000000000000000000;0.0000;0.0000;0.00000000000000000000;1;;;;;2;;1.00000000;;;121.27840000;;155;;;;;0;;;;;;2024-01-06 14:19:47;;2025-01-16 12:55:43;;57;;;;2;;;;;;;;;;;;;;;;;;;
364;011cfd9d-4278-4cb3-b01e-64c9088f4d80;000144;-;;;375;;;;;2025-01-21 11:04:30;0;;0.0000;0.0000;3;0.0000;0.0000;0.0000;0.00000000000000000000;0.0000;0.0000;0.00000000000000000000;;;;;;2;;1.00000000;;;241.86490000;;142;;;;;0;;;;;;2025-01-21 11:04:30;;2025-08-24 16:32:54;;54;;;;;;;;;;;;;;;;;;;;;;;
571;7c97ec0a-64f3-47f5-b446-a284380ccea3;;;;;582;1;;;;;;;;;1;;;;;;;;;;;;;;;;;;354.29290000;;198;;;;;0;;;;;;2026-02-12 10:11:21.507;FAHIM;;;10;;;;;;;;f;;;;;;;;;;;;;;;
690;43a8bb45-8114-4db6-a928-46b591d9f2b6;;;;;701;1;;;;;;;;;1;;;;;;;;;;;;;;;;;;4320.00000000;;20;;;;;0;;;;;;2026-06-17 14:25:25.478;FAHIM;;;2;;;;;;;;f;;;;;;;;;;;;;;;
724;de90e462-4d2f-4469-82ce-ceaecae59755;;;;;735;1;;;;;;;;;1;;;;;;;;;;;;;;;;;;22800.00000000;;0;;;;;0;;;;;;2026-07-19 16:00:55.248;FAHIM;;;2;;;;;;;;f;;;;;;;;;;;;;;;
502;3e37700e-7195-4554-928c-ae17f18e14d9;;;;;513;1;;;;;;;;;3;;;;;;;;;;;;;;;;;;1713.02380000;;0;;;;;0;;;;;;2025-11-29 09:02:32.861;admin;;;2;;;;;;;;f;;;;;;;;;;;;;;;
731;ca00336d-23ec-4878-b2f7-8a9b747b4a01;;;;;742;1;;;;;;;;;1;;;;;;;;;;;;;;;;;;73000.00000000;;1;;;;;0;;;;;;2026-07-26 15:22:03.086;FAHIM;;;1;;;;;;;;f;;;;;;;;;;;;;;;
480;ef651533-fe15-46c7-baf3-b5375451b634;TR;;;;491;1;;;;;;;;;3;;;;;;;;;;;;;;;;;;1512.60520000;;85.333344;;;;;0;;;;;;2025-11-05 19:26:30.987;MASSY;;;19;;;;;;;;f;;;;;;;;;;;;;;;
368;dd36beb1-8254-484f-ac32-2ea7c3aa9bdb;000148;-;;;379;;;;;2025-01-22 17:20:41;0;;0.0000;0.0000;3;0.0000;0.0000;0.0000;0.00000000000000000000;0.0000;0.0000;0.00000000000000000000;;;;;;2;;1.00000000;;;2386.50000000;;0;;;;;0;;;;;;2025-01-22 17:20:41;;2025-02-03 17:33:43;;;;;;;;;;;;;;;;;;;;;;;;;
428;0f88056e-2f3e-4b07-bb05-4a756d0b0d16;000208;-;;;439;;;;;2025-09-03 17:24:40;0;;0.0000;0.0000;1;0.0000;0.0000;0.0000;0.00000000000000000000;0.0000;0.0000;0.00000000000000000000;;;;;;;;1.00000000;;;156.59390000;;30;;;;;0;;;;;;2025-09-03 17:24:40;;2025-09-03 17:24:40;;24;;;;;;;;;;;;;;;;;;;;;;;
209;8fa43d73-95f6-497d-9d8b-80df3f822f34;;-;;;209;;;;;;0;;0.0000;0.0000;1;0.0000;0.0000;0.0000;0.00000000000000000000;0.0000;0.0000;0.00000000000000000000;1;;;;;3;;1.00000000;;;519.83710000;;133;;;;;0;;;;;;2024-01-06 14:19:58;;2025-08-30 11:26:05;;7;;;;2;;;;;;;;;;;;;;;;;;;
37;05da4e33-ab98-4db5-b196-631622c4e20e;;-;;;37;;;;;;0;;0.0000;0.0000;1;0.0000;0.0000;0.0000;0.00000000000000000000;0.0000;0.0000;0.00000000000000000000;1;;;;;2;;1.00000000;;;0.00000000;;0;;;;;0;;;;;;2024-01-06 14:19:36;;2024-01-06 15:35:21;;5;;;;2;;;;;;;;;;;;;;;;;;;
369;15bde1c8-ad22-4b1b-a7bc-36f6659676f8;000149;-;;;380;;;;;2025-01-22 17:24:08;0;;0.0000;0.0000;3;0.0000;0.0000;0.0000;0.00000000000000000000;0.0000;0.0000;0.00000000000000000000;;;;;;2;;1.00000000;;;4038.79650000;;0;;;;;0;;;;;;2025-01-22 17:24:08;;2025-08-23 09:33:59;;;;;;;;;;;;;;;;;;;;;;;;;
457;746ba563-d921-4c12-9a14-2853a7abff85;000237;-;;;468;;;;;2025-10-11 13:22:32;0;;0.0000;0.0000;3;0.0000;0.0000;0.0000;0.00000000000000000000;0.0000;0.0000;0.00000000000000000000;;;;;;;;1.00000000;;;1323.81450000;;4;;;;;0;;;;;;2025-10-11 13:22:32;;2025-10-11 13:22:32;;14;;;;;;;;;;;;;;;;;;;;;;;
360;6ee07e30-9293-4c9c-9a5c-067ac7ef49a9;000140;-;;;370;;;;;2025-01-17 18:39:09;0;;0.0000;0.0000;3;0.0000;0.0000;0.0000;0.00000000000000000000;0.0000;0.0000;0.00000000000000000000;;;;;;2;;1.00000000;;;756.30000000;;0;;;;;0;;;;;;2025-01-17 18:39:09;;2025-01-17 18:48:36;;4;;;;;;;;;;;;;;;;;;;;;;;
430;086f324c-5bfd-4091-bb7b-4c203fbffd33;000210;-;;;441;;;;;2025-09-04 10:06:33;0;;0.0000;0.0000;3;0.0000;0.0000;0.0000;0.00000000000000000000;0.0000;0.0000;0.00000000000000000000;;;;;;;;1.00000000;;;3202.47000000;;0;;;;;0;;;;;;2025-09-04 10:06:33;;2025-09-04 10:06:33;;;;;;;;;;;;;;;;;;;;;;;;;
427;e0db0efd-cc54-4d15-a17e-7499622c7cfe;000207;-;;;438;;;;;2025-08-28 15:09:40;0;;0.0000;0.0000;1;0.0000;0.0000;0.0000;0.00000000000000000000;0.0000;0.0000;0.00000000000000000000;;;;;;;;1.00000000;;;361.34000000;;255;;;;;0;;;;;;2025-08-28 15:09:40;;2025-08-28 15:11:15;;9;;;;;;;;;;;;;;;;;;;;;;;
635;59c96b3c-4686-4f21-ade2-afb14d5e2e7e;;;;;646;1;;;;;;;;;3;;;;;;;;;;;;;;;;;;25000.00000000;;1;;;;;0;;;;;;2026-04-29 12:22:20.021;FAHIM;;;2;;;;;;;;f;;;;;;;;;;;;;;;
171;8e2bd109-18ff-4214-9b45-7029ecdcdd14;;-;;;171;;;;;;0;;0.0000;0.0000;1;0.0000;0.0000;0.0000;0.00000000000000000000;0.0000;0.0000;0.00000000000000000000;1;;;;;2;;1.00000000;;;1267.20000000;;0.4400000000000013;;;;;0;;;;;;2024-01-06 14:19:53;;2025-08-25 14:35:54;;100;;;;2;;;;;;;;;;;;;;;;;;;
144;20a1e241-a9c0-435f-b019-b15078f898d1;;-;;;144;;;;;;0;;0.0000;0.0000;1;0.0000;0.0000;0.0000;0.00000000000000000000;0.0000;0.0000;0.00000000000000000000;1;;;;;1;;1.00000000;;;241.20970000;;248;;;;;0;;;;;;2024-01-06 14:19:49;;2025-01-05 16:12:43;;11;;;;2;;;;;;;;;;;;;;;;;;;
384;498b1836-f102-4787-a848-e16a6f36518c;000164;-;;;395;;;;;2025-02-10 17:10:29;0;;0.0000;0.0000;3;0.0000;0.0000;0.0000;0.00000000000000000000;0.0000;0.0000;0.00000000000000000000;;;;;;;;1.00000000;;;3930.00000000;;4;;;;;0;;;;;;2025-02-10 17:10:29;;2025-08-24 14:32:12;;;;;;;;;;;;;;;;;;;;;;;;;
562;60b4e0aa-183f-45ae-895d-bc2bb4009184;;;;;573;1;;;;;;;;;1;;;;;;;;;;;;;;;;;;4600.00000000;;5;;;;;0;;;;;;2026-02-10 15:42:49.057;FAHIM;;;5;;;;;;;;f;;;;;;;;;;;;;;;
676;c6a35b07-be11-42ff-9e84-600c4ac569d0;;;;;687;1;;;;;;;;;3;;;;;;;;;;;;;;;;;;2985.71890000;;0;;;;;0;;;;;;2026-06-09 14:14:18.43;MASSY;;;4;;;;;;;;f;;;;;;;;;;;;;;;
13;25ec2d6e-2d71-42f3-8e48-30c0cb5abb2e;;-;;;13;;;;;;0;;0.0000;0.0000;1;0.0000;0.0000;0.0000;0.00000000000000000000;0.0000;0.0000;0.00000000000000000000;1;;;;;3;;1.00000000;;;8.47830000;;620;;;;;0;;;;;;2024-01-06 14:19:33;;2025-08-26 15:47:28;;60;;;;2;;;;;;;;;;;;;;;;;;;
66;b4434fab-70ba-4801-b231-73f8dfdede57;;-;;;66;;;;;;0;;0.0000;0.0000;3;0.0000;0.0000;0.0000;0.00000000000000000000;0.0000;0.0000;0.00000000000000000000;1;;;;;2;;1.00000000;;;14155.00000000;;0;;;;;0;;;;;;2024-01-06 14:19:40;;2024-01-06 14:19:40;;1;;;;2;;;;;;;;;;;;;;;;;;;
645;3c601471-6a08-4fea-af99-48f9963e5970;;;;;656;1;;;;;;;;;3;;;;;;;;;;;;;;;;;;0.00000000;;0;;;;;0;;;;;;2026-05-11 13:40:22.952;FAHIM;;;2;;;;;;;;f;;;;;;;;;;;;;;;
532;495c12ff-6b37-40ae-91f3-434f7d0578a2;STRBANQUETTE;;;;543;1;;;;;;;;;3;;;;;;;;;;;;;;;;;;4322.00000000;;0;;;;;0;;;;;;2025-12-13 10:23:04.603;MASSY;;;2;;;;;;;;f;;;;;;;;;;;;;;;
739;c16429f6-d32d-4360-80e6-acb2d9855f4e;;;;;750;1;;;;;;;;;1;;;;;;;;;;;;;;;;;;1300.00000000;;5;;;;;0;;;;;;2026-08-03 09:56:06.445;FAHIM;;;1;;;;;;;;f;;;;;;;;;;;;;;;
212;c7b9c62e-7aa5-4606-8a35-b2c1cba34277;;-;;;212;;;;;;0;;0.0000;0.0000;1;0.0000;0.0000;0.0000;0.00000000000000000000;0.0000;0.0000;0.00000000000000000000;1;;;;;1;;1.00000000;;;399.99400000;;273.37;;;;;0;;;;;;2024-01-06 14:19:58;;2025-08-26 15:15:36;;171;;;;2;;;;;;;;;;;;;;;;;;;
306;e849a197-0cad-423d-9106-2321f1e29a13;000086;-;;;316;;;;;2025-01-04 13:57:04;0;;0.0000;0.0000;1;0.0000;0.0000;0.0000;0.00000000000000000000;0.0000;0.0000;0.00000000000000000000;;;;;;1;;1.00000000;;;3639.91460000;;16.866;;;;;0;;;;;;2025-01-04 13:57:04;;2025-08-17 12:29:27;;13;;;;;;;;;;;;;;;;;;;;;;;
235;201bad0f-5ce7-4ffe-8e7c-5cc6a2b73211;000015;-;;;244;;;;;2024-01-07 16:33:46;0;;0.0000;0.0000;3;0.0000;0.0000;0.0000;0.00000000000000000000;0.0000;0.0000;0.00000000000000000000;;;;;;2;;1.00000000;;;599.18300000;;160;;;;;0;;;;;;2024-01-07 16:33:46;;2025-08-24 16:32:54;;89;;;;;;;;;;;;;;;;;;;;;;;
496;10350eef-5b07-4a0f-a396-045d39092e92;;;;;507;1;;;;;;;;;3;;;;;;;;;;;;;;;;;;3037.43130000;;1;;;;;0;;;;;;2025-11-20 14:41:23.42;admin;;;9;;;;;;;;f;;;;;;;;;;;;;;;
434;0b802c78-f3f5-472b-8948-2176ca055eb6;000214;-;;;445;;;;;2025-09-12 14:22:26;0;;0.0000;0.0000;3;0.0000;0.0000;0.0000;0.00000000000000000000;0.0000;0.0000;0.00000000000000000000;;;;;;;;1.00000000;;;19.90480000;;9243;;;;;0;;;;;;2025-09-12 14:22:26;;2025-09-12 14:22:26;;59;;;;;;;;;;;;;;;;;;;;;;;
251;4725d0a8-bcbf-4b81-bc2c-93ec44731d1d;000031;-;;;260;;;;;2024-01-12 18:18:36;0;;0.0000;0.0000;3;0.0000;0.0000;0.0000;0.00000000000000000000;0.0000;0.0000;0.00000000000000000000;;;;;;2;;1.00000000;;;1462.76500000;;7;;;;;0;;;;;;2024-01-12 18:18:36;;2025-08-25 14:38:10;;25;;;;;;;;;;;;;;;;;;;;;;;
351;cf317874-0f6f-4793-b09b-92d33f4910ef;000131;-;;;361;;;;;2025-01-17 13:07:22;0;;0.0000;0.0000;3;0.0000;0.0000;0.0000;0.00000000000000000000;0.0000;0.0000;0.00000000000000000000;;;;;;2;;1.00000000;;;2321.80000000;;0;;;;;0;;;;;;2025-01-17 13:07:22;;2025-01-17 19:42:36;;;;;;;;;;;;;;;;;;;;;;;;;
206;73eb79ca-6036-400e-9e54-d522af7f0a26;;-;;;206;;;;;;0;;0.0000;0.0000;1;0.0000;0.0000;0.0000;0.00000000000000000000;0.0000;0.0000;0.00000000000000000000;1;;;;;1;;1.00000000;;;4830.00000000;;0;;;;;0;;;;;;2024-01-06 14:19:57;;2025-01-13 17:02:08;;1;;;;2;;;;;;;;;;;;;;;;;;;
655;1a696604-bc57-4cda-98b9-f12bb333b8b1;;;;;666;1;;;;;;;;;3;;;;;;;;;;;;;;;;;;2308.03760000;;0;;;;;0;;;;;;2026-05-21 16:09:07.063;MASSY;;;2;;;;;;;;f;;;;;;;;;;;;;;;
756;fa02065f-5c79-4ab9-9dd0-133f9c6e400c;;;;;767;1;;;;;;;;;3;;;;;;;;;;;;;;;;;;4062.39180000;;0;;;;;0;;;;;;2026-08-23 12:42:42.124;MASSY;;;2;;;;;;;;f;;;;;;;;;;;;;;;
693;c77faf5a-4c2a-4e19-942a-40991d665739;;;;;704;1;;;;;;;;;1;;;;;;;;;;;;;;;;;;6.80000000;;6510;;;;;0;;;;;;2026-06-29 08:42:24.862;FAHIM;;;5;;;;;;;;f;;;;;;;;;;;;;;;
205;706554da-5604-4c44-879d-c824b3378f41;;-;;;205;;;;;;0;;0.0000;0.0000;1;0.0000;0.0000;0.0000;0.00000000000000000000;0.0000;0.0000;0.00000000000000000000;1;;;;;1;;1.00000000;;;750.00000000;;0;;;;;0;;;;;;2024-01-06 14:19:57;;2025-01-13 17:02:08;;1;;;;2;;;;;;;;;;;;;;;;;;;
702;07f5b5d8-3066-4e84-a489-fe3fb1d9dfd9;;;;;713;1;;;;;;;;;1;;;;;;;;;;;;;;;;;;9500.00000000;;1;;;;;0;;;;;;2026-07-06 14:22:35.161;FAHIM;;;2;;;;;;;;f;;;;;;;;;;;;;;;
272;5a8e659a-d1ad-40f6-8f38-2e8483dde4b0;000052;-;;;282;;;;;2025-01-02 13:34:12;0;;0.0000;0.0000;3;0.0000;0.0000;0.0000;0.00000000000000000000;0.0000;0.0000;0.00000000000000000000;;;;;;2;;1.00000000;;;1506.68310000;;56;;;;;0;;;;;;2025-01-02 13:34:12;;2025-08-25 16:15:54;;66;;;;;;;;;;;;;;;;;;;;;;;
633;306f1ceb-dc36-449e-9928-89027a3a2dc1;;;;;644;1;;;;;;;;;1;;;;;;;;;;;;;;;;;;17800.00000000;;1;;;;;0;;;;;;2026-04-27 13:16:59.631;FAHIM;;;2;;;;;;;;f;;;;;;;;;;;;;;;
255;d4abbb26-9334-4ba6-a100-205e18a7ef39;000035;-;;;265;;;;;2024-01-12 19:03:57;0;;0.0000;0.0000;3;0.0000;0.0000;0.0000;0.00000000000000000000;0.0000;0.0000;0.00000000000000000000;;;;;;2;;1.00000000;;;1500.00000000;;0;;;;;0;;;;;;2024-01-12 19:03:57;;2024-01-12 19:03:57;;;;;;;;;;;;;;;;;;;;;;;;;
382;cf57105e-c655-4554-95cf-3cc4c502df3c;000162;-;;;393;;;;;2025-02-04 18:22:25;0;;0.0000;0.0000;3;0.0000;0.0000;0.0000;0.00000000000000000000;0.0000;0.0000;0.00000000000000000000;;;;;;;;1.00000000;;;379.92880000;;90;;;;;0;;;;;;2025-02-04 18:22:25;;2025-02-04 18:50:28;;14;;;;;;;;;;;;;;;;;;;;;;;
534;fa0d49a1-43e5-4fd7-a045-ab765d015d9e;PEINTEUR ;;;;545;1;;;;;;;;;3;;;;;;;;;;;;;;;;;;1286.98090000;;1.4;;;;;0;;;;;;2025-12-14 11:01:25.321;MASSY;;;13;;;;;;;;f;;;;;;;;;;;;;;;
347;4dc2177b-b92c-480f-9ae6-5e76e13dcea2;000127;-;;;357;;;;;2025-01-16 13:33:54;0;;0.0000;0.0000;3;0.0000;0.0000;0.0000;0.00000000000000000000;0.0000;0.0000;0.00000000000000000000;;;;;;2;;1.00000000;;;4.88000000;;0;;;;;0;;;;;;2025-01-16 13:33:54;;2025-01-16 13:34:54;;;;;;;;;;;;;;;;;;;;;;;;;
309;c246f2d6-0c2d-40e3-a40d-f1f029cf30dc;000089;-;;;319;;;;;2025-01-07 19:01:12;0;;0.0000;0.0000;3;0.0000;0.0000;0.0000;0.00000000000000000000;0.0000;0.0000;0.00000000000000000000;;;;;;2;;1.00000000;;;313.30310000;;0;;;;;0;;;;;;2025-01-07 19:01:12;;2025-08-24 15:03:09;;11;;;;;;;;;;;;;;;;;;;;;;;
762;e74941a6-3d30-429d-ac6e-e36816a4a242;;;;;773;1;;;;;;;;;3;;;;;;;;;;;;;;;;;;15000.00000000;;0;;;;;0;;;;;;2026-08-27 11:11:53.392;FAHIM;;;4;;;;;;;;f;;;;;;;;;;;;;;;
34;cb7e4799-5b99-462a-8540-9daf2ebb554d;;-;;;34;;;;;;0;;0.0000;0.0000;3;0.0000;0.0000;0.0000;0.00000000000000000000;0.0000;0.0000;0.00000000000000000000;1;;;;;2;;1.00000000;;;411.10600000;;17;;;;;0;;;;;;2024-01-06 14:19:36;;2025-08-16 15:23:41;;48;;;;2;;;;;;;;;;;;;;;;;;;
763;c1fa3a4b-6637-483f-be7a-90bc9fc2c529;;;;;774;1;;;;;;;;;3;;;;;;;;;;;;;;;;;;15000.00000000;;0;;;;;0;;;;;;2026-08-27 11:12:26.79;FAHIM;;;7;;;;;;;;f;;;;;;;;;;;;;;;
87;6bc1aed8-727a-418e-ba0d-7c78a57b2867;;-;;;87;;;;;;0;;0.0000;0.0000;3;0.0000;0.0000;0.0000;0.00000000000000000000;0.0000;0.0000;0.00000000000000000000;1;;;;;2;;1.00000000;;;1375.25230000;;41;;;;;0;;;;;;2024-01-06 14:19:42;;2025-08-25 13:18:15;;105;;;;2;;;;;;;;;;;;;;;;;;;
365;b9e64c0e-5d39-409f-b9a1-4337b873345f;000145;-;;;376;;;;;2025-01-21 11:04:34;0;;0.0000;0.0000;3;0.0000;0.0000;0.0000;0.00000000000000000000;0.0000;0.0000;0.00000000000000000000;;;;;;2;;1.00000000;;;296.73770000;;132;;;;;0;;;;;;2025-01-21 11:04:34;;2025-08-24 12:52:07;;42;;;;;;;;;;;;;;;;;;;;;;;
754;f1060a5a-96b1-42c4-ab7e-ad90091b4712;;;;;765;1;;;;;;;;;3;;;;;;;;;;;;;;;;;;3748.86590000;;0;;;;;0;;;;;;2026-08-23 12:03:28.906;MASSY;;;2;;;;;;;;f;;;;;;;;;;;;;;;
667;19816b2f-4528-43a2-a47c-021d00e155f9;;;;;678;1;;;;;;;;;1;;;;;;;;;;;;;;;;;;2850.00000000;;50;;;;;0;;;;;;2026-06-04 13:54:53.183;OULAID-B;;;17;;;;;;;;f;;;;;;;;;;;;;;;
608;1991a694-c426-4ba7-9298-e24d591e9248;;;;;619;1;;;;;;;;;3;;;;;;;;;;;;;;;;;;600.00000000;;0;;;;;0;;;;;;2026-04-01 15:35:04.594;FAHIM;;;7;;;;;;;;f;;;;;;;;;;;;;;;
755;73c4982c-249d-49be-b70b-6513a21a3b82;;;;;766;1;;;;;;;;;3;;;;;;;;;;;;;;;;;;3831.06860000;;0;;;;;0;;;;;;2026-08-23 12:03:28.907;MASSY;;;5;;;;;;;;f;;;;;;;;;;;;;;;
753;25d583a2-d0af-4da7-a96f-8ab4f879447d;;;;;764;1;;;;;;;;;3;;;;;;;;;;;;;;;;;;3135.63250000;;0;;;;;0;;;;;;2026-08-23 12:03:28.905;MASSY;;;2;;;;;;;;f;;;;;;;;;;;;;;;
752;cb407d76-6f1d-402b-b646-b96bc1d44f56;;;;;763;1;;;;;;;;;3;;;;;;;;;;;;;;;;;;3003.17240000;;0;;;;;0;;;;;;2026-08-23 11:35:18.95;MASSY;;;2;;;;;;;;f;;;;;;;;;;;;;;;
644;3a828fb3-8dfb-4dd2-9c3a-492ceae12771;;;;;655;1;;;;;;;;;1;;;;;;;;;;;;;;;;;;5000.00000000;;1;;;;;0;;;;;;2026-05-11 08:43:26.325;FAHIM;;;4;;;;;;;;f;;;;;;;;;;;;;;;
659;4c6274a5-97d1-4f8e-a7bd-ffdaba053d8c;B14070;;;;670;1;;;;;;;;;1;;;;;;;;;;;;;;;;;;11162.50000000;;0;;;;;0;;;;;;2026-06-01 10:19:14.019;FAHIM;;;10;;;;;;;;f;;;;;;;;;;;;;;;
411;71a85c3b-d3d8-40e4-be2f-ff79a75592ff;000191;-;;;422;;;;;2025-08-25 14:05:38;0;;0.0000;0.0000;3;0.0000;0.0000;0.0000;0.00000000000000000000;0.0000;0.0000;0.00000000000000000000;;;;;;;;1.00000000;;;1655.46000000;;8;;;;;0;;;;;;2025-08-25 14:05:38;;2025-08-25 14:26:11;;46;;;;;;;;;;;;;;;;;;;;;;;
4;267941d9-f079-4ad0-821a-d71f2954a1da;;-;;;4;;;;;;0;;0.0000;0.0000;1;0.0000;0.0000;0.0000;0.00000000000000000000;0.0000;0.0000;0.00000000000000000000;1;;;;;1;;1.00000000;;;2050.00000000;;0;;;;;0;;;;;;2024-01-06 14:19:32;;2025-01-13 17:02:08;;;;;;2;;;;;;;;;;;;;;;;;;;
742;c7ed339f-46b8-406b-a300-ba2e58f1d54c;;;;;753;1;;;;;;;;;1;;;;;;;;;;;;;;;;;;20794.91810000;;0;;;;;0;;;;;;2026-08-04 16:09:58.348;FAHIM;;;2;;;;;;;;f;;;;;;;;;;;;;;;
130;61382f59-7fd0-4651-8996-1f157ca5fb06;;-;;;130;;;;;;0;;0.0000;0.0000;1;0.0000;0.0000;0.0000;0.00000000000000000000;0.0000;0.0000;0.00000000000000000000;1;;;;;1;;1.00000000;;;281.63150000;;190;;;;;0;;;;;;2024-01-06 14:19:47;;2025-02-04 18:28:12;;12;;;;2;;;;;;;;;;;;;;;;;;;
764;efbf2dc2-7997-44bb-b831-26140639b040;MTR;;;;775;1;;;;;;;;;1;;;;;;;;;;;;;;;;;;207.00000000;;8;;;;;0;;;;;;2026-08-30 11:05:21.442;FAHIM;;;2;;;;;;;;f;;;;;;;;;;;;;;;
592;5bd1a171-16e8-420d-af5a-2c80646312f5;;;;;603;1;;;;;;;;;1;;;;;;;;;;;;;;;;;;0.00000000;;0;;;;;0;;;;;;2026-03-10 09:31:24.483;FAHIM;;;2;;;;;;;;f;;;;;;;;;;;;;;;
727;0eeb1ec6-e7fb-4f36-a96a-2b50c775924a;;;;;738;1;;;;;;;;;3;;;;;;;;;;;;;;;;;;1535.35000000;;10;;;;;0;;;;;;2026-07-20 13:34:43.682;MASSY;;;4;;;;;;;;f;;;;;;;;;;;;;;;
149;38cac6ae-8a93-4ec6-b636-44f0d7f4ccf5;;-;;;149;;;;;;0;;0.0000;0.0000;1;0.0000;0.0000;0.0000;0.00000000000000000000;0.0000;0.0000;0.00000000000000000000;1;;;;;1;;1.00000000;;;1.83000000;;0;;;;;0;;;;;;2024-01-06 14:19:50;;2025-08-26 15:47:28;;275;;;;2;;;;;;;;;;;;;;;;;;;
406;59e44282-2fbd-4896-9b63-fce9c6c3cd45;000186;-;;;417;;;;;2025-08-24 11:03:35;0;;0.0000;0.0000;3;0.0000;0.0000;0.0000;0.00000000000000000000;0.0000;0.0000;0.00000000000000000000;;;;;;;;1.00000000;;;1737.29330000;;18;;;;;0;;;;;;2025-08-24 11:03:35;;2025-08-24 11:23:03;;17;;;;;;;;;;;;;;;;;;;;;;;
451;cdfeb843-cced-4b41-8ef1-5fcd6cae142e;000231;-;;;462;;;;;2025-10-06 16:06:55;0;;0.0000;0.0000;1;0.0000;0.0000;0.0000;0.00000000000000000000;0.0000;0.0000;0.00000000000000000000;;;;;;;;1.00000000;;;4.13370000;;3732;;;;;0;;;;;;2025-10-06 16:06:55;;2025-10-06 16:06:55;;65;;;;;;;;;;;;;;;;;;;;;;;
147;160495d1-bc6b-47c7-a7be-dad25e4c9b30;;-;;;147;;;;;;0;;0.0000;0.0000;1;0.0000;0.0000;0.0000;0.00000000000000000000;0.0000;0.0000;0.00000000000000000000;1;;;;;1;;1.00000000;;;2.95420000;;45350;;;;;0;;;;;;2024-01-06 14:19:50;;2025-08-24 15:03:09;;26;;;;2;;;;;;;;;;;;;;;;;;;
766;d1d942a1-e75b-4527-b590-b461f95188b5;;;;;777;1;;;;;;;;;1;;;;;;;;;;;;;;;;;;145000.00000000;;1;;;;;0;;;;;;2026-08-30 12:13:19.798;FAHIM;;;2;;;;;;;;f;;;;;;;;;;;;;;;
175;94a60cfd-e402-4d28-98a0-aaa269c558a2;;-;;;175;;;;;;0;;0.0000;0.0000;1;0.0000;0.0000;0.0000;0.00000000000000000000;0.0000;0.0000;0.00000000000000000000;1;;;;;2;;1.00000000;;;1174.89010000;;239.7500000000001;;;;;0;;;;;;2024-01-06 14:19:53;;2025-08-26 16:54:19;;147;;;;2;;;;;;;;;;;;;;;;;;;
78;eec7c702-f74e-425c-941f-3f992de9aa60;;-;;;78;;;;;;0;;0.0000;0.0000;3;0.0000;0.0000;0.0000;0.00000000000000000000;0.0000;0.0000;0.00000000000000000000;1;;;;;2;;1.00000000;;;2608.91110000;;31;;;;;0;;;;;;2024-01-06 14:19:41;;2025-08-26 16:22:43;;109;;;;2;;;;;;;;;;;;;;;;;;;
250;1d0a632c-f75d-47b1-858f-8a9f2612b3a5;000030;-;;;259;;;;;2024-01-12 18:10:27;0;;0.0000;0.0000;3;0.0000;0.0000;0.0000;0.00000000000000000000;0.0000;0.0000;0.00000000000000000000;;;;;;2;;1.00000000;;;1099.43380000;;4;;;;;0;;;;;;2024-01-12 18:10:27;;2025-08-26 16:22:43;;50;;;;;;;;;;;;;;;;;;;;;;;
558;2f2e2c0b-8a0c-4afa-9f73-a56ec0f7c5fd;;;;;569;1;;;;;;;;;1;;;;;;;;;;;;;;;;;;4537.81510000;;0;;;;;0;;;;;;2026-02-07 13:13:29.854;MASSY;;;5;;;;;;;;f;;;;;;;;;;;;;;;
671;c19757ce-4891-4bb1-8b64-edf303cfcb70;;;;;682;1;;;;;;;;;1;;;;;;;;;;;;;;;;;;13775.00000000;;0;;;;;0;;;;;;2026-06-07 12:28:30.727;OULAID-B;;;11;;;;;;;;f;;;;;;;;;;;;;;;
575;eb7a5903-575f-4f56-bb81-ba8e569c1131;PLT MLM 160 GLB;;;;586;1;;;;;;;;;1;;;;;;;;;;;;;;;;;;8300.00000000;;0;;;;;0;;;;;;2026-02-14 14:00:34.13;MASSY;;;8;;;;;;;;f;;;;;;;;;;;;;;;
333;72cdafd3-acb3-43e7-bf3e-7453d5db5f18;000113;-;;;343;;;;;2025-01-10 18:04:27;0;;0.0000;0.0000;3;0.0000;0.0000;0.0000;0.00000000000000000000;0.0000;0.0000;0.00000000000000000000;;;;;;2;;1.00000000;;;1100.00000000;;0;;;;;0;;;;;;2025-01-10 18:04:27;;2025-01-17 19:08:54;;;;;;;;;;;;;;;;;;;;;;;;;
402;1784e578-802f-4579-bca7-c34df97ebfd9;000182;-;;;413;;;;;2025-08-23 15:22:13;0;;0.0000;0.0000;3;0.0000;0.0000;0.0000;0.00000000000000000000;0.0000;0.0000;0.00000000000000000000;;;;;;;;1.00000000;;;350.00000000;;1083;;;;;0;;;;;;2025-08-23 15:22:13;;2025-08-23 15:22:13;;23;;;;;;;;;;;;;;;;;;;;;;;
215;dff4b600-039c-4ada-9c84-3f23f752a2b1;;-;;;215;;;;;;0;;0.0000;0.0000;1;0.0000;0.0000;0.0000;0.00000000000000000000;0.0000;0.0000;0.00000000000000000000;1;;;;;1;;1.00000000;;;320.19940000;;573.6;;;;;0;;;;;;2024-01-06 14:19:58;;2025-08-24 16:24:33;;60;;;;2;;;;;;;;;;;;;;;;;;;
189;e839c839-e793-4be3-88ce-9b4763b18916;;-;;;189;;;;;;0;;0.0000;0.0000;1;0.0000;0.0000;0.0000;0.00000000000000000000;0.0000;0.0000;0.00000000000000000000;1;;;;;1;;1.00000000;;;400.00000000;;13;;;;;0;;;;;;2024-01-06 14:19:55;;2025-01-13 17:02:08;;6;;;;2;;;;;;;;;;;;;;;;;;;
672;b621deee-597a-4473-8f5b-6514283b0d67;;;;;683;1;;;;;;;;;1;;;;;;;;;;;;;;;;;;5605.00000000;;0;;;;;0;;;;;;2026-06-07 12:38:10.463;OULAID-B;;;16;;;;;;;;f;;;;;;;;;;;;;;;
601;a75563bc-85d6-4752-8834-aa98c2607dcc;;;;;612;1;;;;;;;;;3;;;;;;;;;;;;;;;;;;0.97910000;;46000;;;;;0;;;;;;2026-03-17 11:16:14.434;FAHIM;;;16;;;;;;;;f;;;;;;;;;;;;;;;
773;a31d52bf-f215-4f12-a84f-4d27dc2597e2;;;;;784;1;;;;;;;;;1;;;;;;;;;;;;;;;;;;1430.00000000;;10;;;;;0;;;;;;2026-08-30 15:42:10.306;FAHIM;;;1;;;;;;;;f;;;;;;;;;;;;;;;
775;fe941970-f47d-4198-aada-c3a83b7e546f;;;;;786;1;;;;;;;;;1;;;;;;;;;;;;;;;;;;100.00000000;;24;;;;;0;;;;;;2026-08-30 15:44:10.198;FAHIM;;;2;;;;;;;;f;;;;;;;;;;;;;;;
696;644c2a99-371a-4d99-b957-dd364c6c6ee2;;;;;707;1;;;;;;;;;3;;;;;;;;;;;;;;;;;;3.68910000;;23590;;;;;0;;;;;;2026-06-29 08:46:27.755;FAHIM;;;8;;;;;;;;f;;;;;;;;;;;;;;;
3;b87a185f-0d95-4c54-8c29-f77495ceebef;;-;;;3;;;;;;0;;0.0000;0.0000;1;0.0000;0.0000;0.0000;0.00000000000000000000;0.0000;0.0000;0.00000000000000000000;1;;;;;2;;1.00000000;;;8941.17650000;;0;;;;;0;;;;;;2024-01-06 14:19:32;;2024-01-06 15:35:21;;4;;;;2;;;;;;;;;;;;;;;;;;;
697;40277d25-6b85-4c78-bdf1-15bd2e3580ff;;;;;708;1;;;;;;;;;3;;;;;;;;;;;;;;;;;;20000.00000000;;0;;;;;0;;;;;;2026-06-29 14:25:35.274;FAHIM;;;2;;;;;;;;f;;;;;;;;;;;;;;;
16;295cc112-b902-4679-a168-e1577c84c3df;;-;;;16;;;;;;0;;0.0000;0.0000;1;0.0000;0.0000;0.0000;0.00000000000000000000;0.0000;0.0000;0.00000000000000000000;1;;;;;2;;1.00000000;;;4.33420000;;7640;;;;;0;;;;;;2024-01-06 14:19:33;;2025-08-28 16:41:24;;65;;;;2;;;;;;;;;;;;;;;;;;;
181;7071404b-cfcc-4e04-a846-e9ce44a100ba;;-;;;181;;;;;;0;;0.0000;0.0000;1;0.0000;0.0000;0.0000;0.00000000000000000000;0.0000;0.0000;0.00000000000000000000;1;;;;;1;;1.00000000;;;406.64190000;;1119.338;;;;;0;;;;;;2024-01-06 14:19:54;;2025-08-26 15:15:36;;153;;;;2;;;;;;;;;;;;;;;;;;;
132;505a4f18-c7d7-474e-823c-b5921976191d;;-;;;132;;;;;;0;;0.0000;0.0000;1;0.0000;0.0000;0.0000;0.00000000000000000000;0.0000;0.0000;0.00000000000000000000;1;;;;;1;;1.00000000;;;3.75920000;;0;;;;;0;;;;;;2024-01-06 14:19:48;;2025-08-26 15:47:28;;287;;;;2;;;;;;;;;;;;;;;;;;;
612;7e5f50df-8de2-4196-bfc8-acf6535306cb;TR BOIS;;;;623;1;;;;;;;;;3;;;;;;;;;;;;;;;;;;11176.47060000;;0;;;;;0;;;;;;2026-04-04 10:57:22.697;MASSY;;;4;;;;;;;;f;;;;;;;;;;;;;;;
708;ad50de25-5638-4936-9a37-f3198241f8f8;;;;;719;1;;;;;;;;;3;;;;;;;;;;;;;;;;;;628.35580000;;0;;;;;0;;;;;;2026-07-09 10:41:37.57;FAHIM;;;3;;;;;;;;f;;;;;;;;;;;;;;;
707;c1e58181-0fd0-4156-b002-7ac8bae8ddc7;;;;;718;1;;;;;;;;;3;;;;;;;;;;;;;;;;;;3474.88720000;;2;;;;;0;;;;;;2026-07-08 13:03:30.982;MASSY;;;2;;;;;;;;f;;;;;;;;;;;;;;;
170;812e3a13-8eb3-4c32-9ea5-e86ceae02ddc;;-;;;170;;;;;;0;;0.0000;0.0000;1;0.0000;0.0000;0.0000;0.00000000000000000000;0.0000;0.0000;0.00000000000000000000;1;;;;;1;;1.00000000;;;3114.13290000;;0.8;;;;;0;;;;;;2024-01-06 14:19:52;;2025-08-26 14:45:15;;21;;;;2;;;;;;;;;;;;;;;;;;;
345;ef74c82f-84d4-456f-a899-e084c435317c;000125;-;;;355;;;;;2025-01-16 12:50:44;0;;0.0000;0.0000;3;0.0000;0.0000;0.0000;0.00000000000000000000;0.0000;0.0000;0.00000000000000000000;;;;;;2;;1.00000000;;;3975.00000000;;2;;;;;0;;;;;;2025-01-16 12:50:44;;2025-01-16 12:55:43;;5;;;;;;;;;;;;;;;;;;;;;;;
772;f5d6e625-103d-4184-a2c8-4ab9293e7d82;;;;;783;1;;;;;;;;;1;;;;;;;;;;;;;;;;;;8.34000000;;2400;;;;;0;;;;;;2026-08-30 15:07:07.556;FAHIM;;;1;;;;;;;;f;;;;;;;;;;;;;;;
757;91342cd9-d2a4-4c82-9bed-489225672137;;;;;768;1;;;;;;;;;3;;;;;;;;;;;;;;;;;;2903.53510000;;1;;;;;0;;;;;;2026-08-24 12:37:07.68;MASSY;;;8;;;;;;;;f;;;;;;;;;;;;;;;
138;a8791104-2951-4539-9598-e1fc94c89b46;;-;;;138;;;;;;0;;0.0000;0.0000;1;0.0000;0.0000;0.0000;0.00000000000000000000;0.0000;0.0000;0.00000000000000000000;1;;;;;2;;1.00000000;;;3.56110000;;48568;;;;;0;;;;;;2024-01-06 14:19:48;;2024-01-06 15:35:21;;15;;;;2;;;;;;;;;;;;;;;;;;;
429;e0419231-002f-4042-ae61-f718fec08f22;000209;-;;;440;;;;;2025-09-03 17:29:43;0;;0.0000;0.0000;3;0.0000;0.0000;0.0000;0.00000000000000000000;0.0000;0.0000;0.00000000000000000000;;;;;;;;1.00000000;;;1516.16580000;;50.84;;;;;0;;;;;;2025-09-03 17:29:43;;2025-09-03 17:29:43;;82;;;;;;;;;;;;;;;;;;;;;;;
188;bb47f97d-64df-4f6e-b7fa-1c15238c351a;;-;;;188;;;;;;0;;0.0000;0.0000;1;0.0000;0.0000;0.0000;0.00000000000000000000;0.0000;0.0000;0.00000000000000000000;1;;;;;2;;1.00000000;;;1369.54780000;;0;;;;;0;;;;;;2024-01-06 14:19:55;;2024-01-06 15:35:20;;18;;;;2;;;;;;;;;;;;;;;;;;;
248;2eb8f4d9-ee99-4ef5-b034-47bbd4ff0d79;000028;-;;;257;;;;;2024-01-12 18:02:29;0;;0.0000;0.0000;3;0.0000;0.0000;0.0000;0.00000000000000000000;0.0000;0.0000;0.00000000000000000000;;;;;;2;;1.00000000;;;2211.24910000;;32;;;;;0;;;;;;2024-01-12 18:02:29;;2025-08-31 16:26:26;;70;;;;;;;;;;;;;;;;;;;;;;;
777;4ecee197-1aa3-4bac-96ef-726c69d8960d;;;;;788;1;;;;;;;;;3;;;;;;;;;;;;;;;;;;500.00000000;;48;;;;;0;;;;;;2026-09-01 11:12:52.366;FAHIM;;;4;;;;;;;;f;;;;;;;;;;;;;;;
745;b74f234e-49c5-4e77-b3fb-0f955a96ac2b;TL4250125;;;;756;1;;;;;;;;;3;;;;;;;;;;;;;;;;;;4800.00000000;;13;;;;;0;;;;;;2026-08-09 14:25:01.271;FAHIM;;;13;;;;;;;;f;;;;;;;;;;;;;;;
649;9bf27d41-903f-4504-a6c9-e8d98816f15b;;;;;660;1;;;;;;;;;3;;;;;;;;;;;;;;;;;;2654.77790000;;0;;;;;0;;;;;;2026-05-13 13:09:08.447;MASSY;;;5;;;;;;;;f;;;;;;;;;;;;;;;
405;9ef46de3-30e1-4fca-a236-79e88edd82c0;000185;-;;;416;;;;;2025-08-23 16:00:25;0;;0.0000;0.0000;3;0.0000;0.0000;0.0000;0.00000000000000000000;0.0000;0.0000;0.00000000000000000000;;;;;;;;1.00000000;;;3252.59000000;;5;;;;;0;;;;;;2025-08-23 16:00:25;;2025-08-23 16:12:51;;1;;;;;;;;;;;;;;;;;;;;;;;
275;7c386e75-72a2-4fa7-b287-362b21ca504b;000055;-;;;285;;;;;2025-01-02 14:06:28;0;;0.0000;0.0000;3;0.0000;0.0000;0.0000;0.00000000000000000000;0.0000;0.0000;0.00000000000000000000;;;;;;2;;1.00000000;;;850.43400000;;226;;;;;0;;;;;;2025-01-02 14:06:28;;2025-08-31 16:30:17;;125;;;;;;;;;;;;;;;;;;;;;;;
778;73370be1-b7fb-4908-8f01-c980b48122f2;;;;;789;1;;;;;;;;;1;;;;;;;;;;;;;;;;;;450.00000000;;2;;;;;0;;;;;;2026-09-03 11:47:36.457;FAHIM;;;2;;;;;;;;f;;;;;;;;;;;;;;;
785;0c14eb92-726f-44b8-8582-3d72e7b5cf37;;;;;796;1;;;;;;;;;1;;;;;;;;;;;;;;;;;;15000.00000000;;0;;;;;0;;;;;;2026-09-03 14:42:43.854;FAHIM;;;2;;;;;;;;f;;;;;;;;;;;;;;;
786;c8f69d02-99c3-4d45-aaa9-4037782050d4;;;;;797;1;;;;;;;;;1;;;;;;;;;;;;;;;;;;2600.00000000;;0;;;;;0;;;;;;2026-09-03 14:43:37.019;FAHIM;;;3;;;;;;;;f;;;;;;;;;;;;;;;
327;fe6da504-ba81-4e22-961a-3eb3b6769cdc;000107;-;;;337;;;;;2025-01-09 16:04:37;0;;0.0000;0.0000;3;0.0000;0.0000;0.0000;0.00000000000000000000;0.0000;0.0000;0.00000000000000000000;;;;;;2;;1.00000000;;;5344.05570000;;122;;;;;0;;;;;;2025-01-09 16:04:37;;2025-01-11 19:43:40;;3;;;;;;;;;;;;;;;;;;;;;;;
15;50dca087-23a8-4464-895c-e1a11e25fc1e;;-;;;15;;;;;;0;;0.0000;0.0000;1;0.0000;0.0000;0.0000;0.00000000000000000000;0.0000;0.0000;0.00000000000000000000;1;;;;;1;;1.00000000;;;31.00000000;;3444;;;;;0;;;;;;2024-01-06 14:19:33;;2025-08-25 13:00:29;;15;;;;2;;;;;;;;;;;;;;;;;;;
196;e23510b9-9148-4013-8d36-9d5385194216;;-;;;196;;;;;;0;;0.0000;0.0000;1;0.0000;0.0000;0.0000;0.00000000000000000000;0.0000;0.0000;0.00000000000000000000;1;;;;;1;;1.00000000;;;950.00000000;;33;;;;;0;;;;;;2024-01-06 14:19:56;;2025-08-25 14:21:12;;10;;;;2;;;;;;;;;;;;;;;;;;;
481;68d7f3b5-8922-4b90-ba36-094420171b16;TR01;;;;492;1;;;;;;;;;3;;;;;;;;;;;;;;;;;;1278.87360000;;83.03;;;;;0;;;;;;2025-11-05 19:28:12.205;MASSY;;;16;;;;;;;;f;;;;;;;;;;;;;;;
230;5f5d9d0d-d178-48b6-8a33-d0f30d9eb4c8;000010;-;;;239;;;;;2024-01-07 15:55:09;0;;0.0000;0.0000;3;0.0000;0.0000;0.0000;0.00000000000000000000;0.0000;0.0000;0.00000000000000000000;;;;;;2;;1.00000000;;;1499.88100000;;71;;;;;0;;;;;;2024-01-07 15:55:09;;2025-08-25 08:53:23;;50;;;;;;;;;;;;;;;;;;;;;;;
329;e530320d-d548-483f-b5e2-deccc1e81bb1;000109;-;;;339;;;;;2025-01-10 17:17:16;0;;0.0000;0.0000;1;0.0000;0.0000;0.0000;0.00000000000000000000;0.0000;0.0000;0.00000000000000000000;;;;;;1;;1.00000000;;;2600.00000000;;0.5;;;;;0;;;;;;2025-01-10 17:17:16;;2025-01-13 17:02:08;;2;;;;;;;;;;;;;;;;;;;;;;;
758;0be076d2-355f-4ecd-9928-1762a0c6f647;;;;;769;1;;;;;;;;;3;;;;;;;;;;;;;;;;;;2211.04120000;;1;;;;;0;;;;;;2026-08-24 12:39:04.045;MASSY;;;8;;;;;;;;f;;;;;;;;;;;;;;;
99;b3419208-806c-4eae-bb94-c3c93d928084;;-;;;99;;;;;;0;;0.0000;0.0000;3;0.0000;0.0000;0.0000;0.00000000000000000000;0.0000;0.0000;0.00000000000000000000;1;;;;;2;;1.00000000;;;6175.00000000;;0;;;;;0;;;;;;2024-01-06 14:19:44;;2024-01-06 14:19:44;;41;;;;2;;;;;;;;;;;;;;;;;;;
660;da3b3ea4-fe9b-4b03-956a-715392ddf4f4;;;;;671;1;;;;;;;;;1;;;;;;;;;;;;;;;;;;13500.00000000;;0;;;;;0;;;;;;2026-06-01 10:27:29.793;FAHIM;;;5;;;;;;;;f;;;;;;;;;;;;;;;
751;3e2fe32e-f333-498d-aa8b-258b3b4d0489;;;;;762;1;;;;;;;;;3;;;;;;;;;;;;;;;;;;1479.26850000;;0;;;;;0;;;;;;2026-08-22 16:38:03.474;MASSY;;;2;;;;;;;;f;;;;;;;;;;;;;;;
469;9c394fb8-56d0-4cba-b611-034bf69eda13;;;;;480;1;;;;;;;;;3;;;;;;;;;;;;;;;;;;0.00540000;;44;;;;;0;;;;;;2025-10-19 15:17:31.944;FAHIM;;;26;;;;;;;;f;;;;;;;;;;;;;;;
695;14e8c476-838e-4f90-bfb1-316cb7fc808e;;;;;706;1;;;;;;;;;3;;;;;;;;;;;;;;;;;;4.22000000;;10635;;;;;0;;;;;;2026-06-29 08:44:43.187;FAHIM;;;4;;;;;;;;f;;;;;;;;;;;;;;;
324;0c1741d3-edd4-47df-8294-33a65c66cf0b;000104;-;;;334;;;;;2025-01-08 16:19:27;0;;0.0000;0.0000;1;0.0000;0.0000;0.0000;0.00000000000000000000;0.0000;0.0000;0.00000000000000000000;;;;;;2;;1.00000000;;;50.00000000;;0;;;;;0;;;;;;2025-01-08 16:19:27;;2025-01-13 17:16:22;;9;;;;;;;;;;;;;;;;;;;;;;;
27;7f6077c9-9e4b-4e2e-b881-28787739247e;;-;;;27;;;;;;0;;0.0000;0.0000;1;0.0000;0.0000;0.0000;0.00000000000000000000;0.0000;0.0000;0.00000000000000000000;1;;;;;1;;1.00000000;;;10.92440000;;695;;;;;0;;;;;;2024-01-06 14:19:35;;2025-08-28 13:23:43;;19;;;;2;;;;;;;;;;;;;;;;;;;
106;f6c3c2f0-ab8f-46a0-aada-6bb2b9f227e8;;-;;;106;;;;;;0;;0.0000;0.0000;1;0.0000;0.0000;0.0000;0.00000000000000000000;0.0000;0.0000;0.00000000000000000000;1;;;;;2;;1.00000000;;;49.80000000;;8;;;;;0;;;;;;2024-01-06 14:19:45;;2025-08-25 17:37:27;;56;;;;2;;;;;;;;;;;;;;;;;;;
349;12007c66-6046-4bde-b4b5-b1a5a518a105;000129;-;;;359;;;;;2025-01-16 14:37:32;0;;0.0000;0.0000;3;0.0000;0.0000;0.0000;0.00000000000000000000;0.0000;0.0000;0.00000000000000000000;;;;;;2;;1.00000000;;;1738.01370000;;164;;;;;0;;;;;;2025-01-16 14:37:32;;2025-08-17 13:30:08;;72;;;;;;;;;;;;;;;;;;;;;;;
68;398f8911-e857-45c4-bfe0-da4cb084f922;;-;;;68;;;;;;0;;0.0000;0.0000;3;0.0000;0.0000;0.0000;0.00000000000000000000;0.0000;0.0000;0.00000000000000000000;1;;;;;2;;1.00000000;;;2025.94080000;;43;;;;;0;;;;;;2024-01-06 14:19:40;;2025-08-26 16:19:54;;252;;;;2;;;;;;;;;;;;;;;;;;;
57;bdc93d5f-e751-4e96-99e3-bea6023fb536;;-;;;57;;;;;;0;;0.0000;0.0000;3;0.0000;0.0000;0.0000;0.00000000000000000000;0.0000;0.0000;0.00000000000000000000;1;;;;;2;;1.00000000;;;1399.52510000;;20;;;;;0;;;;;;2024-01-06 14:19:38;;2025-08-18 10:46:48;;109;;;;2;;;;;;;;;;;;;;;;;;;
780;ab20faa9-b09a-4602-91cb-ca3ae38ddb82;;;;;791;1;;;;;;;;;3;;;;;;;;;;;;;;;;;;1498.11410000;;2;;;;;0;;;;;;2026-09-03 13:43:40.07;FAHIM;;;4;;;;;;;;f;;;;;;;;;;;;;;;
182;3b4cf4a0-65c6-4c42-8314-bcc52a62ec8e;;-;;;182;;;;;;0;;0.0000;0.0000;1;0.0000;0.0000;0.0000;0.00000000000000000000;0.0000;0.0000;0.00000000000000000000;1;;;;;1;;1.00000000;;;1500.00000000;;0;;;;;0;;;;;;2024-01-06 14:19:54;;2025-01-13 17:02:08;;1;;;;2;;;;;;;;;;;;;;;;;;;
46;cec51f97-c5ee-45f9-b2d1-7b46239ad1f1;;-;;;46;;;;;;0;;0.0000;0.0000;3;0.0000;0.0000;0.0000;0.00000000000000000000;0.0000;0.0000;0.00000000000000000000;1;;;;;2;;1.00000000;;;859.06520000;;8;;;;;0;;;;;;2024-01-06 14:19:37;;2025-08-25 13:43:50;;19;;;;2;;;;;;;;;;;;;;;;;;;
372;1cbb3b1c-26b2-43e4-a0ae-52a4a1168e4a;000152;-;;;383;;;;;2025-01-22 19:19:48;0;;0.0000;0.0000;3;0.0000;0.0000;0.0000;0.00000000000000000000;0.0000;0.0000;0.00000000000000000000;;;;;;2;;1.00000000;;;2062.00000000;;0;;;;;0;;;;;;2025-01-22 19:19:48;;2025-02-03 18:10:18;;;;;;;;;;;;;;;;;;;;;;;;;
609;ba1eecad-18e6-4a06-abb4-85242c2a03d8;;;;;620;1;;;;;;;;;3;;;;;;;;;;;;;;;;;;500.00000000;;0;;;;;0;;;;;;2026-04-01 15:36:50.846;FAHIM;;;7;;;;;;;;f;;;;;;;;;;;;;;;
639;bf03a1c9-0677-4afb-950d-24fc4984a0be;;;;;650;1;;;;;;;;;1;;;;;;;;;;;;;;;;;;450.00000000;;4;;;;;0;;;;;;2026-05-04 09:00:36.673;FAHIM;;;2;;;;;;;;f;;;;;;;;;;;;;;;
108;5505a5ed-08e0-4bc1-9757-67698237b42e;;-;;;108;;;;;;0;;0.0000;0.0000;1;0.0000;0.0000;0.0000;0.00000000000000000000;0.0000;0.0000;0.00000000000000000000;1;;;;;1;;1.00000000;;;280.00000000;;0;;;;;0;;;;;;2024-01-06 14:19:45;;2025-01-05 16:12:43;;9;;;;2;;;;;;;;;;;;;;;;;;;
437;7f11423f-f98e-4dec-b4cc-231b90f180fe;000217;-;;;448;;;;;2025-09-17 13:14:39;0;;0.0000;0.0000;3;0.0000;0.0000;0.0000;0.00000000000000000000;0.0000;0.0000;0.00000000000000000000;;;;;;;;1.00000000;;;811.14500000;;2;;;;;0;;;;;;2025-09-17 13:14:39;;2025-09-17 13:14:39;;25;;;;;;;;;;;;;;;;;;;;;;;
361;b8fc019c-b877-4612-b64e-f6241220efe8;000141;-;;;371;;;;;2025-01-17 19:30:38;0;;0.0000;0.0000;3;0.0000;0.0000;0.0000;0.00000000000000000000;0.0000;0.0000;0.00000000000000000000;;;;;;2;;1.00000000;;;1257.21000000;;0;;;;;0;;;;;;2025-01-17 19:30:38;;2025-01-17 19:42:36;;;;;;;;;;;;;;;;;;;;;;;;;
515;0600d01d-4ab7-4ce0-92a3-b0e4097a0013;PIANO180;;;;526;1;;;;;;;;;1;;;;;;;;;;;;;;;;;;400.32700000;;10;;;;;0;;;;;;2025-12-02 09:49:58.573;admin;;;11;;;;;;;;f;;;;;;;;;;;;;;;
367;1acd0502-18f3-4685-a09d-61cac1e72407;000147;-;;;378;;;;;2025-01-22 17:18:57;0;;0.0000;0.0000;3;0.0000;0.0000;0.0000;0.00000000000000000000;0.0000;0.0000;0.00000000000000000000;;;;;;2;;1.00000000;;;1474.50000000;;0;;;;;0;;;;;;2025-01-22 17:18:57;;2025-02-03 17:33:43;;;;;;;;;;;;;;;;;;;;;;;;;
1;cd30f04f-e9ae-469e-8f87-b03e4f2f69d8;;-;;;1;;;;;;0;;0.0000;0.0000;1;0.0000;0.0000;0.0000;0.00000000000000000000;0.0000;0.0000;0.00000000000000000000;1;;;;;2;;1.00000000;;;9380.25210000;;0;;;;;0;;;;;;2024-01-06 14:19:31;;2024-01-06 15:35:21;;5;;;;2;;;;;;;;;;;;;;;;;;;
401;02d0d95c-0a0a-420f-a820-03ece4668d74;000181;-;;;412;;;;;2025-08-23 15:07:45;0;;0.0000;0.0000;1;0.0000;0.0000;0.0000;0.00000000000000000000;0.0000;0.0000;0.00000000000000000000;;;;;;;;1.00000000;;;362.96000000;;1;;;;;0;;;;;;2025-08-23 15:07:45;;2025-08-30 11:29:41;;29;;;;;;;;;;;;;;;;;;;;;;;
319;4d2ac905-c634-41cc-8e2c-253665153b7d;000099;-;;;329;;;;;2025-01-07 20:58:35;0;;0.0000;0.0000;3;0.0000;0.0000;0.0000;0.00000000000000000000;0.0000;0.0000;0.00000000000000000000;;;;;;2;;1.00000000;;;2387.56000000;;0;;;;;0;;;;;;2025-01-07 20:58:35;;2025-08-24 13:53:35;;7;;;;;;;;;;;;;;;;;;;;;;;
201;5bd44d84-0ed3-4af0-80d9-836e94c3a59e;;-;;;201;;;;;;0;;0.0000;0.0000;1;0.0000;0.0000;0.0000;0.00000000000000000000;0.0000;0.0000;0.00000000000000000000;1;;;;;1;;1.00000000;;;983.46720000;;467.25;;;;;0;;;;;;2024-01-06 14:19:56;;2025-01-22 19:25:24;;14;;;;2;;;;;;;;;;;;;;;;;;;
111;825ee9d0-1640-4028-a3c4-923bd35db3f7;;-;;;111;;;;;;0;;0.0000;0.0000;1;0.0000;0.0000;0.0000;0.00000000000000000000;0.0000;0.0000;0.00000000000000000000;1;;;;;1;;1.00000000;;;7.65950000;;2855;;;;;0;;;;;;2024-01-06 14:19:45;;2025-08-26 15:15:36;;102;;;;2;;;;;;;;;;;;;;;;;;;
514;531e20d2-6e01-425f-bff2-62f7054a58da;;;;;525;1;;;;;;;;;1;;;;;;;;;;;;;;;;;;450.45980000;;10;;;;;0;;;;;;2025-12-02 09:32:04.975;admin;;;31;;;;;;;;f;;;;;;;;;;;;;;;
418;f050c62c-5a99-4e30-a0a6-5fe58bb8bfd9;000198;-;;;429;;;;;2025-08-25 17:42:52;0;;0.0000;0.0000;3;0.0000;0.0000;0.0000;0.00000000000000000000;0.0000;0.0000;0.00000000000000000000;;;;;;;;1.00000000;;;5588.02000000;;0;;;;;0;;;;;;2025-08-25 17:42:52;;2025-08-25 17:56:15;;;;;;;;;;;;;;;;;;;;;;;;;
24;7003b4dd-2dea-4f26-b92f-717a27b37027;;-;;;24;;;;;;0;;0.0000;0.0000;3;0.0000;0.0000;0.0000;0.00000000000000000000;0.0000;0.0000;0.00000000000000000000;1;;;;;2;;1.00000000;;;235.93250000;;9031;;;;;0;;;;;;2024-01-06 14:19:34;;2025-08-24 15:03:09;;68;;;;2;;;;;;;;;;;;;;;;;;;
572;bedca6f0-0958-4d37-8298-fd7461c3eba5;;;;;583;1;;;;;;;;;1;;;;;;;;;;;;;;;;;;34.28570000;;35;;;;;0;;;;;;2026-02-12 10:15:32.921;FAHIM;;;6;;;;;;;;f;;;;;;;;;;;;;;;
154;256bfed2-5c17-4296-9dcc-8031ee8287c3;;-;;;154;;;;;;0;;0.0000;0.0000;1;0.0000;0.0000;0.0000;0.00000000000000000000;0.0000;0.0000;0.00000000000000000000;1;;;;;2;;1.00000000;;;534.00000000;;45;;;;;0;;;;;;2024-01-06 14:19:50;;2025-01-16 12:55:43;;49;;;;2;;;;;;;;;;;;;;;;;;;
728;d18d891f-f5db-47aa-9f07-28333046d5da;;;;;739;1;;;;;;;;;1;;;;;;;;;;;;;;;;;;466.66670000;;12;;;;;0;;;;;;2026-07-21 15:45:29.406;FAHIM;;;13;;;;;;;;f;;;;;;;;;;;;;;;
186;58677096-6f5a-4251-901f-862bb9c5c02d;;-;;;186;;;;;;0;;0.0000;0.0000;1;0.0000;0.0000;0.0000;0.00000000000000000000;0.0000;0.0000;0.00000000000000000000;1;;;;;1;;1.00000000;;;734.15230000;;296.8;;;;;0;;;;;;2024-01-06 14:19:54;;2025-08-26 13:50:21;;74;;;;2;;;;;;;;;;;;;;;;;;;
781;d0a8fc45-94c6-4419-b40c-190b792915e7;;;;;792;1;;;;;;;;;3;;;;;;;;;;;;;;;;;;1477.84930000;;0;;;;;0;;;;;;2026-09-03 14:17:29.953;MASSY;;;2;;;;;;;;f;;;;;;;;;;;;;;;
26;771668d3-27a9-4c5f-b0b6-698c5a377957;;-;;;26;;;;;;0;;0.0000;0.0000;3;0.0000;0.0000;0.0000;0.00000000000000000000;0.0000;0.0000;0.00000000000000000000;1;;;;;1;;1.00000000;;;0.84000000;;0;;;;;0;;;;;;2024-01-06 14:19:34;;2025-08-26 14:45:15;;20;;;;2;;;;;;;;;;;;;;;;;;;
537;55fb8787-0c7e-4a0e-9013-be8a3f94813a;;;;;548;1;;;;;;;;;1;;;;;;;;;;;;;;;;;;10000.00000000;;0;;;;;0;;;;;;2025-12-21 12:42:04.675;FAHIM;;;3;;;;;;;;f;;;;;;;;;;;;;;;
677;f1227476-40b1-4631-b767-81c9418f73b0;;;;;688;1;;;;;;;;;1;;;;;;;;;;;;;;;;;;9000.00000000;;1;;;;;0;;;;;;2026-06-10 09:24:46.18;FAHIM;;;1;;;;;;;;f;;;;;;;;;;;;;;;
566;6d10b151-da92-4495-8e42-8cd01adeb767;;;;;577;1;;;;;;;;;1;;;;;;;;;;;;;;;;;;1400.00000000;;2;;;;;0;;;;;;2026-02-10 16:18:09.368;FAHIM;;;2;;;;;;;;f;;;;;;;;;;;;;;;
544;0b44e4f7-7468-4781-b18b-383b2a22a83a;;;;;555;1;;;;;;;;;1;;;;;;;;;;;;;;;;;;29000.00000000;;1;;;;;0;;;;;;2025-12-21 12:56:43.147;FAHIM;;;4;;;;;;;;f;;;;;;;;;;;;;;;
539;2d70c939-09e9-455c-a9a4-29197a3c81d3;;;;;550;1;;;;;;;;;1;;;;;;;;;;;;;;;;;;13775.00000000;;0;;;;;0;;;;;;2025-12-21 12:43:39.579;FAHIM;;;39;;;;;;;;f;;;;;;;;;;;;;;;
580;68b75447-286e-4b7b-bebf-aa14071c374b;;;;;591;1;;;;;;;;;1;;;;;;;;;;;;;;;;;;1008.40340000;;850;;;;;0;;;;;;2026-02-17 09:15:40.806;MASSY;;;7;;;;;;;;f;;;;;;;;;;;;;;;
71;7242f59c-b8a2-4093-be97-1a36eb681ae2;;-;;;71;;;;;;0;;0.0000;0.0000;3;0.0000;0.0000;0.0000;0.00000000000000000000;0.0000;0.0000;0.00000000000000000000;1;;;;;2;;1.00000000;;;69.32460000;;57;;;;;0;;;;;;2024-01-06 14:19:40;;2025-08-26 15:49:08;;21;;;;2;;;;;;;;;;;;;;;;;;;
614;78558de4-9817-47e6-8248-bab559eac1a8;TB60/45/45;;;;625;1;;;;;;;;;3;;;;;;;;;;;;;;;;;;5428.57140000;;0;;;;;0;;;;;;2026-04-04 11:01:50.645;MASSY;;;11;;;;;;;;f;;;;;;;;;;;;;;;
578;f77fb83c-d901-4458-b59e-1c347eb093fa;;;;;589;1;;;;;;;;;1;;;;;;;;;;;;;;;;;;1500.00000000;;0;;;;;0;;;;;;2026-02-15 17:30:25.62;MASSY;;;6;;;;;;;;f;;;;;;;;;;;;;;;
231;5ae21ab0-43da-4493-9a5d-2675a471f21e;000011;-;;;243;;;;;2024-01-07 16:06:19;0;;0.0000;0.0000;3;0.0000;0.0000;0.0000;0.00000000000000000000;0.0000;0.0000;0.00000000000000000000;;;;;;2;;1.00000000;;;2503.18000000;;0;;;;;0;;;;;;2024-01-07 16:06:19;;2025-02-03 20:22:30;;2;;;;;;;;;;;;;;;;;;;;;;;
574;52dfdcbc-ddc8-405b-96d5-9fef8d478b53;;;;;585;1;;;;;;;;;3;;;;;;;;;;;;;;;;;;2968.56810000;;0;;;;;0;;;;;;2026-02-12 15:11:46.083;FAHIM;;;5;;;;;;;;f;;;;;;;;;;;;;;;
45;c0dd3245-79af-4bad-bb50-06fc247457e7;;-;;;45;;;;;;0;;0.0000;0.0000;3;0.0000;0.0000;0.0000;0.00000000000000000000;0.0000;0.0000;0.00000000000000000000;1;;;;;2;;1.00000000;;;665.16790000;;89;;;;;0;;;;;;2024-01-06 14:19:37;;2025-08-10 18:19:43;;47;;;;2;;;;;;;;;;;;;;;;;;;
56;7949f2e5-86ff-41c3-b097-a287dbf1c75c;;-;;;56;;;;;;0;;0.0000;0.0000;3;0.0000;0.0000;0.0000;0.00000000000000000000;0.0000;0.0000;0.00000000000000000000;1;;;;;2;;1.00000000;;;1845.93260000;;117;;;;;0;;;;;;2024-01-06 14:19:38;;2025-08-26 16:23:24;;165;;;;2;;;;;;;;;;;;;;;;;;;
192;80945a74-6549-4afa-b63d-858f551dcb39;;-;;;192;;;;;;0;;0.0000;0.0000;1;0.0000;0.0000;0.0000;0.00000000000000000000;0.0000;0.0000;0.00000000000000000000;1;;;;;1;;1.00000000;;;854.98970000;;3977.3600000000006;;;;;0;;;;;;2024-01-06 14:19:55;;2025-08-28 17:02:24;;254;;;;2;;;;;;;;;;;;;;;;;;;
468;92c2a3ac-65db-46e6-b475-22e8a3681b1e;;;;;479;1;;;;;;;;;3;;;;;;;;;;;;;;;;;;0.00000000;;62;;;;;0;;;;;;2025-10-19 15:17:31.898;FAHIM;;;28;;;;;;;;f;;;;;;;;;;;;;;;
379;aecdc77e-ad4e-4669-834c-9ade34855bf9;000159;-;;;390;;;;;2025-01-29 15:43:18;0;;0.0000;0.0000;1;0.0000;0.0000;0.0000;0.00000000000000000000;0.0000;0.0000;0.00000000000000000000;;;;;;;;1.00000000;;;590.00000000;;177.6;;;;;0;;;;;;2025-01-29 15:43:18;;2025-08-26 13:50:21;;53;;;;;;;;;;;;;;;;;;;;;;;
549;97bcc4ed-deb3-475a-bf94-65835ac4e03f;CJPAD098;;;;560;1;;;;;;;;;1;;;;;;;;;;;;;;;;;;;;0;;;;;0;;;;;;2026-01-03 13:23:17.363;MASSY;;;;;;;;;;;f;;;;;;;;;;;;;;;
200;55f31d66-914b-472a-8860-d72f5363cba5;;-;;;200;;;;;;0;;0.0000;0.0000;1;0.0000;0.0000;0.0000;0.00000000000000000000;0.0000;0.0000;0.00000000000000000000;1;;;;;1;;1.00000000;;;1273.57750000;;410.14;;;;;0;;;;;;2024-01-06 14:19:56;;2025-08-26 14:45:15;;131;;;;2;;;;;;;;;;;;;;;;;;;
326;f6f728b4-5efe-49f6-b20f-d4b57dc564b6;000106;-;;;336;;;;;2025-01-08 16:27:09;0;;0.0000;0.0000;1;0.0000;0.0000;0.0000;0.00000000000000000000;0.0000;0.0000;0.00000000000000000000;;;;;;1;;1.00000000;;;10.92440000;;2201;;;;;0;;;;;;2025-01-08 16:27:09;;2025-08-28 16:42:24;;15;;;;;;;;;;;;;;;;;;;;;;;
142;47e1f0b7-2c8b-44c3-b55d-316b2d21f042;;-;;;142;;;;;;0;;0.0000;0.0000;1;0.0000;0.0000;0.0000;0.00000000000000000000;0.0000;0.0000;0.00000000000000000000;1;;;;;2;;1.00000000;;;8.00000000;;0;;;;;0;;;;;;2024-01-06 14:19:49;;2025-01-05 16:12:43;;12;;;;2;;;;;;;;;;;;;;;;;;;
634;9181a804-9b8d-4947-bb1d-016e1a178355;;;;;645;1;;;;;;;;;3;;;;;;;;;;;;;;;;;;11300.00000000;;0;;;;;0;;;;;;2026-04-29 12:21:19.086;FAHIM;;;11;;;;;;;;f;;;;;;;;;;;;;;;
183;e506cbe6-ec4b-44f3-9344-38a24e24f70b;;-;;;183;;;;;;0;;0.0000;0.0000;1;0.0000;0.0000;0.0000;0.00000000000000000000;0.0000;0.0000;0.00000000000000000000;1;;;;;1;;1.00000000;;;452.50420000;;151.439;;;;;0;;;;;;2024-01-06 14:19:54;;2025-08-24 16:24:33;;152;;;;2;;;;;;;;;;;;;;;;;;;
321;99f8cd53-d20c-462b-9535-b85345b73894;000101;-;;;331;;;;;2025-01-08 10:49:29;0;;0.0000;0.0000;3;0.0000;0.0000;0.0000;0.00000000000000000000;0.0000;0.0000;0.00000000000000000000;;;;;;2;;1.00000000;;;1186.97000000;;1200;;;;;0;;;;;;2025-01-08 10:49:29;;2025-08-26 14:50:39;;104;;;;;;;;;;;;;;;;;;;;;;;
528;a606eb62-5fbc-4fe8-a8a5-2823b2b570da;SBPMCN;;;;539;1;;;;;;;;;3;;;;;;;;;;;;;;;;;;3500.00000000;;0;;;;;0;;;;;;2025-12-07 12:02:39.011;ABDELHAK;;;2;;;;;;;;f;;;;;;;;;;;;;;;
740;272cfaef-8c1e-494e-9453-c7c208c6e538;;;;;751;1;;;;;;;;;1;;;;;;;;;;;;;;;;;;6000.00000000;;1;;;;;0;;;;;;2026-08-03 09:56:33.339;FAHIM;;;2;;;;;;;;f;;;;;;;;;;;;;;;
533;ea9f7a22-48ea-4244-9c5f-cd89b80a9ba1;;;;;544;1;;;;;;;;;3;;;;;;;;;;;;;;;;;;1761.70580000;;0;;;;;0;;;;;;2025-12-13 10:41:38.945;MASSY;;;2;;;;;;;;f;;;;;;;;;;;;;;;
408;27166f89-46cb-46df-b6bf-b2dcb09af957;000188;-;;;419;;;;;2025-08-24 11:08:01;0;;0.0000;0.0000;3;0.0000;0.0000;0.0000;0.00000000000000000000;0.0000;0.0000;0.00000000000000000000;;;;;;;;1.00000000;;;218.24190000;;6;;;;;0;;;;;;2025-08-24 11:08:01;;2025-08-24 11:08:01;;9;;;;;;;;;;;;;;;;;;;;;;;
640;15acefea-b4ab-4523-b213-1ced1c66c1f4;;;;;651;1;;;;;;;;;1;;;;;;;;;;;;;;;;;;3250.00000000;;2;;;;;0;;;;;;2026-05-04 09:06:08.832;FAHIM;;;1;;;;;;;;f;;;;;;;;;;;;;;;
254;5f618ae2-678c-4815-89a7-8bf6f70ab144;000034;-;;;264;;;;;2024-01-12 18:32:17;0;;0.0000;0.0000;3;0.0000;0.0000;0.0000;0.00000000000000000000;0.0000;0.0000;0.00000000000000000000;;;;;;2;;1.00000000;;;0.00000000;;0;;;;;0;;;;;;2024-01-12 18:32:17;;2025-01-02 09:27:53;;;;;;;;;;;;;;;;;;;;;;;;;
41;9b9900bc-1cf2-4739-be59-07e0a4168cbc;;-;;;41;;;;;;0;;0.0000;0.0000;3;0.0000;0.0000;0.0000;0.00000000000000000000;0.0000;0.0000;0.00000000000000000000;1;;;;;2;;1.00000000;;;482.27750000;;9;;;;;0;;;;;;2024-01-06 14:19:36;;2025-08-24 13:31:05;;26;;;;2;;;;;;;;;;;;;;;;;;;
610;0fbd1fc7-2ed1-4154-9460-253e96c16a7a;;;;;621;1;;;;;;;;;3;;;;;;;;;;;;;;;;;;850.00000000;;0;;;;;0;;;;;;2026-04-01 15:37:25.295;FAHIM;;;8;;;;;;;;f;;;;;;;;;;;;;;;
293;ae2d505e-2831-4871-9929-a893635e0dac;000073;-;;;303;;;;;2025-01-04 13:38:54;0;;0.0000;0.0000;1;0.0000;0.0000;0.0000;0.00000000000000000000;0.0000;0.0000;0.00000000000000000000;;;;;;2;;1.00000000;;;524.63870000;;49.446000000000005;;;;;0;;;;;;2025-01-04 13:38:54;;2025-01-04 13:38:54;;69;;;;;;;;;;;;;;;;;;;;;;;
246;5c0b3c89-e6d1-4f52-b0c8-7cf9f8de7cc8;000026;-;;;255;;;;;2024-01-12 17:47:41;0;;0.0000;0.0000;3;0.0000;0.0000;0.0000;0.00000000000000000000;0.0000;0.0000;0.00000000000000000000;;;;;;2;;1.00000000;;;2868.44100000;;24;;;;;0;;;;;;2024-01-12 17:47:41;;2025-08-10 18:19:43;;34;;;;;;;;;;;;;;;;;;;;;;;
371;fec8e4b4-1ebb-4268-8458-27a78bce6126;000151;-;;;382;;;;;2025-01-22 18:53:22;0;;0.0000;0.0000;3;0.0000;0.0000;0.0000;0.00000000000000000000;0.0000;0.0000;0.00000000000000000000;;;;;;2;;1.00000000;;;2605.04000000;;0;;;;;0;;;;;;2025-01-22 18:53:22;;2025-01-22 19:33:06;;;;;;;;;;;;;;;;;;;;;;;;;
28;c891b9e7-776c-43d9-ab75-ef7c10dde332;;-;;;28;;;;;;0;;0.0000;0.0000;1;0.0000;0.0000;0.0000;0.00000000000000000000;0.0000;0.0000;0.00000000000000000000;1;;;;;2;;1.00000000;;;804.51130000;;642.2;;;;;0;;;;;;2024-01-06 14:19:35;;2025-08-28 16:27:24;;29;;;;2;;;;;;;;;;;;;;;;;;;
290;29fdfc0a-deaf-4a58-9369-685a344a8901;000070;-;;;300;;;;;2025-01-04 10:05:23;0;;0.0000;0.0000;1;0.0000;0.0000;0.0000;0.00000000000000000000;0.0000;0.0000;0.00000000000000000000;;;;;;2;;1.00000000;;;1890.21610000;;18;;;;;0;;;;;;2025-01-04 10:05:23;;2025-01-16 12:55:43;;10;;;;;;;;;;;;;;;;;;;;;;;
485;098c1489-f37a-49b4-94ea-6c121ecee6dc;STRB140;;;;496;1;;;;;;;;;1;;;;;;;;;;;;;;;;;;;;0;;;;;0;;;;;;2025-11-11 09:59:38.245;admin;;;;;;;;;;;f;;;;;;;;;;;;;;;
376;3a19e0cf-46da-437f-8eba-dd96f0df6249;000156;-;;;387;;;;;2025-01-27 14:08:45;0;;0.0000;0.0000;3;0.0000;0.0000;0.0000;0.00000000000000000000;0.0000;0.0000;0.00000000000000000000;;;;;;;;1.00000000;;;3478.95000000;;0;;;;;0;;;;;;2025-01-27 14:08:45;;2025-01-27 14:08:45;;;;;;;;;;;;;;;;;;;;;;;;;
396;3b7b59f7-7ebc-4825-895c-6f3cf330965e;000176;-;;;407;;;;;2025-08-13 13:59:58;0;;0.0000;0.0000;3;0.0000;0.0000;0.0000;0.00000000000000000000;0.0000;0.0000;0.00000000000000000000;;;;;;;;1.00000000;;;2399.31000000;;0;;;;;0;;;;;;2025-08-13 13:59:58;;2025-08-13 13:59:58;;;;;;;;;;;;;;;;;;;;;;;;;
260;6a9559ab-6386-40f9-a6b4-99665e6118a4;000040;-;;;270;;;;;2024-01-12 20:13:35;0;;0.0000;0.0000;3;0.0000;0.0000;0.0000;0.00000000000000000000;0.0000;0.0000;0.00000000000000000000;;;;;;2;;1.00000000;;;4797.11000000;;0;;;;;0;;;;;;2024-01-12 20:13:35;;2024-01-12 20:13:35;;;;;;;;;;;;;;;;;;;;;;;;;
456;b7268d31-8f69-448e-af58-c868cb0db22a;000236;-;;;467;;;;;2025-10-10 11:47:24;0;;0.0000;0.0000;3;0.0000;0.0000;0.0000;0.00000000000000000000;0.0000;0.0000;0.00000000000000000000;;;;;;;;1.00000000;;;8916.42000000;;0;;;;;0;;;;;;2025-10-10 11:47:24;;2025-10-10 11:47:24;;;;;;;;;;;;;;;;;;;;;;;;;
392;04885171-c362-48f0-add0-62b37cd3162b;000172;-;;;403;;;;;2025-08-05 15:39:35;0;;0.0000;0.0000;3;0.0000;0.0000;0.0000;0.00000000000000000000;0.0000;0.0000;0.00000000000000000000;;;;;;;;1.00000000;;;3586.05000000;;0;;;;;0;;;;;;2025-08-05 15:39:35;;2025-08-05 15:39:35;;;;;;;;;;;;;;;;;;;;;;;;;
222;4d02bee2-1011-4cb0-8ff8-e977649b328e;000002;-;;;231;;;;;2024-01-06 14:56:34;0;;0.0000;0.0000;1;0.0000;0.0000;0.0000;0.00000000000000000000;0.0000;0.0000;0.00000000000000000000;;;;;;2;;1.00000000;;;70.00000000;;0;;;;;0;;;;;;2024-01-06 14:56:34;;2024-01-06 14:56:34;;10;;;;;;;;;;;;;;;;;;;;;;;
422;7887d052-e807-4640-a8da-a4d237985bfb;000202;-;;;433;;;;;2025-08-26 15:39:34;0;;0.0000;0.0000;3;0.0000;0.0000;0.0000;0.00000000000000000000;0.0000;0.0000;0.00000000000000000000;;;;;;;;1.00000000;;;1979.57000000;;0;;;;;0;;;;;;2025-08-26 15:39:34;;2025-08-26 15:39:34;;;;;;;;;;;;;;;;;;;;;;;;;
225;bc56f0f6-da12-41d1-b95e-f2f95ad8135e;000005;-;;;234;;;;;2024-01-06 14:58:00;0;;0.0000;0.0000;1;0.0000;0.0000;0.0000;0.00000000000000000000;0.0000;0.0000;0.00000000000000000000;;;;;;2;;1.00000000;;;50.00000000;;0;;;;;0;;;;;;2024-01-06 14:58:00;;2024-01-06 14:58:00;;8;;;;;;;;;;;;;;;;;;;;;;;
259;6adce042-835d-4877-8310-a31a629a8e4d;000039;-;;;269;;;;;2024-01-12 20:09:53;0;;0.0000;0.0000;3;0.0000;0.0000;0.0000;0.00000000000000000000;0.0000;0.0000;0.00000000000000000000;;;;;;2;;1.00000000;;;19159.66390000;;0;;;;;0;;;;;;2024-01-12 20:09:53;;2024-01-12 20:09:53;;3;;;;;;;;;;;;;;;;;;;;;;;
394;7e9c0710-e69e-45f7-b52e-8f74287d8fd5;000174;-;;;405;;;;;2025-08-05 15:39:35;0;;0.0000;0.0000;3;0.0000;0.0000;0.0000;0.00000000000000000000;0.0000;0.0000;0.00000000000000000000;;;;;;;;1.00000000;;;3112.25000000;;0;;;;;0;;;;;;2025-08-05 15:39:35;;2025-08-05 15:39:35;;;;;;;;;;;;;;;;;;;;;;;;;
393;93c28ead-c55e-41b0-b204-dc7fb8b804de;000173;-;;;404;;;;;2025-08-05 15:39:35;0;;0.0000;0.0000;3;0.0000;0.0000;0.0000;0.00000000000000000000;0.0000;0.0000;0.00000000000000000000;;;;;;;;1.00000000;;;3478.95000000;;0;;;;;0;;;;;;2025-08-05 15:39:35;;2025-08-05 15:39:35;;;;;;;;;;;;;;;;;;;;;;;;;
98;c3786e75-43da-4dfc-8268-d1726fdd48a7;;-;;;98;;;;;;0;;0.0000;0.0000;3;0.0000;0.0000;0.0000;0.00000000000000000000;0.0000;0.0000;0.00000000000000000000;1;;;;;2;;1.00000000;;;2855.18000000;;0;;;;;0;;;;;;2024-01-06 14:19:43;;2024-01-06 14:19:43;;;;;;2;;;;;;;;;;;;;;;;;;;
331;fe6903fc-e42c-47c0-a8f8-d9750eb61525;000111;-;;;341;;;;;2025-01-10 17:41:49;0;;0.0000;0.0000;1;0.0000;0.0000;0.0000;0.00000000000000000000;0.0000;0.0000;0.00000000000000000000;;;;;;2;;1.00000000;;;65.00000000;;0;;;;;0;;;;;;2025-01-10 17:41:49;;2025-01-10 17:41:49;;8;;;;;;;;;;;;;;;;;;;;;;;
94;f084ff4f-5b61-4cf0-9a3d-d41b1b82897f;;-;;;94;;;;;;0;;0.0000;0.0000;3;0.0000;0.0000;0.0000;0.00000000000000000000;0.0000;0.0000;0.00000000000000000000;1;;;;;2;;1.00000000;;;2927.68000000;;0;;;;;0;;;;;;2024-01-06 14:19:43;;2024-01-06 14:19:43;;;;;;2;;;;;;;;;;;;;;;;;;;
425;19892245-8382-4003-9165-0f3b99014ebd;000205;-;;;436;;;;;2025-08-26 15:43:07;0;;0.0000;0.0000;3;0.0000;0.0000;0.0000;0.00000000000000000000;0.0000;0.0000;0.00000000000000000000;;;;;;;;1.00000000;;;1759.97000000;;0;;;;;0;;;;;;2025-08-26 15:43:07;;2025-08-26 15:43:07;;;;;;;;;;;;;;;;;;;;;;;;;
582;30cbb96e-c3e8-4c92-bf79-a7e1ceb306a5;;;;;593;1;f;;;;0;0;0.0000;0.0000;3;0.0000;0.0000;0.0000;0.00000000000000000000;0.0000;0.0000;0.00000000000000000000;;;;;;;;0.00000000;0.00000000;;0.00000000;0;0;0;0;0;0;0;;;f;;;2026-02-18 13:22:21.59;FAHIM;2026-02-22 13:48:22.491164;FAHIM;0;0.0000;0.0000;;;0;;;f;;0;0.00000000;0;;0;0.00000000;f;0.0000;0.0000;0.0000;0.0000;0.0000;"";""
61;a7b675bd-a53b-4fb1-9736-9334c1ef6eb5;;-;;;61;;;;;;0;;0.0000;0.0000;3;0.0000;0.0000;0.0000;0.00000000000000000000;0.0000;0.0000;0.00000000000000000000;1;;;;;2;;1.00000000;;;3132.68000000;;0;;;;;0;;;;;;2024-01-06 14:19:39;;2024-01-06 14:19:39;;;;;;2;;;;;;;;;;;;;;;;;;;
399;e66c755d-a36c-4338-8218-3b68844882a9;000179;-;;;410;;;;;2025-08-13 14:44:45;0;;0.0000;0.0000;3;0.0000;0.0000;0.0000;0.00000000000000000000;0.0000;0.0000;0.00000000000000000000;;;;;;;;1.00000000;;;2588.24000000;;0;;;;;0;;;;;;2025-08-13 14:44:45;;2025-08-13 14:44:45;;;;;;;;;;;;;;;;;;;;;;;;;
223;18059acd-5a1c-4b60-80db-74c54bae28ad;000003;-;;;232;;;;;2024-01-06 14:56:34;0;;0.0000;0.0000;1;0.0000;0.0000;0.0000;0.00000000000000000000;0.0000;0.0000;0.00000000000000000000;;;;;;2;;1.00000000;;;50.00000000;;0;;;;;0;;;;;;2024-01-06 14:56:34;;2024-01-06 14:56:34;;11;;;;;;;;;;;;;;;;;;;;;;;
258;a3e17901-e2e9-4072-8490-16d149e0127b;000038;-;;;268;;;;;2024-01-12 20:07:41;0;;0.0000;0.0000;3;0.0000;0.0000;0.0000;0.00000000000000000000;0.0000;0.0000;0.00000000000000000000;;;;;;2;;1.00000000;;;5136.11000000;;0;;;;;0;;;;;;2024-01-12 20:07:41;;2024-01-12 20:07:41;;;;;;;;;;;;;;;;;;;;;;;;;
377;072ba6b2-f39f-4410-b93b-0901e65f60e3;000157;-;;;388;;;;;2025-01-27 14:10:25;0;;0.0000;0.0000;3;0.0000;0.0000;0.0000;0.00000000000000000000;0.0000;0.0000;0.00000000000000000000;;;;;;;;1.00000000;;;3484.67000000;;0;;;;;0;;;;;;2025-01-27 14:10:25;;2025-01-27 14:10:25;;;;;;;;;;;;;;;;;;;;;;;;;
397;51652924-363b-44ee-9cb8-00342ed0cc8d;000177;-;;;408;;;;;2025-08-13 14:05:59;0;;0.0000;0.0000;3;0.0000;0.0000;0.0000;0.00000000000000000000;0.0000;0.0000;0.00000000000000000000;;;;;;;;1.00000000;;;2099.47000000;;0;;;;;0;;;;;;2025-08-13 14:05:59;;2025-08-13 14:05:59;;;;;;;;;;;;;;;;;;;;;;;;;
158;68b02298-e752-4916-bc72-6da79e43b78c;;-;;;158;;;;;;0;;0.0000;0.0000;1;0.0000;0.0000;0.0000;0.00000000000000000000;0.0000;0.0000;0.00000000000000000000;1;;;;;2;;1.00000000;;;600.00000000;;0;;;;;0;;;;;;2024-01-06 14:19:51;;2024-01-06 15:35:21;;5;;;;2;;;;;;;;;;;;;;;;;;;
103;d855cb88-9ce8-4b84-87ef-f16819beb639;;-;;;103;;;;;;0;;0.0000;0.0000;3;0.0000;0.0000;0.0000;0.00000000000000000000;0.0000;0.0000;0.00000000000000000000;1;;;;;2;;1.00000000;;;2762.68000000;;0;;;;;0;;;;;;2024-01-06 14:19:44;;2024-01-06 14:19:44;;;;;;2;;;;;;;;;;;;;;;;;;;
159;74335103-a509-47c9-8711-1932b295bbcd;;-;;;159;;;;;;0;;0.0000;0.0000;1;0.0000;0.0000;0.0000;0.00000000000000000000;0.0000;0.0000;0.00000000000000000000;1;;;;;2;;1.00000000;;;9000.00000000;;0;;;;;0;;;;;;2024-01-06 14:19:51;;2024-01-06 15:35:21;;2;;;;2;;;;;;;;;;;;;;;;;;;
583;334f15cf-4430-4a50-a150-60442d0c27e8;;;;;594;1;;;;;;;;;3;;;;;;;;;;;;;;;;;;;;0;;;;;0;;;;;;2026-02-18 13:22:21.675;FAHIM;;;;;;;;;;;f;;;;;;;;;;;;;;;
378;ba507036-10f1-4f81-ad43-3fc71bb55ec8;000158;-;;;389;;;;;2025-01-28 11:01:15;0;;0.0000;0.0000;3;0.0000;0.0000;0.0000;0.00000000000000000000;0.0000;0.0000;0.00000000000000000000;;;;;;;;1.00000000;;;2500.00000000;;0;;;;;0;;;;;;2025-01-28 11:01:15;;2025-01-28 11:01:15;;1;;;;;;;;;;;;;;;;;;;;;;;
375;718fc01c-9e86-4d7f-9a8b-7e7263b57adf;000155;-;;;386;;;;;2025-01-27 14:07:38;0;;0.0000;0.0000;3;0.0000;0.0000;0.0000;0.00000000000000000000;0.0000;0.0000;0.00000000000000000000;;;;;;;;1.00000000;;;2985.04480000;;0;;;;;0;;;;;;2025-01-27 14:07:38;;2025-01-27 14:07:38;;5;;;;;;;;;;;;;;;;;;;;;;;
629;bec36641-9a4a-4be3-b636-0fc9e854cde4;;;;;640;1;;;;;;;;;3;;;;;;;;;;;;;;;;;;;;0;;;;;0;;;;;;2026-04-22 13:50:13.508;MASSY;;;;;;;;;;;f;;;;;;;;;;;;;;;
391;7e156fcf-2c9e-49c0-b075-932a48edbecf;000171;-;;;402;;;;;2025-08-05 15:39:35;0;;0.0000;0.0000;3;0.0000;0.0000;0.0000;0.00000000000000000000;0.0000;0.0000;0.00000000000000000000;;;;;;;;1.00000000;;;3453.60000000;;0;;;;;0;;;;;;2025-08-05 15:39:35;;2025-08-05 15:39:35;;;;;;;;;;;;;;;;;;;;;;;;;
487;aa5ed072-a71e-4772-af87-1d7e3ded7044;;;;;498;1;;;;;;;;;1;;;;;;;;;;;;;;;;;;;;0;;;;;0;;;;;;2025-11-12 15:37:56.153;admin;;;;;;;;;;;f;;;;;;;;;;;;;;;
156;e7e81267-57e1-4892-a6ed-f005c12ce564;;-;;;156;;;;;;0;;0.0000;0.0000;1;0.0000;0.0000;0.0000;0.00000000000000000000;0.0000;0.0000;0.00000000000000000000;1;;;;;2;;1.00000000;;;0.00000000;;0;;;;;0;;;;;;2024-01-06 14:19:51;;2024-01-06 15:35:21;;2;;;;2;;;;;;;;;;;;;;;;;;;
316;745f98c2-bf31-4896-a4a1-af039c1cf98f;000096;-;;;326;;;;;2025-01-07 19:53:54;0;;0.0000;0.0000;3;0.0000;0.0000;0.0000;0.00000000000000000000;0.0000;0.0000;0.00000000000000000000;;;;;;2;;1.00000000;;;800.00000000;;0;;;;;0;;;;;;2025-01-07 19:53:54;;2025-01-07 19:53:54;;;;;;;;;;;;;;;;;;;;;;;;;
584;77d55961-40ef-47b7-bc78-300f61ff1b99;;;;;595;1;;;;;;;;;3;;;;;;;;;;;;;;;;;;;;0;;;;;0;;;;;;2026-02-18 13:22:21.763;FAHIM;;;;;;;;;;;f;;;;;;;;;;;;;;;
342;d1d56e9c-5265-4f5c-add5-37b6f358bf68;000122;-;;;352;;;;;2025-01-15 19:25:00;0;;0.0000;0.0000;1;0.0000;0.0000;0.0000;0.00000000000000000000;0.0000;0.0000;0.00000000000000000000;;;;;;2;;1.00000000;;;20000.00000000;;0;;;;;0;;;;;;2025-01-15 19:25:00;;2025-01-15 19:25:00;;8;;;;;;;;;;;;;;;;;;;;;;;
226;8aefc9ea-53b9-45bb-8e87-a4240f05b548;000006;-;;;235;;;;;2024-01-06 16:33:38;0;;0.0000;0.0000;1;0.0000;0.0000;0.0000;0.00000000000000000000;0.0000;0.0000;0.00000000000000000000;;;;;;2;;1.00000000;;;60.00000000;;0;;;;;0;;;;;;2024-01-06 16:33:38;;2024-01-06 16:33:38;;11;;;;;;;;;;;;;;;;;;;;;;;
455;acf1a656-4a98-448c-97eb-ff30260140d2;000235;-;;;466;;;;;2025-10-10 11:45:52;0;;0.0000;0.0000;3;0.0000;0.0000;0.0000;0.00000000000000000000;0.0000;0.0000;0.00000000000000000000;;;;;;;;1.00000000;;;6902.43000000;;0;;;;;0;;;;;;2025-10-10 11:45:52;;2025-10-10 11:45:52;;;;;;;;;;;;;;;;;;;;;;;;;
256;2a8caf4b-a6ae-4cdb-8b77-eec86e369ba8;000036;-;;;266;;;;;2024-01-12 20:01:23;0;;0.0000;0.0000;3;0.0000;0.0000;0.0000;0.00000000000000000000;0.0000;0.0000;0.00000000000000000000;;;;;;2;;1.00000000;;;5052.11000000;;0;;;;;0;;;;;;2024-01-12 20:01:23;;2024-01-12 20:01:23;;;;;;;;;;;;;;;;;;;;;;;;;
374;ed61eddf-0a5c-4a2c-9a4e-96442d406a19;000154;-;;;385;;;;;2025-01-27 13:23:00;0;;0.0000;0.0000;3;0.0000;0.0000;0.0000;0.00000000000000000000;0.0000;0.0000;0.00000000000000000000;;;;;;;;1.00000000;;;2835.96010000;;0;;;;;0;;;;;;2025-01-27 13:23:00;;2025-01-27 13:23:00;;3;;;;;;;;;;;;;;;;;;;;;;;
224;4b15e3f5-ac3a-43e3-ab4b-008464d1eca1;000004;-;;;233;;;;;2024-01-06 14:56:34;0;;0.0000;0.0000;1;0.0000;0.0000;0.0000;0.00000000000000000000;0.0000;0.0000;0.00000000000000000000;;;;;;2;;1.00000000;;;140.00000000;;0;;;;;0;;;;;;2024-01-06 14:56:34;;2024-01-06 14:56:34;;10;;;;;;;;;;;;;;;;;;;;;;;
262;ef14e08e-ad63-4d3c-a218-90dcc1348fbc;000042;-;;;272;;;;;2024-01-12 20:18:27;0;;0.0000;0.0000;3;0.0000;0.0000;0.0000;0.00000000000000000000;0.0000;0.0000;0.00000000000000000000;;;;;;2;;1.00000000;;;6898.93000000;;0;;;;;0;;;;;;2024-01-12 20:18:27;;2024-01-12 20:18:27;;;;;;;;;;;;;;;;;;;;;;;;;
257;c2a4a55a-9a9d-47a6-9bbb-5c654275818f;000037;-;;;267;;;;;2024-01-12 20:05:17;0;;0.0000;0.0000;3;0.0000;0.0000;0.0000;0.00000000000000000000;0.0000;0.0000;0.00000000000000000000;;;;;;2;;1.00000000;;;4497.11000000;;0;;;;;0;;;;;;2024-01-12 20:05:17;;2024-01-12 20:05:17;;;;;;;;;;;;;;;;;;;;;;;;;
388;fd5184ba-0c59-4839-9982-8f513e336e82;000168;-;;;399;;;;;2025-08-03 15:31:10;0;;0.0000;0.0000;3;0.0000;0.0000;0.0000;0.00000000000000000000;0.0000;0.0000;0.00000000000000000000;;;;;;;;1.00000000;;;6898.93000000;;0;;;;;0;;;;;;2025-08-03 15:31:10;;2025-08-03 15:31:10;;;;;;;;;;;;;;;;;;;;;;;;;
581;809d48c3-6c7e-4818-a80c-634de708077a;;;;;592;1;;;;;;;;;3;;;;;;;;;;;;;;;;;;;;0;;;;;0;;;;;;2026-02-18 13:22:21.452;FAHIM;;;;;;;;;;;f;;;;;;;;;;;;;;;
261;4edbb29b-5887-433f-88c4-222742354f09;000041;-;;;271;;;;;2024-01-12 20:13:35;0;;0.0000;0.0000;3;0.0000;0.0000;0.0000;0.00000000000000000000;0.0000;0.0000;0.00000000000000000000;;;;;;2;;1.00000000;;;5352.11000000;;0;;;;;0;;;;;;2024-01-12 20:13:35;;2024-01-12 20:13:35;;;;;;;;;;;;;;;;;;;;;;;;;
424;3f1d77da-4d29-4bef-b1e8-33635f9373f2;000204;-;;;435;;;;;2025-08-26 15:42:11;0;;0.0000;0.0000;3;0.0000;0.0000;0.0000;0.00000000000000000000;0.0000;0.0000;0.00000000000000000000;;;;;;;;1.00000000;;;1841.76000000;;0;;;;;0;;;;;;2025-08-26 15:42:11;;2025-08-26 15:42:11;;;;;;;;;;;;;;;;;;;;;;;;;
