Oid;SyncId;Code;Barcode;Reference;Label1;Label2;Label3;Type;VAT;URL;IsBatchManaged;IsPerishable;IsDirectDistributed;DefaultBatchStatus;Family;Category1;Category2;Category3;Category4;Category5;AccountingCode;SearchField;Image;Brand;Medecine;Remark;Note;PriceListScaleType;VWAP;VWAPphysical;VWAPinvoice;LPP;Quantity;QuantityMin;QuantityMin2;QuantityMax;QuantityMax2;TariffType;MaxFU;MinPP;MaxPP;MinSP;MaxSP;IsBOM;ManagedBySerialNumber;ManagedByQuota;Equivalence;Conditioning;DefaultPacking;PurchasePacking;SalesPacking;UnitPacking;IsOutOfService;UseNegativeStock;IsSalesOnState;IsUnderCommission;IsInterpretedCode;IsEditablePrice;IsUnitManaged;IsOutputControlled;IsPrintable;UnitValue;UnitWeight;IsRawMaterial;PhysicalQuantity;LogicalQuantity;DamagedQuantity;ArrivedQuantity;ReservedQuantity;DraftQuantity;Blocked;BlockedBy;BlockedDate;UnitOfMeasure;Locked;LockedBy;LockedDate;CreationDate;CreatedBy;LastModificationDate;ModifiedBy;OptimisticLockField;PromotionIn;ResultInPromotion;MedicineCode;IsExcluded;Coefficient1;Coefficient2;Usn;IsDecomposableOnly;IsComposableOnly;IsCamsspRefundable;ExpirationDays;DeadStockDays;Location;Width;Height;Length;Thickness;VisibleInVirtualMarket;BlockingReason;IsForLease;Surface;IsImmobilization;IsMostUsed;BlockedReservationQuantity;DefaultInterpretedCode;DefaultFormula;SHP;InvoiceQuantity;IsTactileSelling;PromotionDiscount;StartOfPromotion;EndOfPromotion;IsLoyalty;LoyaltyRatio;IsSemiFinished;StockAccount;ProductionAccount;ConsumptionAccount;ToSynchronize;Pattern;IsSparePart;MarginItem;PerRangeFrom;PerRangeTo;Equivalents;PackingCodes;IsSent;DimensionType
359;c4acf859-b038-4647-b8cb-ac103c84ac43;P34R00;;R;PIED METAL ECO RENFORT M 60;;;0;3;;f;f;f;2;13;;1;;;;;PIED METAL ECO RENFORT M 60;;;;;;;1738.01370000;0.00000000;0.00000000;4000.00000000;0;0;0;300;0;0;0;0.00000000;0.00000000;0.00000000;0.00000000;t;f;f;00000000-0000-0000-0000-000000000000;0.00000000;295;;;;f;f;f;f;f;f;f;f;f;0;0;f;0;164;0;0;0;0;0;;;Unité;f;;;;;2026-02-07 10:07:34.062993;FAHIM;391;;;;f;0.00000000;0.00000000;0;f;t;f;0;0;1;0.0000;0.0000;0.0000;0.0000;f;;f;0.0000;f;f;0;;359;0.00000000;-247;f;0.000000000000000;;;f;0.00000000;f;;;;f;;f;0.00000000;;;359;"";f;0
405;e8207191-6f54-4151-82e2-5f0b582e6a36;P41180;;180;STRUCTURE METALIQUE  Z ONE 180;;;0;3;;f;f;f;2;14;;;;;;;;;;;;;;3112.25000000;0.00000000;0.00000000;0.00000000;0;0;0;0;0;0;0;0.00000000;0.00000000;0.00000000;0.00000000;t;f;f;00000000-0000-0000-0000-000000000000;0.00000000;332;;;;t;f;f;f;f;f;f;f;f;0;0;f;0;0;0;0;0;0;0;;;Unité;f;;;;;2026-02-07 10:07:33.566914;FAHIM;291;;;;f;0.00000000;0.00000000;0;f;t;f;0;0;;0.0000;0.0000;0.0000;0.0000;f;;f;0.0000;f;f;0;;;0.00000000;-2;f;0.000000000000000;;;f;0.00000000;f;;;;f;;f;0.00000000;;;;;f;0
681;53f52a16-e512-4f69-ab9a-17e1a6b6f876;000550;;;RIVET 5*30*16;;p_Lot is null;0;1;;f;f;f;;2;;;;;;;RIVET 5*30*16;;;;;;;890.90910000;0.00000000;0.00000000;1500.00000000;0;0;0;0;0;0;;;;;;f;f;f;00000000-0000-0000-0000-000000000000;0.00000000;603;;;603;f;f;f;f;f;f;f;f;f;0;0;f;0;11;0;0;0;0;0;;;;f;;;2026-06-07 10:31:33.156666;OULAID-B;;;88;;;;f;0.00000000;0.00000000;0;f;f;f;0;0;1;0.0000;0.0000;0.0000;0.0000;f;;f;0.0000;f;f;0;;;0.00000000;0;f;0.000000000000000;;;f;0.00000000;f;;;;f;;f;0.00000000;;;, ;"";f;0
330;3ea19b6a-58df-4592-ad46-272cf1455d74;SCL0014;;;SOCLE  CHAISE IMPERIAL EPOXY;;;0;3;;f;f;f;2;1;4;1;;;;;fa;;;;;;;496.89450000;0.00000000;0.00000000;0.00000000;0;0;0;2000;0;0;0;0.00000000;0.00000000;1900.00000000;2900.00000000;t;f;f;00000000-0000-0000-0000-000000000000;0.00000000;266;;;;f;f;f;f;f;f;f;f;f;0;0;f;0;281;0;0;0;0;0;;;Unité;f;;;;;2026-02-07 10:07:34.429452;FAHIM;452;;;;f;0.00000000;0.00000000;0;f;t;f;0;0;1;0.0000;0.0000;0.0000;0.0000;f;;f;0.0000;f;f;0;;;0.00000000;0;f;0.000000000000000;;;f;0.00000000;f;;;;f;;f;0.00000000;;;;;f;0
25;b3e0c611-6a7b-41b6-b5af-7124f0853c39;EMBOV3018;;;EMBOUT OVAL 30/18;;;0;3;;f;f;f;2;2;2;1;;;;;;;;;;;;2.00080000;0.00000000;0.00000000;2.00000000;8445;0;0;0;0;0;0;0.00000000;0.00000000;0.00000000;0.00000000;f;f;f;00000000-0000-0000-0000-000000000000;0.00000000;22;;;;f;f;f;f;f;f;f;f;f;0;0;t;0;20206;0;0;0;0;0;;;Unité;f;;;;;2026-02-07 10:07:37.566239;FAHIM;321;;;;f;0.00000000;0.00000000;0;f;f;f;0;0;1;0.0000;0.0000;0.0000;0.0000;f;;f;0.0000;f;f;0;;;0.00000000;0;f;0.000000000000000;;;f;0.00000000;f;;;;f;;f;0.00000000;;;;;f;0
213;51382d9a-e67d-4a7b-b4e7-6dcbc1dbbf89;FRP40300;;;FER PLAT 40 X 3 ;;;0;1;;f;f;f;2;2;;1;;;;;;;;;;;;613.44540000;0.00000000;0.00000000;613.44537815;0;0;0;0;0;0;0;0.00000000;0.00000000;0.00000000;0.00000000;f;f;f;00000000-0000-0000-0000-000000000000;0.00000000;182;;;;f;f;f;f;f;f;f;f;f;0;0;f;0;39;0;0;0;0;0;;;Unité;f;;;;;2026-02-07 10:07:35.49442;FAHIM;299;;;;f;0.00000000;0.00000000;0;f;f;f;0;0;1;0.0000;0.0000;0.0000;0.0000;f;;f;0.0000;f;f;0;;;0.00000000;0;f;0.000000000000000;;;f;0.00000000;f;;;;f;;f;0.00000000;;;;;f;0
137;e262f96d-64f1-482e-926d-3b5403a29f29;PINARB40;;;PEINTURE AEROSOL BLANCHE 40;;;0;1;;f;f;f;1;2;;1;;;;;;;;;;;;265.00000000;0.00000000;0.00000000;265.00000000;20;0;0;0;0;0;0;0.00000000;0.00000000;0.00000000;0.00000000;f;f;f;00000000-0000-0000-0000-000000000000;0.00000000;113;;;;f;f;f;f;f;f;f;f;f;0;0;f;0;35;0;0;0;0;0;;;Unité;f;;;;;2026-02-07 10:07:36.406443;FAHIM;293;;;;f;0.00000000;0.00000000;0;f;f;f;0;0;1;0.0000;0.0000;0.0000;0.0000;f;;f;0.0000;f;f;0;;;0.00000000;0;f;0.000000000000000;;;f;0.00000000;f;;;;f;;f;0.00000000;;;;;f;0
667;00f9beea-c58e-4d71-8a8c-192df4923445;000537;;;VISSEUSE PNEUMATIQUE;;p_Lot is null;0;1;;f;f;f;;5;5;;;;;;VISSEUSE PNEUMATIQUE;;;;;;;9000.00000000;0.00000000;0.00000000;9000.00000000;0;0;0;0;0;0;;;;;;f;f;f;00000000-0000-0000-0000-000000000000;0.00000000;589;;;589;f;f;f;f;f;f;f;f;f;0;0;f;0;4;0;0;0;0;0;;;;f;;;2026-05-24 11:08:09.145637;FAHIM;;;88;;;;f;0.00000000;0.00000000;0;f;f;f;0;0;1;0.0000;0.0000;0.0000;0.0000;f;;f;0.0000;f;f;0;;;0.00000000;0;f;0.000000000000000;;;f;0.00000000;f;;;;f;;f;0.00000000;;;, ;"";f;0
449;edc5941b-929a-48ef-aeb2-e4d7edf5d3a3;PSMLAB68;;;PIED METAL LABO  M 68    SOUDEE            ;;;0;3;;f;f;f;2;13;;1;;;;;;;;;;;;3005.32000000;0.00000000;0.00000000;0.00000000;0;0;0;50;0;0;0;0.00000000;0.00000000;4500.00000000;5000.00000000;t;f;f;00000000-0000-0000-0000-000000000000;0.00000000;372;;;;f;f;f;f;f;f;f;f;f;0;0;f;0;0;0;0;0;0;0;;;Unité;f;;;;;2026-02-07 10:07:33.043445;FAHIM;291;;;;f;0.00000000;0.00000000;0;f;t;f;0;0;1;0.0000;0.0000;0.0000;0.0000;f;;f;0.0000;f;f;0;;;0.00000000;0;f;0.000000000000000;;;f;0.00000000;f;;;;f;;f;0.00000000;;;;;f;0
786;c15e167f-5980-4ae3-82ef-3a4535a88b95;000647;;;MARQUEUR ;;p_Lot is null;0;1;;f;f;f;;5;;;;;;;MARQUEUR ;;;;;;;100.00000000;0.00000000;0.00000000;100.00000000;0;0;0;0;0;0;;;;;;f;f;f;00000000-0000-0000-0000-000000000000;0.00000000;708;;;708;f;f;f;f;f;f;f;f;f;0;0;f;0;24;0;0;0;0;0;;;;f;;;2026-08-30 15:44:10.214687;FAHIM;;;15;;;;f;0.00000000;0.00000000;0;f;f;f;0;0;1;0.0000;0.0000;0.0000;0.0000;f;;f;0.0000;f;f;0;;;0.00000000;0;f;0.000000000000000;;;f;0.00000000;f;;;;f;;f;0.00000000;;;, ;"";f;0
802;3b8fafdf-7d5e-43b4-ae25-f5c9d68b9554;RAL7040MATT ;;;PEINTURE POUDRE EPOXY GRIS DIOUANA;;;0;1;;f;f;f;;2;;;;;;;PEINTURE POUDRE EPOXY GRIS DIOUANA;;;;;;;900.00000000;0.00000000;0.00000000;900.00000000;0;0;0;0;0;0;;;;;;f;f;f;00000000-0000-0000-0000-000000000000;0.00000000;724;;;724;f;f;f;f;f;f;f;f;f;0;0;f;0;20;0;0;0;0;0;;;;f;;;2026-09-09 10:57:21.244397;FAHIM;;;5;;;;f;0.00000000;0.00000000;0;f;f;f;0;0;1;0.0000;0.0000;0.0000;0.0000;f;;f;0.0000;f;f;0;;;0.00000000;0;f;0.000000000000000;;;f;0.00000000;f;;;;f;;f;0.00000000;;;, ;"";f;0
106;97277b8f-bce8-4e7a-8885-52503041d584;PCLZR95;;;PIECE DE FEXATION PIETEMENTS;;;0;1;;f;f;f;2;1;;1;;;;;;;;;;;;49.80000000;0.00000000;0.00000000;25.00000000;51;0;0;0;0;0;0;0.00000000;0.00000000;0.00000000;0.00000000;t;f;f;00000000-0000-0000-0000-000000000000;0.00000000;82;;;;f;f;f;f;f;f;f;f;f;0;0;t;0;8;0;0;0;0;0;;;Unité;f;;;;;2026-02-07 10:07:36.80017;FAHIM;390;;;;f;0.00000000;0.00000000;0;f;t;f;0;0;1;0.0000;0.0000;0.0000;0.0000;f;;f;0.0000;f;f;0;;;0.00000000;0;f;0.000000000000000;;;f;0.00000000;f;;;;f;;f;0.00000000;;;;;f;0
82;bae60a56-ddef-484a-9d22-c5ab71c954de;P32H00;;;PIED METALIQUE H;;;0;3;;f;f;f;2;13;;1;;;;;;;;;;;;2000.00000000;0.00000000;0.00000000;0.00000000;0;0;0;80;0;0;0;0.00000000;0.00000000;0.00000000;0.00000000;f;f;f;00000000-0000-0000-0000-000000000000;0.00000000;65;;;;f;f;f;f;f;f;f;f;f;0;0;f;0;0;0;0;0;0;0;;;Unité;f;;;;;2026-02-07 10:07:37.040528;FAHIM;291;;;;f;0.00000000;0.00000000;0;f;f;f;0;0;1;0.0000;0.0000;0.0000;0.0000;f;;f;0.0000;f;f;0;;;0.00000000;0;f;0.000000000000000;;;f;0.00000000;f;;;;f;;f;0.00000000;;;;;f;0
745;d4bb4e00-402d-45c2-ba2a-0bd385a75099;000609;;;TIGE 6*80;;p_Lot is null;0;1;;f;f;f;;5;;;;;;;TIGE 6*80;;;;;;;150.00000000;0.00000000;0.00000000;150.00000000;0;0;0;0;0;0;;;;;;f;f;f;00000000-0000-0000-0000-000000000000;0.00000000;667;;;667;f;f;f;f;f;f;f;f;f;0;0;f;0;10;0;0;0;0;0;;;;f;;;2026-07-29 08:43:14.029363;FAHIM;;;38;;;;f;0.00000000;0.00000000;0;f;f;f;0;0;1;0.0000;0.0000;0.0000;0.0000;f;;f;0.0000;f;f;0;;;0.00000000;0;f;0.000000000000000;;;f;0.00000000;f;;;;f;;f;0.00000000;;;, ;"";f;0
196;d8cfc86c-6fb6-4699-9a36-5ec8047fabb7;FRP4004;;;FER PLAT 40 X 4;;;0;1;;f;f;f;1;2;;1;;;;;;;;;;;;950.00000000;0.00000000;0.00000000;100.00000000;0.1;0;0;0;0;0;0;0.00000000;0.00000000;0.00000000;0.00000000;f;f;f;00000000-0000-0000-0000-000000000000;0.00000000;165;;;;f;f;f;f;f;f;f;f;f;0;0;f;0;33;0;0;0;0;0;;;Unité;f;;;;;2026-02-07 10:07:35.733172;FAHIM;309;;;;f;0.00000000;0.00000000;0;f;f;f;0;0;1;0.0000;0.0000;0.0000;0.0000;f;;f;0.0000;f;f;0;;;0.00000000;0;f;0.000000000000000;;;f;0.00000000;f;;;;f;;f;0.00000000;;;;;f;0
120;f57817c5-d51d-4691-9694-eaf362a1f2ec;BLM1060;;;BOULON M10X60;;;0;1;;f;f;f;1;2;;1;;;;;;;;;;;;25.00000000;0.00000000;0.00000000;100.00000000;285;0;0;0;0;0;0;0.00000000;0.00000000;0.00000000;0.00000000;f;f;f;00000000-0000-0000-0000-000000000000;0.00000000;96;;;;f;f;f;f;f;f;f;f;f;0;0;f;0;0;0;0;0;0;0;;;Unité;f;;;;;2026-02-07 10:07:36.624343;FAHIM;309;;;;f;0.00000000;0.00000000;0;f;f;f;0;0;1;0.0000;0.0000;0.0000;0.0000;f;;f;0.0000;f;f;0;;;0.00000000;0;f;0.000000000000000;;;f;0.00000000;f;;;;f;;f;0.00000000;;;;;f;0
801;929f2f02-eeaf-490f-91ce-0ba57ed243cf;000661;;;ZIRCON 8002;;;0;3;;f;f;f;;10;;;;;;;ZIRCON 8002;;;;;;;14100.00000000;0.00000000;0.00000000;14100.00000000;0;0;0;0;0;0;;;;;;f;f;f;00000000-0000-0000-0000-000000000000;0.00000000;723;;;723;f;f;f;f;f;f;f;f;f;0;0;f;0;0;0;0;0;0;0;;;;f;;;2026-09-06 16:51:22.536553;FAHIM;;;14;;;;f;0.00000000;0.00000000;0;f;f;f;0;0;1;0.0000;0.0000;0.0000;0.0000;f;;f;0.0000;f;f;0;;;0.00000000;0;f;0.000000000000000;;;f;0.00000000;f;;;;f;;f;0.00000000;;;, ;"";f;0
803;26d5761c-cd2a-49c6-990d-a18d6ecc7e6c;000662;;;FERMETURE N°7;;;0;1;;f;f;f;;2;;;;;;;FERMETURE N°7;;;;;;;24.06000000;0.00000000;0.00000000;24.06000000;0;0;0;0;0;0;;;;;;f;f;f;00000000-0000-0000-0000-000000000000;0.00000000;725;;;725;f;f;f;f;f;f;f;f;f;0;0;f;0;914;0;0;0;0;0;;;;f;;;2026-09-09 12:29:12.032707;FAHIM;;;4;;;;f;0.00000000;0.00000000;0;f;f;f;0;0;1;0.0000;0.0000;0.0000;0.0000;f;;f;0.0000;f;f;0;;;0.00000000;0;f;0.000000000000000;;;f;0.00000000;f;;;;f;;f;0.00000000;;;, ;"";f;0
554;66e15267-f650-41f1-ba4a-dda7ddc7228b;VERNOIR;;;VERRE NOIR ;;p_Lot is null;0;1;;f;f;f;;15;;;;;;;VERRE NOIR ;;;;;;;3500.00000000;0.00000000;0.00000000;3500.00000000;0;0;0;0;0;0;;;;;;f;f;f;00000000-0000-0000-0000-000000000000;0.00000000;476;;;476;f;f;t;f;f;f;f;f;f;0;0;f;0;0;0;0;0;0;0;;;;f;;;2025-12-21 12:56:11.130307;FAHIM;2026-02-07 10:07:31.750397;FAHIM;229;;;;f;0.00000000;0.00000000;0;f;f;f;0;0;1;0.0000;0.0000;0.0000;0.0000;f;;f;0.0000;f;f;0;;;0.00000000;0;f;0.000000000000000;;;f;0.00000000;f;;;;f;;f;0.00000000;;;000085;"";f;0
357;abbd394b-10a6-407d-99f5-64983fe7f5cd;BTR-TF;;;VIS A LAIN M6X40 ;;;0;3;;f;f;f;2;5;5;;;;;;VIS A LAIN M6X40 ;;;;;;;4.88000000;0.00000000;0.00000000;4.88000000;300;0;0;0;0;0;0;0.00000000;0.00000000;0.00000000;0.00000000;f;f;f;00000000-0000-0000-0000-000000000000;0.00000000;293;;;;f;f;f;f;f;f;f;f;f;0;0;t;0;0;0;0;0;0;0;;;Unité;f;;;;;2026-02-07 10:07:34.088602;FAHIM;292;;;;f;0.00000000;0.00000000;0;f;f;f;0;0;;0.0000;0.0000;0.0000;0.0000;f;;f;0.0000;f;f;0;;;0.00000000;0;f;0.000000000000000;;;f;0.00000000;f;;;;f;;f;0.00000000;;;357;"";f;0
779;3b2393a9-eb89-4eac-ac20-434d69b64601;000640;;;VIS 4 X 16;;;0;1;;f;f;f;;5;;;;;;;VIS 4 X 16;;;;;;;550.00000000;0.00000000;0.00000000;550.00000000;0;0;0;0;0;0;;;;;;f;f;f;00000000-0000-0000-0000-000000000000;0.00000000;701;;;701;f;f;f;f;f;f;f;f;f;0;0;f;0;5;0;0;0;0;0;;;;f;;;2026-08-30 12:34:22.714311;FAHIM;;;19;;;;f;0.00000000;0.00000000;0;f;f;f;0;0;1;0.0000;0.0000;0.0000;0.0000;f;;f;0.0000;f;f;0;;;0.00000000;0;f;0.000000000000000;;;f;0.00000000;f;;;;f;;f;0.00000000;;;, ;"";f;0
664;8a9d8656-86cf-4063-9756-5187801b99b1;CHBSTN;;;CHAISE BOSTON;;p_Lot is null;0;3;;f;f;f;;10;11;;;;;;CHAISE BOSTON;;;;;;;5300.00000000;0.00000000;0.00000000;5300.00000000;0;0;0;0;0;0;;;;;;f;f;f;00000000-0000-0000-0000-000000000000;0.00000000;586;;;586;f;f;f;f;f;f;f;f;f;0;0;f;0;0;0;0;0;0;0;;;;f;;;2026-05-20 14:13:06.075787;FAHIM;;;110;;;;f;0.00000000;0.00000000;0;f;f;f;0;0;1;0.0000;0.0000;0.0000;0.0000;f;;f;0.0000;f;f;0;;;0.00000000;-3;f;0.000000000000000;;;f;0.00000000;f;;;;f;;f;0.00000000;;;, ;"";f;0
601;7db4e5af-857f-4cd4-9f7e-405f748689f0;EMBR22;;;EMBOUTS RONDS EXTERIEURS 22;;p_Lot is null;0;3;;f;f;f;;3;2;;;;;;EMBOUTS RONDS EXTERIEURS 22;;;;;;;2.94120000;0.00000000;0.00000000;2.94117647;0;0;0;0;0;0;;;;;;f;f;f;00000000-0000-0000-0000-000000000000;0.00000000;523;;;523;f;f;f;f;f;f;f;f;f;0;0;t;0;500;0;0;0;0;0;;;;f;;;2026-03-05 10:35:11.860482;FAHIM;2026-03-17 11:15:11.818853;FAHIM;179;;;;f;0.00000000;0.00000000;0;f;f;f;0;0;1;0.0000;0.0000;0.0000;0.0000;f;;f;0.0000;f;f;0;;;0.00000000;0;f;0.000000000000000;;;f;0.00000000;f;;;;f;;f;0.00000000;;;000132;"";f;0
465;12e28656-e127-4953-9864-7074f52f760e;TABB002;;;"PIED METAL TABLE BREIFING P/PLAT 120
";;;0;3;;f;f;f;2;13;;1;;;;;"PIED METAL TABLE BREIFING P/PLAT 120
";;;;;;;1724.19000000;0.00000000;0.00000000;0.00000000;5;0;0;30;0;0;0;0.00000000;0.00000000;0.00000000;0.00000000;t;f;f;00000000-0000-0000-0000-000000000000;0.00000000;388;;;;f;f;f;f;f;f;f;f;f;0;0;f;0;0;0;0;0;0;0;;;Unité;f;;;;;2026-02-07 10:07:32.806411;FAHIM;292;;;;f;0.00000000;0.00000000;0;f;t;f;0;0;1;0.0000;0.0000;0.0000;0.0000;f;;f;0.0000;f;f;0;;465;0.00000000;-15;f;0.000000000000000;;;f;0.00000000;f;;;;f;;f;0.00000000;;;465;"";f;0
142;e9c172fc-729c-402c-8c3c-fb62a73f6c79;ECRF800;;;ECROU A FREIN M8;;;0;1;;f;f;f;2;2;;1;;;;;;;;;;;;8.00000000;0.00000000;0.00000000;7.00000000;1435;0;0;0;0;0;0;0.00000000;0.00000000;0.00000000;0.00000000;f;f;f;00000000-0000-0000-0000-000000000000;0.00000000;118;;;;f;f;f;f;f;f;f;f;f;0;0;f;0;0;0;0;0;0;0;;;Unité;f;;;;;2026-02-07 10:07:36.34509;FAHIM;312;;;;f;0.00000000;0.00000000;0;f;f;f;0;0;1;0.0000;0.0000;0.0000;0.0000;f;;f;0.0000;f;f;0;;;0.00000000;0;f;0.000000000000000;;;f;0.00000000;f;;;;f;;f;0.00000000;;;;;f;0
647;9c26be35-d97a-4efb-a013-18bd0a24c916;000518;;;TABLE HAUTE;;p_Lot is null;0;3;;f;f;f;;10;11;;;;;;TABLE HAUTE;;;;;;;0.00000000;0.00000000;0.00000000;0.00000000;0;0;0;0;0;0;;;;;;f;f;f;00000000-0000-0000-0000-000000000000;0.00000000;569;;;569;f;f;f;f;f;f;f;f;f;0;0;f;0;0;0;0;0;0;0;;;;f;;;2026-04-29 14:45:21.079172;FAHIM;;;110;;;;f;0.00000000;0.00000000;0;f;f;f;0;0;1;0.0000;0.0000;0.0000;0.0000;f;;f;0.0000;f;f;0;;;0.00000000;0;f;0.000000000000000;;;f;0.00000000;f;;;;f;;f;0.00000000;;;, ;"";f;0
497;ef1620c0-6fb7-4b4f-bd73-efe6a1a4549c;CJP0200;;;CACHE JUPE P/ PLAT 200;;p_Lot is null;0;1;;f;f;f;;11;;;;;;;CACHE JUPE P/ PLAT 200;;;;;;;801.48510000;0.00000000;0.00000000;0.00000000;0;0;0;0;0;0;;;;;;t;f;f;00000000-0000-0000-0000-000000000000;0.00000000;419;;;419;f;f;f;f;f;f;f;f;f;0;0;f;0;0;0;0;0;0;0;;;;f;;;2025-11-12 15:12:44.615952;admin;2026-02-07 10:07:32.499835;FAHIM;268;;;;f;0.00000000;0.00000000;0;f;t;f;0;0;1;0.0000;0.0000;0.0000;0.0000;f;;f;0.0000;f;f;0;;479;0.00000000;0;f;0.000000000000000;;;f;0.00000000;f;;;;f;;f;0.00000000;;;000028;"";f;0
774;e0614023-909c-4dcf-acc9-d19d1b584c9d;000636;;;CHAISE PRESTIGE T 6002;;p_Lot is null;0;3;;f;f;f;;10;;;;;;;CHAISE PRESTIGE T 6002;;;;;;;15000.00000000;0.00000000;0.00000000;15000.00000000;0;0;0;0;0;0;;;;;;f;f;f;00000000-0000-0000-0000-000000000000;0.00000000;696;;;696;f;f;f;f;f;f;f;f;f;0;0;f;0;0;0;0;0;0;0;;;;f;;;2026-08-27 11:12:26.794184;FAHIM;;;25;;;;f;0.00000000;0.00000000;0;f;f;f;0;0;1;0.0000;0.0000;0.0000;0.0000;f;;f;0.0000;f;f;0;;;0.00000000;0;f;0.000000000000000;;;f;0.00000000;f;;;;f;;f;0.00000000;;;, ;"";f;0
714;6c2a9709-8ad1-4bd5-ad56-a028a2f65b17;000582;;;BUREAU 140 AVEC 3 TIROIRES FIXEE SONOMA;;p_Lot is null;0;1;;f;f;f;;10;;;;;;;BUREAU 140 AVEC 3 TIROIRES FIXEE SONOMA;;;;;;;10500.00000000;0.00000000;0.00000000;10500.00000000;0;0;0;0;0;0;;;;;;f;f;f;00000000-0000-0000-0000-000000000000;0.00000000;636;;;636;f;f;f;f;f;f;f;f;f;0;0;f;0;0;0;0;0;0;0;;;;f;;;2026-07-06 14:24:31.006922;FAHIM;;;61;;;;f;0.00000000;0.00000000;0;f;f;f;0;0;1;0.0000;0.0000;0.0000;0.0000;f;;f;0.0000;f;f;0;;;0.00000000;-2;f;0.000000000000000;;;f;0.00000000;f;;;;f;;f;0.00000000;;;, ;"";f;0
39;6c06dd98-ed8b-4e70-a00e-50c92d8163de;TABBH0002;;;SUPORT BAHUT;;;0;1;;f;f;f;2;2;;1;;;;;;;;;;;;0.00000000;0.00000000;0.00000000;100.00000000;0;0;0;0;0;0;0;0.00000000;0.00000000;0.00000000;0.00000000;f;f;f;00000000-0000-0000-0000-000000000000;0.00000000;35;;;;f;f;f;f;f;f;f;f;f;0;0;f;0;0;0;0;0;0;0;;;Unité;f;;;;;2026-02-07 10:07:37.407801;FAHIM;291;;;;f;0.00000000;0.00000000;0;f;f;f;0;0;1;0.0000;0.0000;0.0000;0.0000;f;;f;0.0000;f;f;0;;;0.00000000;0;f;0.000000000000000;;;f;0.00000000;f;;;;f;;f;0.00000000;;;;;f;0
145;0238b431-0d84-412b-8e00-116c85b68e4a;VIS616;;;VISSE RLF  M6 X 16;;;0;1;;f;f;f;2;2;;1;;;;;;;;;;;;1.80670000;0.00000000;0.00000000;1.80672269;875;0;0;0;0;0;0;0.00000000;0.00000000;0.00000000;0.00000000;f;f;f;00000000-0000-0000-0000-000000000000;0.00000000;121;;;;f;f;f;f;f;f;f;f;f;0;0;f;0;0;0;0;0;0;0;;;Unité;f;;;;;2026-02-07 10:07:36.307848;FAHIM;296;;;;f;0.00000000;0.00000000;0;f;f;f;0;0;1;0.0000;0.0000;0.0000;0.0000;f;;f;0.0000;f;f;0;;;0.00000000;0;f;0.000000000000000;;;f;0.00000000;f;;;;f;;f;0.00000000;;;;;f;0
582;39204b05-2fe1-42ac-8355-f6175861c9dc;000463;;;FIL A COUDRE ;;;0;1;;f;f;f;;2;;;;;;;FIL A COUDRE ;;;;;;;354.29290000;0.00000000;0.00000000;550.00000000;0;0;0;0;0;0;;;;;;f;f;f;00000000-0000-0000-0000-000000000000;0.00000000;504;;;504;f;f;f;f;f;f;f;f;f;0;0;f;0;198;0;0;0;0;0;;;;f;;;2026-02-12 10:11:21.511489;FAHIM;;;188;;;;f;0.00000000;0.00000000;0;f;f;f;0;0;1;0.0000;0.0000;0.0000;0.0000;f;;f;0.0000;f;f;0;;;0.00000000;0;f;0.000000000000000;;;f;0.00000000;f;;;;f;;f;0.00000000;;;, ;"";f;0
599;67a301f7-0a74-4fcd-a580-d2fcf12fb694;SCLG020;;;SOCLE CHAISE G 020;;p_Lot is null;0;3;;f;f;f;;1;4;1;;;;;SOCLE CHAISE G 020;;;;;;;650.00000000;0.00000000;0.00000000;0.00000000;0;0;0;2000;0;0;;;;;;t;f;f;00000000-0000-0000-0000-000000000000;0.00000000;521;;;;f;f;f;f;f;f;f;f;f;0;0;f;0;0;0;0;0;0;0;;;Unité;f;;;2026-02-28 12:26:05.09039;MASSY;2026-02-28 12:27:16.7709;MASSY;156;;;;f;0.00000000;0.00000000;0;f;t;f;0;0;1;0.0000;0.0000;0.0000;0.0000;f;;f;0.0000;f;f;0;;;0.00000000;0;f;0.000000000000000;;;f;0.00000000;f;;;;f;;f;0.00000000;;;000130;"";f;0
756;1237299c-0199-462c-bc21-a8a5efd6c137;TL4250125;;;TOLE 40 2500 X 1250;;p_Lot is null;0;3;;f;f;f;;4;;;;;;;TOLE 40 2500 X 1250;;;;;;;4800.00000000;0.00000000;0.00000000;9600.00000000;0;0;0;0;0;0;;;;;;f;f;f;00000000-0000-0000-0000-000000000000;0.00000000;678;;;678;f;f;f;f;f;f;f;f;f;0;0;f;0;13;0;0;0;0;0;;;;f;;;2026-08-09 14:25:01.276234;FAHIM;;;43;;;;f;0.00000000;0.00000000;0;f;f;f;0;0;1;0.0000;0.0000;0.0000;0.0000;f;;f;0.0000;f;f;0;;;0.00000000;0;f;0.000000000000000;;;f;0.00000000;f;;;;f;;f;0.00000000;;;, ;"";f;0
781;6ffc8457-c682-4c65-9113-d8d47efbebeb;000642;;;BTR 08 X 40 12.9 DF;;p_Lot is null;0;1;;f;f;f;;5;;;;;;;BTR 08 X 40 12.9 DF;;;;;;;12.01000000;0.00000000;0.00000000;12.01000000;0;0;0;0;0;0;;;;;;f;f;f;00000000-0000-0000-0000-000000000000;0.00000000;703;;;703;f;f;f;f;f;f;f;f;f;0;0;f;0;722;0;0;0;0;0;;;;f;;;2026-08-30 12:35:48.173637;FAHIM;;;28;;;;f;0.00000000;0.00000000;0;f;f;f;0;0;1;0.0000;0.0000;0.0000;0.0000;f;;f;0.0000;f;f;0;;;0.00000000;0;f;0.000000000000000;;;f;0.00000000;f;;;;f;;f;0.00000000;;;, ;"";f;0
696;51c9b5d9-f2e8-45ac-9430-929d9e64f66e;RNFRZ140S;;;"RENFORT MEGA Z 140 S
 ";;p_Lot is null;0;3;;f;f;f;;14;;;;;;;"RENFORT MEGA Z 140 S
 ";;;;;;;225.98840000;0.00000000;0.00000000;0.00000000;0;0;0;0;0;0;;;;;;t;f;f;00000000-0000-0000-0000-000000000000;0.00000000;618;;;;f;f;f;f;f;f;f;f;f;0;0;f;0;0;0;0;0;0;0;;;Unité;f;;;2026-06-14 14:24:34.723117;FAHIM;2026-06-14 14:25:01.250961;FAHIM;71;;;;f;0.00000000;0.00000000;0;f;t;f;0;0;;0.0000;0.0000;0.0000;0.0000;f;;f;0.0000;f;f;0;;;0.00000000;0;f;0.000000000000000;;;f;0.00000000;f;;;;f;;f;0.00000000;;;000227;"";f;0
550;0d0a9a30-3abf-4296-ace6-e863a63ddb59;ARM2PVITRE;;;ARMOIRE DEUX PORTES VITREE;;;0;1;;f;f;f;;15;;;;;;;ARMOIRE DEUX PORTES VITREE;;;;;;;13775.00000000;0.00000000;0.00000000;14500.00000000;0;0;0;0;0;0;;;;;;f;f;f;00000000-0000-0000-0000-000000000000;0.00000000;472;;;472;f;f;t;f;f;f;f;f;f;0;0;f;0;0;0;0;0;0;0;;;;f;;;2025-12-21 12:43:39.580956;FAHIM;2026-02-07 10:07:31.809653;FAHIM;279;;;;f;0.00000000;0.00000000;0;f;f;f;0;0;1;0.0000;0.0000;0.0000;0.0000;f;;f;0.0000;f;f;0;;;0.00000000;-12;f;0.000000000000000;;;f;0.00000000;f;;;;f;;f;0.00000000;;;000081;"";f;0
339;ea467cde-0969-4031-adcc-91e0fc051a20;TL151025;;;TOLE 15 1000 X 2500;;;0;1;;f;f;f;1;2;;1;;;;;;;;;;;;2600.00000000;0.00000000;0.00000000;2600.00000000;13;0;0;0;0;0;0;0.00000000;0.00000000;0.00000000;0.00000000;f;f;f;00000000-0000-0000-0000-000000000000;0.00000000;275;;;;f;f;f;f;f;f;f;f;f;0;0;f;0;0.5;0;0;0;0;0;;;Unité;f;;;;;2026-02-07 10:07:34.308864;FAHIM;295;;;;f;0.00000000;0.00000000;0;f;f;f;0;0;1;0.0000;0.0000;0.0000;0.0000;f;;f;0.0000;f;f;0;;;0.00000000;0;f;0.000000000000000;;;f;0.00000000;f;;;;f;;f;0.00000000;;;;;f;0
489;a4eff643-535d-4b27-b85d-cfcc9dea833a;TRM5812;;;STRUCUTURE METALIQUE TABLE DE REUNION MAXI 580 X 120 AVEC PLATEAU;;p_Lot is null;0;3;;f;f;f;;13;;1;;;;;STRUCUTURE METALIQUE TABLE DE REUNION MAXI 580 X 120 AVEC PLATEAU;;;;;;;2853.85000000;0.00000000;0.00000000;0.00000000;0;0;0;20;0;0;;;;;;t;f;f;00000000-0000-0000-0000-000000000000;0.00000000;411;;;;f;f;f;f;f;f;f;f;f;0;0;f;0;0;0;0;0;0;0;;;Unité;f;;;2025-10-29 13:29:49.190601;admin;2026-02-07 10:07:32.602542;FAHIM;274;;;;f;0.00000000;0.00000000;0;f;t;f;0;0;1;0.0000;0.0000;0.0000;0.0000;f;;f;0.0000;f;f;0;;;0.00000000;0;f;0.000000000000000;;;f;0.00000000;f;;;;f;;f;0.00000000;;;000020;"";f;0
131;da3f69dd-8011-449c-a010-3f2a398fc32e;BRM4;;;BROSSE METALIQUE 4;;;0;1;;f;f;f;1;2;;1;;;;;;;;;;;;250.00000000;0.00000000;0.00000000;100.00000000;44;0;0;0;0;0;0;0.00000000;0.00000000;0.00000000;0.00000000;f;f;f;00000000-0000-0000-0000-000000000000;0.00000000;107;;;;f;f;f;f;f;f;f;f;f;0;0;f;0;50;0;0;0;0;0;;;Unité;f;;;;;2026-02-07 10:07:36.483432;FAHIM;297;;;;f;0.00000000;0.00000000;0;f;f;f;0;0;1;0.0000;0.0000;0.0000;0.0000;f;;f;0.0000;f;f;0;;;0.00000000;0;f;0.000000000000000;;;f;0.00000000;f;;;;f;;f;0.00000000;;;;;f;0
255;48b37edc-d8c4-4d1a-8434-2d4b855e6ccb;PTR1200;;;PIED METAL TABLE DE REUNION     MAXI   M 120;;;0;3;;f;f;f;2;13;;1;;;;;;;;;;;;2868.44100000;0.00000000;0.00000000;2899.49000000;6;0;0;20;0;0;0;0.00000000;0.00000000;0.00000000;0.00000000;t;f;f;00000000-0000-0000-0000-000000000000;0.00000000;208;;;;f;f;f;f;f;f;f;f;f;0;0;f;0;24;0;0;0;0;0;;;Unité;f;;;;;2026-02-07 10:07:35.185572;FAHIM;340;;;;f;0.00000000;0.00000000;0;f;t;f;0;0;1;0.0000;0.0000;0.0000;0.0000;f;;f;0.0000;f;f;0;;;0.00000000;-1;f;0.000000000000000;;;f;0.00000000;f;;;;f;;f;0.00000000;;;;;f;0
630;a760ebf8-e442-43ff-a2e4-f7681dfaf8ad;000501;;;TORCHE MIG 15AK 3M BEELINE;;;0;1;;f;f;f;;5;5;;;;;;TORCHE MIG 15AK 3M BEELINE;;;;;;;13500.00000000;0.00000000;0.00000000;13500.00000000;0;0;0;0;0;0;;;;;;f;f;f;00000000-0000-0000-0000-000000000000;0.00000000;552;;;552;f;f;f;f;f;f;f;f;f;0;0;f;0;3;0;0;0;0;0;;;;f;;;2026-04-07 11:32:19.658426;FAHIM;;;130;;;;f;0.00000000;0.00000000;0;f;f;f;0;0;1;0.0000;0.0000;0.0000;0.0000;f;;f;0.0000;f;f;0;;;0.00000000;0;f;0.000000000000000;;;f;0.00000000;f;;;;f;;f;0.00000000;;;, ;"";f;0
151;22204c1f-1c63-4f10-b95c-36577276941f;MAIL001;;;MAILLET;;;0;1;;f;f;f;2;2;;1;;;;;;;;;;;;0.00000000;0.00000000;0.00000000;100.00000000;0;0;0;0;0;0;0;0.00000000;0.00000000;0.00000000;0.00000000;f;f;f;00000000-0000-0000-0000-000000000000;0.00000000;127;;;;f;f;f;f;f;f;f;f;f;0;0;f;0;0;0;0;0;0;0;;;Unité;f;;;;;2026-02-07 10:07:36.213069;FAHIM;291;;;;f;0.00000000;0.00000000;0;f;f;f;0;0;1;0.0000;0.0000;0.0000;0.0000;f;;f;0.0000;f;f;0;;;0.00000000;0;f;0.000000000000000;;;f;0.00000000;f;;;;f;;f;0.00000000;;;;;f;0
20;91b4bad7-1c3c-4b65-a05c-46384893ec23;EMB4040;;;EMBOUT 40 X 40 ;;;0;1;;f;f;f;1;2;;1;;;;;;;;;;;;7.00000000;0.00000000;0.00000000;100.00000000;3500;0;0;0;0;0;0;0.00000000;0.00000000;0.00000000;0.00000000;f;f;f;00000000-0000-0000-0000-000000000000;0.00000000;17;;;;f;f;f;f;f;f;f;f;f;0;0;f;0;3353;0;0;0;0;0;;;Unité;f;;;;;2026-02-07 10:07:37.628511;FAHIM;312;;;;f;0.00000000;0.00000000;0;f;f;f;0;0;1;0.0000;0.0000;0.0000;0.0000;f;;f;0.0000;f;f;0;;;0.00000000;0;f;0.000000000000000;;;f;0.00000000;f;;;;f;;f;0.00000000;;;;;f;0
304;3255674e-43b5-4105-9e17-dfe1320e5971;TL501020;;; TOLE 50 1000 X 2000;;;0;1;;f;f;f;1;2;;1;;;;;;;;;;;;9050.00000000;0.00000000;0.00000000;3700.00000000;2;0;0;0;0;0;0;0.00000000;0.00000000;0.00000000;0.00000000;f;f;f;00000000-0000-0000-0000-000000000000;0.00000000;245;;;;f;f;f;f;f;f;f;f;f;0;0;f;0;2;0;0;0;0;0;;;Unité;f;;;;;2026-02-07 10:07:34.695764;FAHIM;291;;;;f;0.00000000;0.00000000;0;f;f;f;0;0;1;0.0000;0.0000;0.0000;0.0000;f;;f;0.0000;f;f;0;;;0.00000000;0;f;0.000000000000000;;;f;0.00000000;f;;;;f;;f;0.00000000;;;;;f;0
15;4ab5b4d0-2949-4ef9-a6f7-bd1a18910b42;EMM86030;;;EMBOUT 60 X 30 INSERT M8 ;;;0;1;;f;f;f;1;2;;1;;;;;;;;;;;;31.00000000;0.00000000;0.00000000;100.00000000;3326;0;0;0;0;0;0;0.00000000;0.00000000;0.00000000;0.00000000;f;f;f;00000000-0000-0000-0000-000000000000;0.00000000;12;;;;f;f;f;f;f;f;f;f;f;0;0;t;0;3444;0;0;0;0;0;;;Unité;f;;;;;2026-02-07 10:07:37.691323;FAHIM;320;;;;f;0.00000000;0.00000000;0;f;f;f;0;0;1;0.0000;0.0000;0.0000;0.0000;f;;f;0.0000;f;f;0;;;0.00000000;0;f;0.000000000000000;;;f;0.00000000;f;;;;f;;f;0.00000000;;;;;f;0
455;516f9777-14e5-40bc-995c-a5e4f013bd5e;PHMAXIRFT;;;PIED METAL MAXI  H echantion ;;;0;3;;f;f;f;2;13;;1;;;;;;;;;;;;2446.54000000;0.00000000;0.00000000;0.00000000;0;0;0;300;0;0;0;0.00000000;0.00000000;0.00000000;0.00000000;t;f;f;00000000-0000-0000-0000-000000000000;0.00000000;378;;;;f;f;f;f;f;f;f;f;f;0;0;f;0;0;0;0;0;0;0;;;Unité;f;;;;;2026-02-07 10:07:32.931674;FAHIM;291;;;;f;0.00000000;0.00000000;0;f;t;f;0;0;1;0.0000;0.0000;0.0000;0.0000;f;;f;0.0000;f;f;0;;;0.00000000;0;f;0.000000000000000;;;f;0.00000000;f;;;;f;;f;0.00000000;;;;;f;0
665;e477652f-d1fe-416b-af3f-8f18528ba1be;TL3030M65X110;;;TABLE DE LECTURE 30 X 30 M 65 X 110 DEMO;;p_Lot is null;0;3;;f;f;f;;13;;;;;;;TABLE DE LECTURE 30 X 30 M 65 X 110 DEMO;;;;;;;2387.89680000;0.00000000;0.00000000;0.00000000;0;0;0;0;0;0;;;;;;t;f;f;00000000-0000-0000-0000-000000000000;0.00000000;587;;;;f;f;f;f;f;f;f;f;f;0;0;f;0;0;0;0;0;0;0;;;Unité;f;;;2026-05-21 15:11:34.85583;MASSY;2026-05-21 15:13:30.101485;MASSY;101;;;;f;0.00000000;0.00000000;0;f;t;f;0;0;;0.0000;0.0000;0.0000;0.0000;f;;f;0.0000;f;f;0;;;0.00000000;0;f;0.000000000000000;;;f;0.00000000;f;;;;f;;f;0.00000000;;;000196;"";f;0
577;911a976b-237e-4222-a1c8-31259dc57aa9;000458;;;DUNE TETE VISSE C.632;;;0;1;;f;f;f;;5;5;;;;;;DUNE TETE VISSE C.632;;;;;;;1400.00000000;0.00000000;0.00000000;1400.00000000;0;0;0;0;0;0;;;;;;f;f;f;00000000-0000-0000-0000-000000000000;0.00000000;499;;;499;f;f;f;f;f;f;f;f;f;0;0;f;0;2;0;0;0;0;0;;;;f;;;2026-02-10 16:18:09.371556;FAHIM;;;178;;;;f;0.00000000;0.00000000;0;f;f;f;0;0;1;0.0000;0.0000;0.0000;0.0000;f;;f;0.0000;f;f;0;;;0.00000000;0;f;0.000000000000000;;;f;0.00000000;f;;;;f;;f;0.00000000;;;, ;"";f;0
384;48e27308-dc11-499a-96c7-4cf3d50b5fba;TRG21;;;TRIPLETTE G21 SKAI;;;0;3;;f;f;f;2;12;;;;;;;;;;;;;;2602.64980000;0.00000000;0.00000000;0.00000000;1;0;0;0;0;0;0;0.00000000;0.00000000;0.00000000;0.00000000;t;f;f;00000000-0000-0000-0000-000000000000;0.00000000;314;;;;f;f;f;f;f;f;f;f;f;0;0;f;0;8;0;0;0;0;0;;;Unité;f;;;;;2026-02-07 10:07:33.796224;FAHIM;349;;;;f;0.00000000;0.00000000;0;f;t;f;0;0;;0.0000;0.0000;0.0000;0.0000;f;;f;0.0000;f;f;0;;;0.00000000;-14;f;0.000000000000000;;;f;0.00000000;f;;;;f;;f;0.00000000;;;384;"";f;0
700;787f828f-9bbb-441e-bdf0-1bf46031dfe8;000569;;;COMPACTON (VISCOSE) 150*200*4;;;0;1;;f;f;f;;2;;;;;;;COMPACTON (VISCOSE) 150*200*4;;;;;;;2880.00000000;0.00000000;0.00000000;2880.00000000;0;0;0;0;0;0;;;;;;f;f;f;00000000-0000-0000-0000-000000000000;0.00000000;622;;;622;f;f;f;f;f;f;f;f;f;0;0;f;0;22;0;0;0;0;0;;;;f;;;2026-06-17 14:24:50.60636;FAHIM;;;71;;;;f;0.00000000;0.00000000;0;f;f;f;0;0;1;0.0000;0.0000;0.0000;0.0000;f;;f;0.0000;f;f;0;;;0.00000000;0;f;0.000000000000000;;;f;0.00000000;f;;;;f;;f;0.00000000;;;, ;"";f;0
504;a17984d6-4885-4f3e-b52f-6be8fdd9b1b8;RUP;;;ROLL-UP 2M/85 CM BACHE+SUPPORT ;;;0;1;;f;f;f;;16;;;;;;;ROLL-UP 2M/85 CM BACHE+SUPPORT ;;;;;;;0.00000000;0.00000000;0.00000000;0.00000000;0;0;0;0;0;0;;;;;;f;f;f;00000000-0000-0000-0000-000000000000;0.00000000;426;;;426;f;f;f;f;f;f;f;f;f;0;0;f;0;0;0;0;0;0;0;;;;f;;;2025-11-16 10:07:51.293906;LINA;2026-02-07 10:07:32.412876;FAHIM;254;;;;f;0.00000000;0.00000000;0;f;f;f;0;0;1;0.0000;0.0000;0.0000;0.0000;f;;f;0.0000;f;f;0;;;0.00000000;0;f;0.000000000000000;;;f;0.00000000;f;;;;f;;f;0.00000000;;;, ;"";f;0
284;732dcafe-fdaf-4eb7-96db-3e4bed24a3db;P32000;;M60; PIED METAL MAXI  STAR   ;;;0;3;;f;f;f;2;13;;1;;;;;;;;;;;;1800.00000000;0.00000000;0.00000000;0.00000000;0;0;0;90;0;0;0;0.00000000;0.00000000;5200.00000000;5850.00000000;t;f;f;00000000-0000-0000-0000-000000000000;0.00000000;232;;;;f;f;f;f;f;f;f;f;f;0;0;f;0;0;0;0;0;0;0;;;Unité;f;;;;;2026-02-07 10:07:34.881209;FAHIM;341;;;;f;0.00000000;0.00000000;0;f;t;f;0;0;1;0.0000;0.0000;0.0000;0.0000;f;;f;0.0000;f;f;0;;;0.00000000;0;f;0.000000000000000;;;f;0.00000000;f;;;;f;;f;0.00000000;;;;;f;0
512;74da149f-1ae2-42ec-ad70-58cee77c1ac6;SIMPQUDR;;;SOCLE IMPERIAL QUADRUPLETTELUXE EPOXY;;;0;3;;f;f;f;;1;4;1;;;;;fami ;;;;;;;3443.46660000;0.00000000;0.00000000;0.00000000;0;0;0;0;0;0;;;;;;t;f;f;00000000-0000-0000-0000-000000000000;0.00000000;434;;;;f;f;f;f;f;f;f;f;f;0;0;f;0;0;0;0;0;0;0;;;Unité;f;;;2025-11-27 15:28:54.233269;admin;2026-02-07 10:07:32.310944;FAHIM;259;;;;f;0.00000000;0.00000000;0;f;t;f;0;0;1;0.0000;0.0000;0.0000;0.0000;f;;f;0.0000;f;f;0;;;0.00000000;0;f;0.000000000000000;;;f;0.00000000;f;;;;f;;f;0.00000000;;;000043;"";f;0
33;8e234290-8e6c-4628-8afd-e7560c5e23de;RALM;;;PEINTURE POUDRE EPOXY MARON MOUCHETE;;;0;1;;f;f;f;2;2;;1;;;;;;;;;;;;852.00000000;0.00000000;0.00000000;100.00000000;0;0;0;0;0;0;0;0.00000000;0.00000000;0.00000000;0.00000000;f;f;f;00000000-0000-0000-0000-000000000000;0.00000000;30;;;;f;f;f;f;f;f;f;f;f;0;0;t;0;0;0;0;0;0;0;;;Unité;f;;;;;2026-02-07 10:07:37.468954;FAHIM;291;;;;f;0.00000000;0.00000000;0;f;f;f;0;0;1;0.0000;0.0000;0.0000;0.0000;f;;f;0.0000;f;f;0;;;0.00000000;0;f;0.000000000000000;;;f;0.00000000;f;;;;f;;f;0.00000000;;;;;f;0
518;4e3d44b7-72b1-48d1-86ce-6d4a1018e38a;STBASSE110/50;;;STRUCTURE TABLE BASSE CONIQUE 110/50/42;;;0;1;;f;f;f;;14;;;;;;;STRUCTURE TABLE BASSE CONIQUE 110/50/42;;;;;;;1151.13390000;0.00000000;0.00000000;0.00000000;0;0;0;0;0;0;;;;;;t;f;f;00000000-0000-0000-0000-000000000000;0.00000000;440;;;440;f;f;f;f;f;f;f;f;f;0;0;f;0;0;0;0;0;0;0;;;;f;;;2025-11-30 14:59:00.776982;LINA;2026-02-07 10:07:32.237101;FAHIM;246;;;;f;0.00000000;0.00000000;0;f;t;f;0;0;1;0.0000;0.0000;0.0000;0.0000;f;;f;0.0000;f;f;0;;;0.00000000;0;f;0.000000000000000;;;f;0.00000000;f;;;;f;;f;0.00000000;;;000049;"";f;0
620;50c06b56-7b2c-40fc-aa9e-b35eb88b82ae;000496;;;"PORTE ONDELEUR 30*35*10
";;;0;3;;f;f;f;;10;;;;;;;"PORTE ONDELEUR 30*35*10
";;;;;;;500.00000000;0.00000000;0.00000000;500.00000000;0;0;0;0;0;0;;;;;;f;f;f;00000000-0000-0000-0000-000000000000;0.00000000;542;;;542;f;f;f;f;f;f;f;f;f;0;0;f;0;0;0;0;0;0;0;;;;f;;;2026-04-01 15:36:50.850852;FAHIM;;;140;;;;f;0.00000000;0.00000000;0;f;f;f;0;0;1;0.0000;0.0000;0.0000;0.0000;f;;f;0.0000;f;f;0;;;0.00000000;0;f;0.000000000000000;;;f;0.00000000;f;;;;f;;f;0.00000000;;;, ;"";f;0
549;8f8243f4-53ec-4c86-879d-9fc2afd3d4c9;ARM2PPLN;;;ARMOIRE DEUX PORTES PLAINE;;;0;1;;f;f;f;;15;;;;;;;ARMOIRE DEUX PORTES PLAINE;;;;;;;13775.00000000;0.00000000;0.00000000;14500.00000000;0;0;0;0;0;0;;;;;;f;f;f;00000000-0000-0000-0000-000000000000;0.00000000;471;;;471;f;f;t;f;f;f;f;f;f;0;0;f;0;0;0;0;0;0;0;;;;f;;;2025-12-21 12:42:42.331762;FAHIM;2026-02-07 10:07:31.823791;FAHIM;237;;;;f;0.00000000;0.00000000;0;f;f;f;0;0;1;0.0000;0.0000;0.0000;0.0000;f;;f;0.0000;f;f;0;;;0.00000000;0;f;0.000000000000000;;;f;0.00000000;f;;;;f;;f;0.00000000;;;000080;"";f;0
486;0b515683-ed54-497c-befe-950d47af2c68;TRMIXTM100/200;;; TABLE DE REUNION ATLAS M 100 X 200 ;;;0;3;;f;f;f;;10;;1;;;;; TABLE DE REUNION ATLAS M 100 X 200 ;;;;;;;2932.39660000;0.00000000;0.00000000;0.00000000;0;0;0;0;0;0;;;;;;t;f;f;00000000-0000-0000-0000-000000000000;0.00000000;408;;;408;f;f;f;f;f;f;f;f;f;0;0;f;0;4;0;0;0;0;0;;;Unité;f;;;2025-10-25 12:54:00.970901;MASSY;2026-02-07 10:07:32.640374;FAHIM;291;;;;f;0.00000000;0.00000000;0;f;t;f;0;0;1;0.0000;0.0000;0.0000;0.0000;f;;f;0.0000;f;f;0;;5;0.00000000;-1;f;0.000000000000000;;;f;0.00000000;f;;;;f;;f;0.00000000;;;000017;"";f;0
31;95ffbce0-4c71-4cec-afd4-c3186291e9b0;RAL1015;;;PEINTURE POUDRE EPOXY  BEIGE ;;;0;1;;f;f;f;2;2;;1;;;;;;;;;;;;900.00000000;0.00000000;0.00000000;900.00000000;0;0;0;0;0;0;0;0.00000000;0.00000000;0.00000000;0.00000000;f;f;f;00000000-0000-0000-0000-000000000000;0.00000000;28;;;;f;f;f;f;f;f;f;f;f;0;0;t;0;25;0;0;0;0;0;;;Unité;f;;;;;2026-02-07 10:07:37.493425;FAHIM;294;;;;f;0.00000000;0.00000000;0;f;f;f;0;0;1;0.0000;0.0000;0.0000;0.0000;f;;f;0.0000;f;f;0;;;0.00000000;0;f;0.000000000000000;;;f;0.00000000;f;;;;f;;f;0.00000000;;;;;f;0
633;3769a051-41c5-4fd2-a489-fa81a84067f6;000504;;;PIED METAL ECO M 60 PS;;p_Lot is null;0;3;;f;f;f;;13;;1;;;;;PIED METAL ECO M 60 PS;;;;;;;1492.17000000;0.00000000;0.00000000;0.00000000;0;0;0;300;0;0;;;;;;t;f;f;00000000-0000-0000-0000-000000000000;0.00000000;555;;;;f;f;f;f;f;f;f;f;f;0;0;f;0;54;0;0;0;0;0;;;Unité;f;;;2026-04-09 14:13:19.497379;FAHIM;2026-04-09 14:13:45.649162;FAHIM;130;;;;f;0.00000000;0.00000000;0;f;t;f;0;0;1;0.0000;0.0000;0.0000;0.0000;f;;f;0.0000;f;f;0;;;0.00000000;0;f;0.000000000000000;;;f;0.00000000;f;;;;f;;f;0.00000000;;;000164;"";f;0
239;b6d061f1-eaf0-45b6-bfe9-b465b527cd05;PS34750;;;PIED METAL  ECO M 75    SOUDEE            ;;;0;3;;f;f;f;2;13;;1;;;;;;;;;;;;1499.88100000;0.00000000;0.00000000;0.00000000;1;0;0;50;0;0;0;0.00000000;0.00000000;4500.00000000;5000.00000000;t;f;f;00000000-0000-0000-0000-000000000000;0.00000000;197;;;;f;f;f;f;f;f;f;f;f;0;0;f;0;71;0;0;0;0;0;;;Unité;f;;;;;2026-02-07 10:07:35.29762;FAHIM;359;;;;f;0.00000000;0.00000000;0;f;t;f;0;0;1;0.0000;0.0000;0.0000;0.0000;f;;f;0.0000;f;f;0;;;0.00000000;-91;f;0.000000000000000;;;f;0.00000000;f;;;;f;;f;0.00000000;;;;;f;0
288;d3893f9b-29d0-4121-9a0b-110c0b0b5f8a;CJP0138N;;150;CACHES JUPE P/PLAT 160;;;0;3;;f;f;f;2;11;;1;;;;;CACHES JUPE P/PLAT 160;;;;;;;674.60720000;0.00000000;0.00000000;563.02521008;11;0;0;250;0;0;0;0.00000000;0.00000000;0.00000000;0.00000000;t;f;f;00000000-0000-0000-0000-000000000000;0.00000000;236;;;;f;f;f;f;f;f;f;f;f;0;0;f;0;248;0;0;0;0;0;;;Unité;f;;;;;2026-02-22 15:02:55.373082;FAHIM;684;;;;f;0.00000000;0.00000000;0;f;t;f;0;0;1;0.0000;0.0000;0.0000;0.0000;f;;f;0.0000;f;f;0;;288;0.00000000;-779;f;0.000000000000000;;;f;0.00000000;f;;;;f;;f;0.00000000;;;288;"";f;0
524;d34c8549-043e-43e7-a40b-8bef40d68214;MCURVIA;;;PIED METAL MAXI CURVIA ;;;0;1;;f;f;f;;13;;;;;;;PIED METAL MAXI CURVIA ;;;;;;;0.00000000;0.00000000;0.00000000;0.00000000;0;0;0;0;0;0;;;;;;f;f;f;00000000-0000-0000-0000-000000000000;0.00000000;446;;;446;f;f;f;f;f;f;f;f;f;0;0;f;0;0;0;0;0;0;0;;;;f;;;2025-12-01 13:17:57.031457;LINA;2026-02-07 10:07:32.162982;FAHIM;240;;;;f;0.00000000;0.00000000;0;f;f;f;0;0;1;0.0000;0.0000;0.0000;0.0000;f;;f;0.0000;f;f;0;;;0.00000000;0;f;0.000000000000000;;;f;0.00000000;f;;;;f;;f;0.00000000;;;, ;"";f;0
738;67331ed3-0e72-430e-ad4e-99277f176fcc;D303200X180;;;MOUSSE 3.CM 200X180 D 30;;p_Lot is null;0;3;;f;f;f;;7;7;1;;;;;MOUSSE 3.CM 200X180 D 30;;;;;;;1535.35000000;0.00000000;0.00000000;1535.35000000;0;200;300;1000;800;0;;;;;;f;f;f;00000000-0000-0000-0000-000000000000;0.00000000;660;;;;f;f;f;f;f;f;f;f;f;0;0;f;0;10;0;0;0;0;0;;;Unité;f;;;2026-07-20 13:34:43.6833;MASSY;2026-07-20 13:50:23.240422;MASSY;56;;;;f;0.00000000;0.00000000;0;f;f;f;0;0;1;0.0000;0.0000;0.0000;0.0000;f;;f;0.0000;f;f;0;;;0.00000000;0;f;0.000000000000000;;;f;0.00000000;f;;;;f;;f;0.00000000;;;000269;"";f;0
397;29a5e122-8986-4f55-944b-176cea34b016;P3400N;;;PIED METAL ECO M 60  NOIRE;;;0;3;;f;f;f;2;13;;1;;;;;;;;;;;;1653.66000000;0.00000000;0.00000000;0.00000000;0;0;0;300;0;0;0;0.00000000;0.00000000;0.00000000;0.00000000;t;f;f;00000000-0000-0000-0000-000000000000;0.00000000;327;;;;f;f;f;f;f;f;f;f;f;0;0;f;0;0;0;0;0;0;0;;;Unité;f;;;;;2026-02-07 10:07:33.631425;FAHIM;291;;;;f;0.00000000;0.00000000;0;f;t;f;0;0;1;0.0000;0.0000;0.0000;0.0000;f;;f;0.0000;f;f;0;;;0.00000000;0;f;0.000000000000000;;;f;0.00000000;f;;;;f;;f;0.00000000;;;;;f;0
18;5c1e66bf-0479-4c81-998a-328dd44a713e;SCP001;;;SAC EMBALLAGE  BUREAU;;;0;1;;f;f;f;1;2;;1;;;;;;;;;;;;27.32160000;0.00000000;0.00000000;27.50000000;828;0;0;0;0;0;0;0.00000000;0.00000000;0.00000000;0.00000000;f;f;f;00000000-0000-0000-0000-000000000000;0.00000000;15;;;;f;f;f;f;f;f;f;f;f;0;0;t;0;1779;0;0;0;0;0;;;Unité;f;;;;;2026-02-07 10:07:37.653772;FAHIM;443;;;;f;0.00000000;0.00000000;0;f;f;f;0;0;1;0.0000;0.0000;0.0000;0.0000;f;;f;0.0000;f;f;0;;;0.00000000;0;f;0.000000000000000;;;f;0.00000000;f;;;;f;;f;0.00000000;;;;;f;0
265;de6a5c96-3d06-4994-af83-c678bb96c7ed;CJTW1800;;145;CACHES JUPE TWIZI 180;;;0;3;;f;f;f;2;11;;1;;;;;CACHES JUPE TWIZI 180;;;;;;;1500.00000000;0.00000000;0.00000000;0.00000000;0;0;0;20;0;0;0;0.00000000;0.00000000;0.00000000;0.00000000;t;f;f;00000000-0000-0000-0000-000000000000;0.00000000;217;;;;f;f;f;f;f;f;f;f;f;0;0;f;0;0;0;0;0;0;0;;;Unité;f;;;;;2026-02-22 15:01:59.800567;FAHIM;293;;;;f;0.00000000;0.00000000;0;f;t;f;0;0;1;0.0000;0.0000;0.0000;0.0000;f;;f;0.0000;f;f;0;;265;0.00000000;0;f;0.000000000000000;;;f;0.00000000;f;;;;f;;f;0.00000000;;;265;"";f;0
136;d78904ba-c8b3-4ecd-a843-b4df3c00ca65;FLP001;;;FIL A PECHE;;;0;1;;f;f;f;2;7;;1;;;;;;;;;;;;180.00000000;0.00000000;0.00000000;100.00000000;48;0;0;0;0;0;0;0.00000000;0.00000000;0.00000000;0.00000000;f;f;f;00000000-0000-0000-0000-000000000000;0.00000000;112;;;;f;f;f;f;f;f;f;f;f;0;0;f;0;0;0;0;0;0;0;;;Unité;f;;;;;2026-02-07 10:07:36.420164;FAHIM;392;;;;f;0.00000000;0.00000000;0;f;f;f;0;0;1;0.0000;0.0000;0.0000;0.0000;f;;f;0.0000;f;f;0;;;0.00000000;0;f;0.000000000000000;;;f;0.00000000;f;;;;f;;f;0.00000000;;;;;f;0
218;ce448f9d-6019-41d6-bd6f-6e316b941e1b;TBC8080;;;TUBE  80 X 80 X 2;;;0;1;;f;f;f;2;2;9;1;;;;;;;;;;;;0.00000000;0.00000000;0.00000000;100.00000000;0;0;0;0;0;0;0;0.00000000;0.00000000;0.00000000;0.00000000;f;f;f;00000000-0000-0000-0000-000000000000;0.00000000;187;;;;f;f;f;f;f;f;f;f;f;0;0;t;0;8;0;0;0;0;0;;;Unité;f;;;;;2026-02-07 10:07:35.425423;FAHIM;299;;;;f;0.00000000;0.00000000;0;f;f;f;0;0;1;0.0000;0.0000;0.0000;0.0000;f;;f;0.0000;f;f;0;;;0.00000000;0;f;0.000000000000000;;;f;0.00000000;f;;;;f;;f;0.00000000;;;;;f;0
27;c0f9f5ab-1ba3-42d9-b96a-284c56476259;EMB6040;;;EMBOUT 60 X 40 ;;;0;1;;f;f;f;1;2;;1;;;;;;;;;;;;10.92440000;0.00000000;0.00000000;10.92436975;3076;0;0;0;0;0;0;0.00000000;0.00000000;0.00000000;0.00000000;f;f;f;00000000-0000-0000-0000-000000000000;0.00000000;24;;;;f;f;f;f;f;f;f;f;f;0;0;f;0;695;0;0;0;0;0;;;Unité;f;;;;;2026-02-07 10:07:37.54114;FAHIM;318;;;;f;0.00000000;0.00000000;0;f;f;f;0;0;1;0.0000;0.0000;0.0000;0.0000;f;;f;0.0000;f;f;0;;;0.00000000;0;f;0.000000000000000;;;f;0.00000000;f;;;;f;;f;0.00000000;;;;;f;0
785;e71adb0b-7c28-4d09-886d-92e98a6662d6;000646;;;CASQUE A SOUDER;;p_Lot is null;0;1;;f;f;f;;5;;;;;;;CASQUE A SOUDER;;;;;;;3089.28570000;0.00000000;0.00000000;6500.00000000;0;0;0;0;0;0;;;;;;f;f;f;00000000-0000-0000-0000-000000000000;0.00000000;707;;;707;f;f;f;f;f;f;f;f;f;0;0;f;0;5;0;0;0;0;0;;;;f;;;2026-08-30 15:43:16.54852;FAHIM;;;14;;;;f;0.00000000;0.00000000;0;f;f;f;0;0;1;0.0000;0.0000;0.0000;0.0000;f;;f;0.0000;f;f;0;;;0.00000000;0;f;0.000000000000000;;;f;0.00000000;f;;;;f;;f;0.00000000;;;, ;"";f;0
414;1a3bfbae-55c3-4fa5-88a2-fa156527c1d4;SCL0016;;;SOCLE  CHAISE IMPERIAL EPOXY VT;;;0;3;;f;f;f;2;1;4;1;;;;;fami ;;;;;;;663.50000000;0.00000000;0.00000000;0.00000000;0;0;0;2000;0;0;0;0.00000000;0.00000000;1900.00000000;2900.00000000;t;f;f;00000000-0000-0000-0000-000000000000;0.00000000;340;;;;f;f;f;f;f;f;f;f;f;0;0;f;0;0;0;0;0;0;0;;;Unité;f;;;;;2026-02-07 10:07:33.466521;FAHIM;292;;;;f;0.00000000;0.00000000;0;f;t;f;0;0;1;0.0000;0.0000;0.0000;0.0000;f;;f;0.0000;f;f;0;;;0.00000000;0;f;0.000000000000000;;;f;0.00000000;f;;;;f;;f;0.00000000;;;;;f;0
428;6b3110ff-2b5f-4c8e-9b68-7f4c16cecbef;TA50PLTMLM250150;;;TABLE D'ARCHIVE AVEC PLAT 50x50 M 150 X 250;;;0;3;;f;f;f;2;13;;1;;;;;;;;;;;;10084.53000000;0.00000000;0.00000000;0.00000000;0;0;0;0;0;0;0;0.00000000;0.00000000;0.00000000;0.00000000;t;f;f;00000000-0000-0000-0000-000000000000;0.00000000;352;;;;f;f;f;f;f;f;f;f;f;0;0;f;0;0;0;0;0;0;0;;;Unité;f;;;;;2026-02-07 10:07:33.291101;FAHIM;291;;;;f;0.00000000;0.00000000;0;f;t;f;0;0;1;0.0000;0.0000;0.0000;0.0000;f;;f;0.0000;f;f;0;;;0.00000000;0;f;0.000000000000000;;;f;0.00000000;f;;;;f;;f;0.00000000;;;;;f;0
119;af7e2a4a-3235-4db1-80ec-39aec4476405;DQP230;;;DISQUE A PONCER 230;;;0;1;;f;f;f;2;2;;1;;;;;;;;;;;;0.00000000;0.00000000;0.00000000;100.00000000;0;0;0;0;0;0;0;0.00000000;0.00000000;0.00000000;0.00000000;f;f;f;00000000-0000-0000-0000-000000000000;0.00000000;95;;;;f;f;f;f;f;f;f;f;f;0;0;f;0;0;0;0;0;0;0;;;Unité;f;;;;;2026-02-07 10:07:36.637042;FAHIM;291;;;;f;0.00000000;0.00000000;0;f;f;f;0;0;1;0.0000;0.0000;0.0000;0.0000;f;;f;0.0000;f;f;0;;;0.00000000;0;f;0.000000000000000;;;f;0.00000000;f;;;;f;;f;0.00000000;;;;;f;0
765;4b059331-3f80-4394-88c0-39097c547481;TABCAF6060TL40 M110;;;TABLE CAFETERIA 110 X 70;;p_Lot is null;0;3;;f;f;f;;6;11;;;;;;TABLE CAFETERIA 110 X 70;;;;;;;3748.86590000;0.00000000;0.00000000;0.00000000;0;0;0;0;0;0;;;;;;t;f;f;00000000-0000-0000-0000-000000000000;0.00000000;687;;;687;f;f;t;f;f;f;f;f;f;0;0;f;0;0;0;0;0;0;0;;;;f;;;2026-08-23 12:03:28.908081;MASSY;2026-08-23 12:05:12.964487;MASSY;19;;;;f;0.00000000;0.00000000;0;f;t;f;0;0;1;0.0000;0.0000;0.0000;0.0000;f;;f;0.0000;f;f;0;;;0.00000000;0;f;0.000000000000000;;;f;0.00000000;f;;;;f;;f;0.00000000;;;000296;"";f;0
733;2cefaba2-b694-4529-9002-b72726a5b3fe;000597;;;PINCE A SOUDER;;p_Lot is null;0;1;;f;f;f;;5;;;;;;;PINCE A SOUDER;;;;;;;311.42860000;0.00000000;0.00000000;330.00000000;0;0;0;0;0;0;;;;;;f;f;f;00000000-0000-0000-0000-000000000000;0.00000000;655;;;655;f;f;f;f;f;f;f;f;f;0;0;f;0;7;0;0;0;0;0;;;;f;;;2026-07-16 16:09:38.019455;FAHIM;;;54;;;;f;0.00000000;0.00000000;0;f;f;f;0;0;1;0.0000;0.0000;0.0000;0.0000;f;;f;0.0000;f;f;0;;;0.00000000;0;f;0.000000000000000;;;f;0.00000000;f;;;;f;;f;0.00000000;;;, ;"";f;0
382;c7f27618-0187-48ba-8f25-70e610f4d30f;TR60;;;TUBE ROND 60/18;;;0;3;;f;f;f;2;6;;;;;;;;;;;;;;2605.04000000;0.00000000;0.00000000;2605.04000000;0;0;0;0;0;0;0;0.00000000;0.00000000;0.00000000;0.00000000;f;f;f;00000000-0000-0000-0000-000000000000;0.00000000;312;;;;f;f;f;f;f;f;f;f;f;0;0;t;0;0;0;0;0;0;0;;;Unité;f;;;;;2026-02-07 10:07:33.82067;FAHIM;291;;;;f;0.00000000;0.00000000;0;f;f;f;0;0;;0.0000;0.0000;0.0000;0.0000;f;;f;0.0000;f;f;0;;;0.00000000;0;f;0.000000000000000;;;f;0.00000000;f;;;;f;;f;0.00000000;;;;;f;0
706;819cb7b7-3780-4ac8-ba47-b80299019ab3;000575;;;SAC EMBALAGE 55 * 55 IMPRIMER;;;0;3;;f;f;f;;2;;;;;;;SAC EMBALAGE 55 * 55 IMPRIMER;;;;;;;4.22000000;0.00000000;0.00000000;4.22000000;0;0;0;0;0;0;;;;;;f;f;f;00000000-0000-0000-0000-000000000000;0.00000000;628;;;628;f;f;f;f;f;f;f;f;f;0;0;f;0;10635;0;0;0;0;0;;;;f;;;2026-06-29 08:44:43.191162;FAHIM;;;68;;;;f;0.00000000;0.00000000;0;f;f;f;0;0;1;0.0000;0.0000;0.0000;0.0000;f;;f;0.0000;f;f;0;;;0.00000000;0;f;0.000000000000000;;;f;0.00000000;f;;;;f;;f;0.00000000;;;, ;"";f;0
684;1a5dc359-a86e-4f33-9a88-dcfe2e54d147;000553;;;COMPTOIR DE RECEPTION TWIZI BAROK 140;;;0;1;;f;f;f;;10;;;;;;;COMPTOIR DE RECEPTION TWIZI BAROK 140;;;;;;;27075.00000000;0.00000000;0.00000000;28500.00000000;0;0;0;0;0;0;;;;;;f;f;f;00000000-0000-0000-0000-000000000000;0.00000000;606;;;606;f;f;f;f;f;f;f;f;f;0;0;f;0;0;0;0;0;0;0;;;;f;;;2026-06-07 12:39:13.877323;OULAID-B;;;86;;;;f;0.00000000;0.00000000;0;f;f;f;0;0;1;0.0000;0.0000;0.0000;0.0000;f;;f;0.0000;f;f;0;;;0.00000000;0;f;0.000000000000000;;;f;0.00000000;f;;;;f;;f;0.00000000;;;, ;"";f;0
101;be2ec017-9013-43c5-a523-ce315e02be19;STABEC01;;;SOCLE TABLETTE ECRITOIRE;;;0;3;;f;f;f;2;12;;1;;;;;;;;;;;;360.39000000;0.00000000;0.00000000;0.00000000;43;0;0;0;0;0;0;0.00000000;0.00000000;0.00000000;0.00000000;t;f;f;00000000-0000-0000-0000-000000000000;0.00000000;78;;;;f;f;f;f;f;f;f;f;f;0;0;f;0;1;0;0;0;0;0;;;Unité;f;;;;;2026-02-07 10:07:36.851325;FAHIM;320;;;;f;0.00000000;0.00000000;0;f;t;f;0;0;2;0.0000;0.0000;0.0000;0.0000;f;;f;0.0000;f;f;0;;101;0.00000000;0;f;0.000000000000000;;;f;0.00000000;f;;;;f;;f;0.00000000;;;101;"";f;0
541;abb21a9f-4458-400f-910a-48049aa6c07e;P39M100;;160;PIED METAL TABLE DE REUNION /STATION PIANO M 100 120 / 240;;p_Lot is null;0;3;;f;f;f;;13;;1;;;;;PIED METAL TABLE DE REUNION /STATION PIANO M 100 120 / 240;;;;;;;3398.38250000;0.00000000;0.00000000;0.00000000;0;0;0;40;0;0;;;;;;t;f;f;00000000-0000-0000-0000-000000000000;0.00000000;463;;;;f;f;t;f;f;f;f;f;f;0;0;f;0;0;0;0;0;0;0;;;Unité;f;;;2025-12-08 16:19:24.355262;MASSY;2026-03-11 12:55:18.881612;FAHIM;263;;;;f;0.00000000;0.00000000;0;f;t;f;0;0;1;0.0000;0.0000;0.0000;0.0000;f;;f;0.0000;f;f;0;;495;0.00000000;-17;f;0.000000000000000;;;f;0.00000000;f;;;;f;;f;0.00000000;;;000072;"";f;0
555;67e6b856-295d-42ad-88c0-b03c273cd81e;PLTOPNSPC;;;PLATEAU OPEN SPACE ;;p_Lot is null;0;1;;f;f;f;;15;;;;;;;PLATEAU OPEN SPACE ;;;;;;;29000.00000000;0.00000000;0.00000000;29000.00000000;0;0;0;0;0;0;;;;;;f;f;f;00000000-0000-0000-0000-000000000000;0.00000000;477;;;477;f;f;t;f;f;f;f;f;f;0;0;f;0;1;0;0;0;0;0;;;;f;;;2025-12-21 12:56:43.149319;FAHIM;2026-02-07 10:07:31.727046;FAHIM;233;;;;f;0.00000000;0.00000000;0;f;f;f;0;0;1;0.0000;0.0000;0.0000;0.0000;f;;f;0.0000;f;f;0;;;0.00000000;0;f;0.000000000000000;;;f;0.00000000;f;;;;f;;f;0.00000000;;;000086;"";f;0
537;7daca0c9-5521-454d-8a93-36181f9ef223;STR TABLE GIGONNE  C 30*30;;;STRUCTURE TABLE GIGONNE C ;;p_Lot is null;0;1;;f;f;f;;14;;;;;;;STRUCTURE TABLE GIGONNE C ;;;;;;;1413.45030000;0.00000000;0.00000000;0.00000000;0;0;0;0;0;0;;;;;;t;f;f;00000000-0000-0000-0000-000000000000;0.00000000;459;;;459;f;f;f;f;f;f;f;f;f;0;0;f;0;0;0;0;0;0;0;;;;f;;;2025-12-04 11:21:36.99465;LINA;2026-02-07 10:07:31.989029;FAHIM;246;;;;f;0.00000000;0.00000000;0;f;t;f;0;0;1;0.0000;0.0000;0.0000;0.0000;f;;f;0.0000;f;f;0;;;0.00000000;0;f;0.000000000000000;;;f;0.00000000;f;;;;f;;f;0.00000000;;;000068;"";f;0
508;dbb03921-4aec-47b1-9e1c-4c06350acdfe;CJP057;;60;CACHE JUPE S 570;;;0;3;;f;f;f;;11;;1;;;;;CACHE JUPE S 570;;;;;;;555.02320000;0.00000000;0.00000000;0.00000000;0;0;0;20;0;0;;;;;;t;f;f;00000000-0000-0000-0000-000000000000;0.00000000;430;;;;f;f;f;f;f;f;f;f;f;0;0;f;0;0;0;0;0;0;0;;;Unité;f;;;2025-11-20 15:18:40.554272;admin;2026-02-22 15:07:09.011493;FAHIM;261;;;;f;0.00000000;0.00000000;0;f;t;f;0;0;1;0.0000;0.0000;0.0000;0.0000;f;;f;0.0000;f;f;0;;477;0.00000000;-45;f;0.000000000000000;;;f;0.00000000;f;;;;f;;f;0.00000000;;;000039;"";f;0
770;3ca71d56-753d-481f-95c8-ec6a535bd1e5;D363200X180;;;MOUSSE 3.CM 200X180 D 36;;p_Lot is null;0;3;;f;f;f;;7;7;1;;;;;MOUSSE 3.CM 200X180 D 36;;;;;;;1740.06000000;0.00000000;0.00000000;1740.06000000;0;200;300;1000;800;0;;;;;;f;f;f;00000000-0000-0000-0000-000000000000;0.00000000;692;;;;f;f;f;f;f;f;f;f;f;0;0;f;0;20;0;0;0;0;0;;;Unité;f;;;2026-08-24 14:01:40.842002;FAHIM;2026-08-24 14:04:34.763924;FAHIM;20;;;;f;0.00000000;0.00000000;0;f;f;f;0;0;1;0.0000;0.0000;0.0000;0.0000;f;;f;0.0000;f;f;0;;;0.00000000;0;f;0.000000000000000;;;f;0.00000000;f;;;;f;;f;0.00000000;;;000301;"";f;0
264;6e47fef8-d36b-4781-9ff3-542c0a771ad1;TL061200;;;TOLE 06 1000 X 2000;;;0;3;;f;f;f;2;2;;;;;;;;;;;;;;0.00000000;0.00000000;0.00000000;1480.00000000;0;0;0;0;0;0;0;0.00000000;0.00000000;0.00000000;0.00000000;f;f;f;00000000-0000-0000-0000-000000000000;0.00000000;216;;;;f;f;f;f;f;f;f;f;f;0;0;t;0;0;0;0;0;0;0;;;Unité;f;;;;;2026-02-07 10:07:35.082934;FAHIM;292;;;;f;0.00000000;0.00000000;0;f;f;f;0;0;;0.0000;0.0000;0.0000;0.0000;f;;f;0.0000;f;f;0;;;0.00000000;0;f;0.000000000000000;;;f;0.00000000;f;;;;f;;f;0.00000000;;;;;f;0
135;76e341bd-a1b9-40c5-9586-ac4e76618ac7;EXA 620;;;VIS EXA  M6 X 20;;;0;1;;f;f;f;1;2;;1;;;;;;;;;;;;3.00000000;0.00000000;0.00000000;3.33000000;168;0;0;0;0;0;0;0.00000000;0.00000000;0.00000000;0.00000000;f;f;f;00000000-0000-0000-0000-000000000000;0.00000000;111;;;;f;f;f;f;f;f;f;f;f;0;0;f;0;0;0;0;0;0;0;;;Unité;f;;;;;2026-02-07 10:07:36.432565;FAHIM;387;;;;f;0.00000000;0.00000000;0;f;f;f;0;0;1;0.0000;0.0000;0.0000;0.0000;f;;f;0.0000;f;f;0;;;0.00000000;0;f;0.000000000000000;;;f;0.00000000;f;;;;f;;f;0.00000000;;;;;f;0
662;8ed92a0a-d021-4eef-9c99-fb4b8091272b;000533;;;EMBOUT CARRE 30 INSERT M8;;p_Lot is null;0;3;;f;f;f;;5;5;;;;;;EMBOUT CARRE 30 INSERT M8;;;;;;;19.00000000;0.00000000;0.00000000;19.00000000;0;0;0;0;0;0;;;;;;f;f;f;00000000-0000-0000-0000-000000000000;0.00000000;584;;;584;f;f;f;f;f;f;f;f;f;0;0;f;0;1488;0;0;0;0;0;;;;f;;;2026-05-19 10:04:46.187296;FAHIM;;;97;;;;f;0.00000000;0.00000000;0;f;f;f;0;0;1;0.0000;0.0000;0.0000;0.0000;f;;f;0.0000;f;f;0;;;0.00000000;0;f;0.000000000000000;;;f;0.00000000;f;;;;f;;f;0.00000000;;;, ;"";f;0
178;dda53071-cc6c-44b3-9333-251f878f34c3;TL301020;;;TOLE 30 1000 X 2000;;;0;1;;f;f;f;1;2;;1;;;;;;;;;;;;5100.00000000;0.00000000;0.00000000;5100.00000000;10;0;0;0;0;0;0;0.00000000;0.00000000;0.00000000;0.00000000;f;f;f;00000000-0000-0000-0000-000000000000;0.00000000;147;;;;f;f;f;f;f;f;f;f;f;0;0;f;0;5;0;0;0;0;0;;;Unité;f;;;;;2026-02-07 10:07:35.960191;FAHIM;291;;;;f;0.00000000;0.00000000;0;f;f;f;0;0;1;0.0000;0.0000;0.0000;0.0000;f;;f;0.0000;f;f;0;;;0.00000000;0;f;0.000000000000000;;;f;0.00000000;f;;;;f;;f;0.00000000;;;;;f;0
471;2914e12a-522b-4f49-8ec0-7dfca7e5bb41;EMBR32;;;EMBOUT RONDS INTERIEURS 32;;;0;1;;f;f;f;2;2;2;;;;;;;;;;;;;2.52000000;0.00000000;0.00000000;2.52000000;3500;3500;0;3000;0;0;0;0.00000000;0.00000000;0.00000000;0.00000000;f;f;f;00000000-0000-0000-0000-000000000000;0.00000000;393;;;;f;f;f;f;f;f;f;f;f;0;0;t;0;1781;0;0;0;0;0;;;Unité;f;;;;;2026-02-07 10:07:32.743008;FAHIM;304;;;;f;0.00000000;0.00000000;0;f;f;f;0;0;;0.0000;0.0000;0.0000;0.0000;f;;f;0.0000;f;f;0;;;0.00000000;0;f;0.000000000000000;;;f;0.00000000;f;;;;f;;f;0.00000000;;;471;"";f;0
78;93755241-1203-4b1b-9c50-ea5487bcd8b5;PTR0800;;;PIED METAL TABLE DE REUNION     MAXI   M 80;;;0;3;;f;f;f;2;13;;1;;;;;;;;;;;;2608.91110000;0.00000000;0.00000000;0.00000000;1;0;0;50;0;0;0;0.00000000;0.00000000;0.00000000;0.00000000;t;f;f;00000000-0000-0000-0000-000000000000;0.00000000;63;;;;f;f;f;f;f;f;f;f;f;0;0;f;0;31;0;0;0;0;0;;;Unité;f;;;;;2026-02-07 10:07:37.065722;FAHIM;439;;;;f;0.00000000;0.00000000;0;f;t;f;0;0;1;0.0000;0.0000;0.0000;0.0000;f;;f;0.0000;f;f;0;;;0.00000000;-119;f;0.000000000000000;;;f;0.00000000;f;;;;f;;f;0.00000000;;;;;f;0
278;39f93594-0bcc-49a2-b4d6-ce6269f61982;CJPZ180;;169.5;CACHE JUPE MEGA Z / Z ONE 180;;;0;3;;f;f;f;2;13;;1;;;;;;;;;;;;672.58520000;0.00000000;0.00000000;0.00000000;3;0;0;40;0;0;0;0.00000000;0.00000000;0.00000000;0.00000000;t;f;f;00000000-0000-0000-0000-000000000000;0.00000000;226;;;;f;f;f;f;f;f;f;f;f;0;0;f;0;98;0;0;0;0;0;;;Unité;f;;;;;2026-02-07 10:07:34.958379;FAHIM;319;;;;f;0.00000000;0.00000000;0;f;t;f;0;0;1;0.0000;0.0000;0.0000;0.0000;f;;f;0.0000;f;f;0;;278;0.00000000;-11;f;0.000000000000000;;;f;0.00000000;f;;;;f;;f;0.00000000;;;278;"";f;0
478;6ffb3f78-349c-4b30-a460-8ab46fae1af7;CJPZ140S;;119.5;CACHE JUPE MEGA Z / Z ONE 140 S;;;0;3;;f;f;f;;13;;1;;;;;CACHE JUPE MEGA Z / Z ONE 140 S;;;;;;;0.62350000;0.00000000;0.00000000;0.00000000;0;0;0;60;0;0;;;;;;t;f;f;00000000-0000-0000-0000-000000000000;0.00000000;400;;;;f;f;f;f;f;f;f;f;f;0;0;f;0;104;0;0;0;0;0;;;Unité;f;;;2025-10-19 15:17:31.853328;FAHIM;2026-02-07 10:07:32.691454;FAHIM;400;;;;f;0.00000000;0.00000000;0;f;t;f;0;0;1;0.0000;0.0000;0.0000;0.0000;f;;f;0.0000;f;f;0;;;0.00000000;-85;f;0.000000000000000;;;f;0.00000000;f;;;;f;;f;0.00000000;;;000009;"";f;0
17;17be865f-254f-4b99-a64a-f71433432609;EKR900;;;EQUAIRRES 90° PLASTIQUE NOIR;;;0;1;;f;f;f;2;2;;1;;;;;;;;;;;;38.71480000;0.00000000;0.00000000;39.00000000;3306;0;0;0;0;0;0;0.00000000;0.00000000;0.00000000;0.00000000;f;f;f;00000000-0000-0000-0000-000000000000;0.00000000;14;;;;f;f;f;f;f;f;f;f;f;0;0;f;0;9704;0;0;0;0;0;;;Unité;f;;;;;2026-02-07 10:07:37.666099;FAHIM;594;;;;f;0.00000000;0.00000000;0;f;f;f;0;0;1;0.0000;0.0000;0.0000;0.0000;f;;f;0.0000;f;f;0;;;0.00000000;0;f;0.000000000000000;;;f;0.00000000;f;;;;f;;f;0.00000000;;;;;f;0
479;aed23fd9-ce0b-430b-b9ed-733874337a20;CJPZ160S;;139.5;CACHE JUPE MEGA Z / Z ONE 160 S;;;0;3;;f;f;f;;13;;1;;;;;CACHE JUPE MEGA Z / Z ONE 160 S;;;;;;;0.00000000;0.00000000;0.00000000;587.00000000;0;0;0;40;0;0;;;;;;t;f;f;00000000-0000-0000-0000-000000000000;0.00000000;401;;;;f;f;f;f;f;f;f;f;f;0;0;f;0;62;0;0;0;0;0;;;Unité;f;;;2025-10-19 15:17:31.899018;FAHIM;2026-02-07 10:07:32.6794;FAHIM;326;;;;f;0.00000000;0.00000000;0;f;t;f;0;0;1;0.0000;0.0000;0.0000;0.0000;f;;f;0.0000;f;f;0;;;0.00000000;-35;f;0.000000000000000;;;f;0.00000000;f;;;;f;;f;0.00000000;;;000010;"";f;0
523;0f3c51c2-a70b-412e-8bf1-2e714c92300c;BANC/4P;;;BANQUETTE 4 PLACES CANADA;;;0;1;;f;f;f;;12;;;;;;;BANQUETTE 4 PLACES CANADA;;;;;;;0.00000000;0.00000000;0.00000000;0.00000000;0;0;0;0;0;0;;;;;;f;f;f;00000000-0000-0000-0000-000000000000;0.00000000;445;;;445;f;f;f;f;f;f;f;f;f;0;0;f;0;0;0;0;0;0;0;;;;f;;;2025-12-01 12:46:15.320667;LINA;2026-02-07 10:07:32.17577;FAHIM;240;;;;f;0.00000000;0.00000000;0;f;f;f;0;0;1;0.0000;0.0000;0.0000;0.0000;f;;f;0.0000;f;f;0;;;0.00000000;0;f;0.000000000000000;;;f;0.00000000;f;;;;f;;f;0.00000000;;;, ;"";f;0
252;2dcdcea8-6855-4bd9-8bd1-0da705b07dde;PTR1200E;;;PIED METAL TABLE DE REUNION    ECO   M 120;;;0;3;;f;f;f;2;13;;1;;;;;;;;;;;;3193.60000000;0.00000000;0.00000000;0.00000000;0;0;0;20;0;0;0;0.00000000;0.00000000;0.00000000;0.00000000;t;f;f;00000000-0000-0000-0000-000000000000;0.00000000;207;;;;f;f;f;f;f;f;f;f;f;0;0;f;0;0;0;0;0;0;0;;;Unité;f;;;;;2026-02-07 10:07:35.19808;FAHIM;291;;;;f;0.00000000;0.00000000;0;f;t;f;0;0;1;0.0000;0.0000;0.0000;0.0000;f;;f;0.0000;f;f;0;;;0.00000000;0;f;0.000000000000000;;;f;0.00000000;f;;;;f;;f;0.00000000;;;;;f;0
563;96846b12-59f8-48ec-a5ad-83f360da13bd;000447;;;RECHANGE DE TETE PISTOLE EPOXY;;p_Lot is null;0;3;;f;f;f;;8;;;;;;;RECHANGE DE TETE PISTOLE EPOXY;;;;;;;2817.49430000;0.00000000;0.00000000;2200.00000000;0;0;0;0;0;0;;;;;;f;f;f;00000000-0000-0000-0000-000000000000;0.00000000;;;;;f;f;f;f;f;f;f;t;f;0;0;t;0;11;0;0;0;0;0;;;;f;;;2026-02-02 12:58:24.080614;FAHIM;2026-02-07 10:07:31.639764;FAHIM;198;;;;f;0.00000000;0.00000000;0;f;f;f;0;0;1;0.0000;0.0000;0.0000;0.0000;f;;f;0.0000;f;f;0;;;0.00000000;0;f;0.000000000000000;;;f;0.00000000;f;;;;f;;f;0.00000000;;;000094;"";f;0
437;859d5db1-328b-4aa0-a704-fa79f9203fab;EMBOV3820;;; EMBOUT OVAL 38/20;;;0;3;;f;f;f;2;3;2;1;;;;;;;;;;;;3.67900000;0.00000000;0.00000000;4.00000000;4000;0;0;0;0;0;0;0.00000000;0.00000000;0.00000000;0.00000000;f;f;f;00000000-0000-0000-0000-000000000000;0.00000000;360;;;;f;f;f;f;f;f;f;f;f;0;0;t;0;15045;0;0;0;0;0;;;Unité;f;;;;;2026-02-07 10:07:33.191636;FAHIM;405;;;;f;0.00000000;0.00000000;0;f;f;f;0;0;1;0.0000;0.0000;0.0000;0.0000;f;;f;0.0000;f;f;0;;;0.00000000;0;f;0.000000000000000;;;f;0.00000000;f;;;;f;;f;0.00000000;;;;;f;0
109;68dcdc9b-de1a-49dd-9571-7a5cc0b512dd;MCHM8;;;MECHE M8;;;0;1;;f;f;f;2;2;;1;;;;;;;;;;;;299.65440000;0.00000000;0.00000000;450.00000000;47;0;0;0;0;0;0;0.00000000;0.00000000;0.00000000;0.00000000;f;f;f;00000000-0000-0000-0000-000000000000;0.00000000;85;;;;f;f;f;f;f;f;f;f;f;0;0;t;0;50;0;0;0;0;0;;;Unité;t;FAHIM;2026-02-07 11:43:30.748779;;;2026-02-07 11:51:48.921183;FAHIM;389;;;;f;0.00000000;0.00000000;0;f;f;f;0;0;1;0.0000;0.0000;0.0000;0.0000;f;;f;0.0000;f;f;0;;;0.00000000;0;f;0.000000000000000;;;f;0.00000000;f;;;;f;;f;0.00000000;;;;;f;0
57;fa377918-2ab3-4e69-813a-99f7743e3fbd;P40B60;;;PIED METAL TABLE BASSE  MEGA  Z;;;0;3;;f;f;f;2;13;;1;;;;;;;;;;;;1399.52510000;0.00000000;0.00000000;0.00000000;8;0;0;80;0;0;0;0.00000000;0.00000000;0.00000000;0.00000000;t;f;f;00000000-0000-0000-0000-000000000000;0.00000000;49;;;;f;f;f;f;f;f;f;f;f;0;0;f;0;20;0;0;0;0;0;;;Unité;f;;;;;2026-02-07 10:07:37.236629;FAHIM;448;;;;f;0.00000000;0.00000000;0;f;t;f;0;0;1;0.0000;0.0000;0.0000;0.0000;f;;f;0.0000;f;f;0;;;0.00000000;-259;f;0.000000000000000;;;f;0.00000000;f;;;;f;;f;0.00000000;;;;;f;0
783;2c5348de-786e-4264-9910-194630c8e378;000644;;;BOULON M8 X 50;;;0;1;;f;f;f;;5;;;;;;;BOULON M8 X 50;;;;;;;8.34000000;0.00000000;0.00000000;8.34000000;0;0;0;0;0;0;;;;;;f;f;f;00000000-0000-0000-0000-000000000000;0.00000000;705;;;705;f;f;f;f;f;f;f;f;f;0;0;f;0;2400;0;0;0;0;0;;;;f;;;2026-08-30 15:07:07.560496;FAHIM;;;13;;;;f;0.00000000;0.00000000;0;f;f;f;0;0;1;0.0000;0.0000;0.0000;0.0000;f;;f;0.0000;f;f;0;;;0.00000000;0;f;0.000000000000000;;;f;0.00000000;f;;;;f;;f;0.00000000;;;, ;"";f;0
526;1fc2dcac-c5ab-4e11-b749-853337b9d028;CJ PIANO 120 /140 ;;;CACHE JUPE PIANO 120 / 140 ;;;0;3;;f;f;f;;13;;;;;;;CACHE JUPE PIANO 120 / 140 ;;;;;;;400.32700000;0.00000000;0.00000000;0.00000000;0;0;0;0;0;0;;;;;;t;f;f;00000000-0000-0000-0000-000000000000;0.00000000;448;;;448;f;f;f;f;f;f;f;f;f;0;0;f;0;10;0;0;0;0;0;;;;f;;;2025-12-02 09:49:58.575597;admin;2026-07-08 12:15:43.936628;MASSY;261;;;;f;0.00000000;0.00000000;0;f;t;f;0;0;1;0.0000;0.0000;0.0000;0.0000;f;;f;0.0000;f;f;0;;502;0.00000000;-16;f;0.000000000000000;;;f;0.00000000;f;;;;f;;f;0.00000000;;;000057;"";f;0
644;62fca697-863e-4c07-9bd7-e8ab73e7af4e;000515;;;TENDEUSE;;p_Lot is null;0;1;;f;f;f;;5;5;;;;;;TENDEUSE;;;;;;;17800.00000000;0.00000000;0.00000000;17800.00000000;0;0;0;0;0;0;;;;;;f;f;f;00000000-0000-0000-0000-000000000000;0.00000000;566;;;566;f;f;f;f;f;f;f;f;f;0;0;f;0;1;0;0;0;0;0;;;;f;;;2026-04-27 13:16:59.636078;FAHIM;;;113;;;;f;0.00000000;0.00000000;0;f;f;f;0;0;1;0.0000;0.0000;0.0000;0.0000;f;;f;0.0000;f;f;0;;;0.00000000;0;f;0.000000000000000;;;f;0.00000000;f;;;;f;;f;0.00000000;;;, ;"";f;0
505;8cb52ac5-9c66-4123-85eb-40d4a94626d9;STRCURVIA;;;STRUCTURE METALIQUE CURVIA M 70 ;"";;0;1;;f;f;f;;14;4;;;;;;STRUCTURE METALIQUE CURVIA M 70 ;;;;;;;0.00000000;0.00000000;0.00000000;0.00000000;0;0;0;0;0;0;;;;;;f;f;f;00000000-0000-0000-0000-000000000000;0.00000000;427;;;427;f;f;f;f;f;f;f;f;f;0;0;f;0;0;0;0;0;0;0;;;;f;;;2025-11-20 12:47:45.625934;admin;2026-02-07 10:07:32.399718;FAHIM;253;;;;f;0.00000000;0.00000000;0;f;t;f;0;0;1;0.0000;0.0000;0.0000;0.0000;f;;f;0.0000;f;f;0;;;0.00000000;0;f;0.000000000000000;;;f;0.00000000;f;;;;f;;f;0.00000000;;;000036;"";f;0
34;984ad5d1-4945-41a8-a9f9-377cda83a2fd;RFR160;;;RENFORT ECO MAXI 160;;;0;3;;f;f;f;2;10;;1;;;;;;;;;;;;411.10600000;0.00000000;0.00000000;100.00000000;12;0;0;100;0;0;0;0.00000000;0.00000000;0.00000000;0.00000000;t;f;f;00000000-0000-0000-0000-000000000000;0.00000000;31;;;;f;f;f;f;f;f;f;f;f;0;0;f;0;17;0;0;0;0;0;;;Unité;f;;;;;2026-02-07 10:07:37.456786;FAHIM;353;;;;f;0.00000000;0.00000000;0;f;t;f;0;0;1;0.0000;0.0000;0.0000;0.0000;f;;f;0.0000;f;f;0;;;0.00000000;-30;f;0.000000000000000;;;f;0.00000000;f;;;;f;;f;0.00000000;;;;;f;0
71;16598935-72f9-42a7-81ed-c62d0d315b7c;CJPG120;;;CACHE JUPE GAMER   120;;;0;3;;f;f;f;2;11;;1;;;;;;;;;;;;69.32460000;0.00000000;0.00000000;0.00000000;77;0;0;20;0;0;0;0.00000000;0.00000000;0.00000000;0.00000000;t;f;f;00000000-0000-0000-0000-000000000000;0.00000000;57;;;;f;f;f;f;f;f;f;f;f;0;0;f;0;57;0;0;0;0;0;;;Unité;f;;;;;2026-02-07 10:07:37.137715;FAHIM;331;;;;f;0.00000000;0.00000000;0;f;t;f;0;0;1;0.0000;0.0000;0.0000;0.0000;f;;f;0.0000;f;f;0;;;0.00000000;0;f;0.000000000000000;;;f;0.00000000;f;;;;f;;f;0.00000000;;;;;f;0
186;6f5f11bc-6967-4f3d-b01b-92128b951648;TB403010;;;TUBE 40 X 30 X 10;;;0;1;;f;f;f;1;2;9;1;;;;;;;;;;;;734.15230000;0.00000000;0.00000000;745.00000000;246.7;0;0;0;0;0;0;0.00000000;0.00000000;0.00000000;0.00000000;f;f;f;00000000-0000-0000-0000-000000000000;0.00000000;155;;;;f;f;f;f;f;f;f;f;f;0;0;f;0;296.8;0;0;0;0;0;;;Unité;f;;;;;2026-02-07 10:07:35.85876;FAHIM;416;;;;f;0.00000000;0.00000000;0;f;f;f;0;0;1;0.0000;0.0000;0.0000;0.0000;f;;f;0.0000;f;f;0;;;0.00000000;0;f;0.000000000000000;;;f;0.00000000;f;;;;f;;f;0.00000000;;;;;f;0
26;43c80c98-4fbb-43c1-9f36-001b83a201a9;EMB16;;;EMBOUT 16;;;0;3;;f;f;f;1;2;2;1;;;;;;;;;;;;0.84000000;0.00000000;0.00000000;0.84000000;25880;0;0;0;0;0;0;0.00000000;0.00000000;0.00000000;0.00000000;f;f;f;00000000-0000-0000-0000-000000000000;0.00000000;23;;;;f;f;f;f;f;f;f;f;f;0;0;t;0;0;0;0;0;0;0;;;Unité;f;;;;;2026-02-07 10:07:37.554226;FAHIM;320;;;;f;0.00000000;0.00000000;0;f;f;f;0;0;1;0.0000;0.0000;0.0000;0.0000;f;;f;0.0000;f;f;0;;;0.00000000;0;f;0.000000000000000;;;f;0.00000000;f;;;;f;;f;0.00000000;;;;;f;0
763;5f15906c-393d-4d08-b866-c01ff6c44a14;tabspider50/50 30/30;;;TABLE SPIDER 1300/800;;p_Lot is null;0;3;;f;f;f;;13;;1;;;;;TABLE SPIDER 1300/800;;;;;;;3003.17240000;0.00000000;0.00000000;0.00000000;0;0;0;0;0;0;;;;;;t;f;f;00000000-0000-0000-0000-000000000000;0.00000000;685;;;;f;f;t;f;f;f;f;f;f;0;0;f;0;0;0;0;0;0;0;;;Unité;f;;;2026-08-23 11:35:18.958273;MASSY;2026-08-23 11:38:40.904917;MASSY;20;;;;f;0.00000000;0.00000000;0;f;t;f;0;0;1;0.0000;0.0000;0.0000;0.0000;f;;f;0.0000;f;f;0;;537;0.00000000;0;f;0.000000000000000;;;f;0.00000000;f;;;;f;;f;0.00000000;;;000294;"";f;0
686;03c5aa22-60d2-491b-9735-217604fb3034;000555;;;CHAISE VISITEUR BARI (6032C);;;0;1;;f;f;f;;10;;;;;;;CHAISE VISITEUR BARI (6032C);;;;;;;12500.00000000;0.00000000;0.00000000;12500.00000000;0;0;0;0;0;0;;;;;;f;f;f;00000000-0000-0000-0000-000000000000;0.00000000;608;;;608;f;f;f;f;f;f;f;f;f;0;0;f;0;0;0;0;0;0;0;;;;f;;;2026-06-07 15:50:43.008971;FAHIM;;;88;;;;f;0.00000000;0.00000000;0;f;f;f;0;0;1;0.0000;0.0000;0.0000;0.0000;f;;f;0.0000;f;f;0;;;0.00000000;0;f;0.000000000000000;;;f;0.00000000;f;;;;f;;f;0.00000000;;;, ;"";f;0
321;ef72bfcc-d4bf-46e8-9f80-1aafe8a8fdb8;MSS41519;;; MOUSSE 4.CM 140 X 190;;;0;3;;f;f;f;2;7;7;1;;;;;;;;;;;;1318.33000000;0.00000000;0.00000000;2047.13000000;264;0;0;0;0;0;0;0.00000000;0.00000000;0.00000000;0.00000000;f;f;f;00000000-0000-0000-0000-000000000000;0.00000000;260;;;;f;f;f;f;f;f;f;f;f;0;0;t;0;178.8;0;0;0;0;0;;;Unité;f;;;;;2026-07-20 13:56:11.090457;MASSY;387;;;;f;0.00000000;0.00000000;0;f;f;f;0;0;1;0.0000;0.0000;0.0000;0.0000;f;;f;0.0000;f;f;0;;;0.00000000;0;f;0.000000000000000;;;f;0.00000000;f;;;;f;;f;0.00000000;;;321;"";f;0
492;498b82cc-e623-40f3-9ba9-110882cdb8e4;TR01;;;TUBE ROND 33/42/24;;;0;3;;f;f;f;;2;;;;;;;TUBE ROND 33/42/24;;;;;;;1278.87360000;0.00000000;0.00000000;0.00000000;0;0;0;0;0;0;;;;;;f;f;f;00000000-0000-0000-0000-000000000000;0.00000000;414;;;414;f;f;f;f;f;f;f;f;f;0;0;t;0;83.03;0;0;0;0;0;;;;f;;;2025-11-05 19:28:12.210112;MASSY;2026-02-07 10:07:32.562901;FAHIM;287;;;;f;0.00000000;0.00000000;0;f;f;f;0;0;1;0.0000;0.0000;0.0000;0.0000;f;;f;0.0000;f;f;0;;;0.00000000;0;f;0.000000000000000;;;f;0.00000000;f;;;;f;;f;0.00000000;;;, ;"";f;0
251;228d3e3b-7176-4265-a24c-94c42f5bf2b3;PTR1000E;;;PIED METAL TABLE DE REUNION    ECO   M 100;;;0;3;;f;f;f;2;13;;1;;;;;;;;;;;;3013.60000000;0.00000000;0.00000000;0.00000000;0;0;0;20;0;0;0;0.00000000;0.00000000;0.00000000;0.00000000;t;f;f;00000000-0000-0000-0000-000000000000;0.00000000;206;;;;f;f;f;f;f;f;f;f;f;0;0;f;0;0;0;0;0;0;0;;;Unité;f;;;;;2026-02-07 10:07:35.209626;FAHIM;291;;;;f;0.00000000;0.00000000;0;f;t;f;0;0;1;0.0000;0.0000;0.0000;0.0000;f;;f;0.0000;f;f;0;;;0.00000000;0;f;0.000000000000000;;;f;0.00000000;f;;;;f;;f;0.00000000;;;;;f;0
146;466ebe26-d60b-4f94-9d6f-21baa6b9ed2d;POT001;;;POINTU TOPTUL;;;0;1;;f;f;f;2;2;;1;;;;;;;;;;;;0.00000000;0.00000000;0.00000000;100.00000000;0;0;0;0;0;0;0;0.00000000;0.00000000;0.00000000;0.00000000;f;f;f;00000000-0000-0000-0000-000000000000;0.00000000;122;;;;f;f;f;f;f;f;f;f;f;0;0;f;0;0;0;0;0;0;0;;;Unité;f;;;;;2026-02-07 10:07:36.276217;FAHIM;291;;;;f;0.00000000;0.00000000;0;f;f;f;0;0;1;0.0000;0.0000;0.0000;0.0000;f;;f;0.0000;f;f;0;;;0.00000000;0;f;0.000000000000000;;;f;0.00000000;f;;;;f;;f;0.00000000;;;;;f;0
139;328b01c9-0039-49d6-bf38-aa25ea540536;BLM1260;;;BOULON M12X60;;;0;1;;f;f;f;1;2;;1;;;;;;;;;;;;29.00000000;0.00000000;0.00000000;100.00000000;271;0;0;0;0;0;0;0.00000000;0.00000000;0.00000000;0.00000000;f;f;f;00000000-0000-0000-0000-000000000000;0.00000000;115;;;;f;f;f;f;f;f;f;f;f;0;0;f;0;0;0;0;0;0;0;;;Unité;f;;;;;2026-02-07 10:07:36.381576;FAHIM;373;;;;f;0.00000000;0.00000000;0;f;f;f;0;0;1;0.0000;0.0000;0.0000;0.0000;f;;f;0.0000;f;f;0;;;0.00000000;0;f;0.000000000000000;;;f;0.00000000;f;;;;f;;f;0.00000000;;;;;f;0
752;b8b78a31-f9e0-47bb-918b-c51db2bcaabf;000616;;;PC GAMMER CNC;;p_Lot is null;0;1;;f;f;f;;16;;;;;;;PC GAMMER CNC;;;;;;;197000.00000000;0.00000000;0.00000000;197000.00000000;0;0;0;0;0;0;;;;;;f;f;f;00000000-0000-0000-0000-000000000000;0.00000000;674;;;674;f;f;f;f;f;f;f;f;f;0;0;f;0;1;0;0;0;0;0;;;;f;;;2026-08-04 16:07:40.313178;FAHIM;;;33;;;;f;0.00000000;0.00000000;0;f;f;f;0;0;1;0.0000;0.0000;0.0000;0.0000;f;;f;0.0000;f;f;0;;;0.00000000;0;f;0.000000000000000;;;f;0.00000000;f;;;;f;;f;0.00000000;;;, ;"";f;0
143;7c147245-aabb-479c-9514-813558c0d5d7;ECRG6;;;ECROU A GRIFFE M6;;;0;1;;f;f;f;2;2;;1;;;;;;;;;;;;3.96760000;0.00000000;0.00000000;4.00000000;15645;0;0;0;0;0;0;0.00000000;0.00000000;0.00000000;0.00000000;f;f;f;00000000-0000-0000-0000-000000000000;0.00000000;119;;;;f;f;f;f;f;f;f;f;f;0;0;f;0;0;0;0;0;0;0;;;Unité;t;FAHIM;2026-02-07 12:16:38.474411;;;2026-02-07 12:24:56.627555;FAHIM;387;;;;f;0.00000000;0.00000000;0;f;f;f;0;0;1;0.0000;0.0000;0.0000;0.0000;f;;f;0.0000;f;f;0;;;0.00000000;0;f;0.000000000000000;;;f;0.00000000;f;;;;f;;f;0.00000000;;;;;f;0
381;7830735e-58a0-48d2-bbde-0bc4cb22aef8;TMLRD21;;;TABLE METALLIQUE LOURD 2 X 1 ;;;0;3;;f;f;f;2;14;;;;;;;;;;;;;;10691.36000000;0.00000000;0.00000000;0.00000000;0;0;0;0;0;0;0;0.00000000;0.00000000;0.00000000;0.00000000;t;f;f;00000000-0000-0000-0000-000000000000;0.00000000;311;;;;f;f;f;f;f;f;f;f;f;0;0;t;0;0;0;0;0;0;0;;;Unité;f;;;;;2026-02-07 10:07:33.833451;FAHIM;291;;;;f;0.00000000;0.00000000;0;f;t;f;0;0;;0.0000;0.0000;0.0000;0.0000;f;;f;0.0000;f;f;0;;;0.00000000;0;f;0.000000000000000;;;f;0.00000000;f;;;;f;;f;0.00000000;;;;;f;0
452;4fd7b337-a232-4dd2-8af7-f6fd6025110c;CJP048;;60;CACHE JUPE P/PLAT 80;;;0;3;;f;f;f;2;11;;1;;;;;CACHE JUPE P/PLAT 80;;;;;;;546.66520000;0.00000000;0.00000000;0.00000000;1;0;0;20;0;0;0;0.00000000;0.00000000;0.00000000;0.00000000;t;f;f;00000000-0000-0000-0000-000000000000;0.00000000;375;;;;f;f;f;f;f;f;f;f;f;0;0;f;0;31;0;0;0;0;0;;;Unité;f;;;;;2026-02-22 15:07:31.765568;FAHIM;337;;;;f;0.00000000;0.00000000;0;f;t;f;0;0;1;0.0000;0.0000;0.0000;0.0000;f;;f;0.0000;f;f;0;;452;0.00000000;-255;f;0.000000000000000;;;f;0.00000000;f;;;;f;;f;0.00000000;;;452;"";f;0
442;1a67e05f-f120-4038-93f5-ac432aeeb5c4;G23;;;CHAISE VIISITEUR G 23;;;0;1;;f;f;f;;12;;;;;;;;;;;;;;5200.00000000;0.00000000;0.00000000;5200.00000000;0;0;0;0;0;0;0;0.00000000;0.00000000;0.00000000;0.00000000;f;f;f;00000000-0000-0000-0000-000000000000;0.00000000;365;;;;f;f;f;f;f;f;f;f;f;0;0;f;0;0;0;0;0;0;0;;;Unité;f;;;;;2026-02-07 10:07:33.129872;FAHIM;328;;;;f;0.00000000;0.00000000;0;f;f;f;0;0;;0.0000;0.0000;0.0000;0.0000;f;;f;0.0000;f;f;0;;;0.00000000;0;f;0.000000000000000;;;f;0.00000000;f;;;;f;;f;0.00000000;;;;;f;0
193;29550ffd-f8a4-4995-b3c5-bb9a6f7e7fc1;TB601510;;;TUBE 60 X 15 X 10;;;0;1;;f;f;f;2;2;9;1;;;;;;;;;;;;0.00000000;0.00000000;0.00000000;100.00000000;0;0;0;0;0;0;0;0.00000000;0.00000000;0.00000000;0.00000000;f;f;f;00000000-0000-0000-0000-000000000000;0.00000000;162;;;;f;f;f;f;f;f;f;f;f;0;0;t;0;0;0;0;0;0;0;;;Unité;f;;;;;2026-02-07 10:07:35.770442;FAHIM;291;;;;f;0.00000000;0.00000000;0;f;f;f;0;0;1;0.0000;0.0000;0.0000;0.0000;f;;f;0.0000;f;f;0;;;0.00000000;0;f;0.000000000000000;;;f;0.00000000;f;;;;f;;f;0.00000000;;;;;f;0
655;4fdf98d6-33e2-4230-a7b8-379cabd2b32b;000526;;;ECROU NOIR POMPE;;p_Lot is null;0;1;;f;f;f;;5;5;;;;;;ECROU NOIR POMPE;;;;;;;5000.00000000;0.00000000;0.00000000;5000.00000000;0;0;0;0;0;0;;;;;;f;f;f;00000000-0000-0000-0000-000000000000;0.00000000;577;;;577;f;f;f;f;f;f;f;f;f;0;0;f;0;1;0;0;0;0;0;;;;f;;;2026-05-11 08:43:26.331746;FAHIM;;;105;;;;f;0.00000000;0.00000000;0;f;f;f;0;0;1;0.0000;0.0000;0.0000;0.0000;f;;f;0.0000;f;f;0;;;0.00000000;0;f;0.000000000000000;;;f;0.00000000;f;;;;f;;f;0.00000000;;;, ;"";f;0
243;e68617f2-aa3d-4c97-917c-75caaccb6540;PS35075;;;PIED METAL MAXI M 75           SOUDEE            ;;;0;3;;f;f;f;2;13;;1;;;;;;;;;;;;2503.18000000;0.00000000;0.00000000;0.00000000;0;0;0;60;0;0;0;0.00000000;0.00000000;4500.00000000;5000.00000000;t;f;f;00000000-0000-0000-0000-000000000000;0.00000000;201;;;;f;f;f;f;f;f;f;f;f;0;0;f;0;0;0;0;0;0;0;;;Unité;f;;;;;2026-02-07 10:07:35.272389;FAHIM;297;;;;f;0.00000000;0.00000000;0;f;t;f;0;0;1;0.0000;0.0000;0.0000;0.0000;f;;f;0.0000;f;f;0;;;0.00000000;0;f;0.000000000000000;;;f;0.00000000;f;;;;f;;f;0.00000000;;;;;f;0
256;fda34074-d6b5-4829-9c1a-1f6af3dff470;P37100;;;PIED METAL STATION MAXI 2  M 100;;;0;3;;f;f;f;2;13;;1;;;;;;;;;;;;2921.01000000;0.00000000;0.00000000;0.00000000;6;0;0;15;0;0;0;0.00000000;0.00000000;0.00000000;0.00000000;t;f;f;00000000-0000-0000-0000-000000000000;0.00000000;209;;;;f;f;f;f;f;f;f;f;f;0;0;f;0;0;0;0;0;0;0;;;Unité;f;;;;;2026-02-07 10:07:35.172247;FAHIM;298;;;;f;0.00000000;0.00000000;0;f;t;f;0;0;1;0.0000;0.0000;0.0000;0.0000;f;;f;0.0000;f;f;0;;;0.00000000;0;f;0.000000000000000;;;f;0.00000000;f;;;;f;;f;0.00000000;;;;;f;0
66;f268af09-ce46-45c7-9c8f-8ab3d1150d0c;TABS002;;;TABLE SPECIFIQUE ;;;0;3;;f;f;f;2;13;;1;;;;;;;;;;;;14155.00000000;0.00000000;0.00000000;14900.00000000;0;0;0;0;0;0;0;0.00000000;0.00000000;0.00000000;0.00000000;f;f;f;00000000-0000-0000-0000-000000000000;0.00000000;55;;;;f;f;f;f;f;f;f;f;f;0;0;f;0;0;0;0;0;0;0;;;Unité;f;;;;;2026-02-07 10:07:37.162364;FAHIM;293;;;;f;0.00000000;0.00000000;0;f;f;f;0;0;1;0.0000;0.0000;0.0000;0.0000;f;;f;0.0000;f;f;0;;;0.00000000;0;f;0.000000000000000;;;f;0.00000000;f;;;;f;;f;0.00000000;;;;;f;0
614;2e8b3bfd-d422-459a-9db0-154e929a9f48;TL6030/4060120;;TL6030/40120;"TABLE DE LECTURE 60 X 30 60/40 60 X 120
";;p_Lot is null;0;3;;f;f;f;;10;;;;;;;"TABLE DE LECTURE 60 X 30 60/40 60 X 120
";;;;;;;1652.82410000;0.00000000;0.00000000;0.00000000;0;0;0;0;0;0;;;;;;t;f;f;00000000-0000-0000-0000-000000000000;0.00000000;536;;;;f;f;f;f;f;f;f;f;f;0;0;f;0;0;0;0;0;0;0;;;Unité;f;;;2026-03-25 13:00:43.969699;MASSY;2026-03-25 13:02:41.060221;MASSY;142;;;;f;0.00000000;0.00000000;0;f;t;f;0;0;;0.0000;0.0000;0.0000;0.0000;f;;f;0.0000;f;f;0;;;0.00000000;0;f;0.000000000000000;;;f;0.00000000;f;;;;f;;f;0.00000000;;;000145;"";f;0
617;8cd1788d-3f03-4627-b74b-c7c5b647db47;000493;;ACCPL32;ACCOUDOIRE PLASTIQUE TUBE ROND 32;;;0;3;;f;f;f;;3;;;;;;;ACCOUDOIRE PLASTIQUE TUBE ROND 32;;;;;;;65.00000000;0.00000000;0.00000000;65.00000000;0;0;0;0;0;0;;;;;;t;f;f;00000000-0000-0000-0000-000000000000;0.00000000;539;;;539;f;f;f;f;f;f;f;f;f;0;0;t;0;6100;0;0;0;0;0;;;;f;;;2026-03-29 11:59:03.833913;FAHIM;;;140;;;;f;0.00000000;0.00000000;0;f;f;f;0;0;1;0.0000;0.0000;0.0000;0.0000;f;;f;0.0000;f;f;0;;;0.00000000;0;f;0.000000000000000;;;f;0.00000000;f;;;;f;;f;0.00000000;;;, ;"";f;0
674;f51bf70e-58df-49ef-949c-8e5f5f3d72eb;000543;;;MOUSSE 0.5 CM;;p_Lot is null;0;1;;f;f;f;;2;;;;;;;MOUSSE 0.5 CM;;;;;;;250.00000000;0.00000000;0.00000000;250.00000000;0;0;0;0;0;0;;;;;;f;f;f;00000000-0000-0000-0000-000000000000;0.00000000;596;;;596;f;f;f;f;f;f;f;f;f;0;0;f;0;29;0;0;0;0;0;;;;f;;;2026-06-01 15:14:40.685839;FAHIM;;;87;;;;f;0.00000000;0.00000000;0;f;f;f;0;0;1;0.0000;0.0000;0.0000;0.0000;f;;f;0.0000;f;f;0;;;0.00000000;0;f;0.000000000000000;;;f;0.00000000;f;;;;f;;f;0.00000000;;;, ;"";f;0
672;0008524c-5a27-4d62-8d7a-0cfb33d888f9;TL4040M60*140;;;TABLE DE LECTURE 40 X 40 M 60 140 DEMO;;p_Lot is null;0;3;;f;f;f;;13;;;;;;;TABLE DE LECTURE 40 X 40 M 60 140 DEMO;;;;;;;2968.56810000;0.00000000;0.00000000;0.00000000;0;0;0;0;0;0;;;;;;t;f;f;00000000-0000-0000-0000-000000000000;0.00000000;594;;;;f;f;f;f;f;f;f;f;f;0;0;f;0;0;0;0;0;0;0;;;Unité;f;;;2026-06-01 10:33:31.350997;MASSY;2026-06-01 10:34:53.343974;MASSY;82;;;;f;0.00000000;0.00000000;0;f;t;f;0;0;;0.0000;0.0000;0.0000;0.0000;f;;f;0.0000;f;f;0;;;0.00000000;0;f;0.000000000000000;;;f;0.00000000;f;;;;f;;f;0.00000000;;;000203;"";f;0
238;47d59db4-ffaa-45f1-a40b-0c9f49773fbb;P36075;;;PIED METAL MAXI SLIM M 75;;;0;3;;f;f;f;2;13;;1;;;;;;;;;;;;2600.26000000;0.00000000;0.00000000;0.00000000;0;0;0;40;0;0;0;0.00000000;0.00000000;0.00000000;0.00000000;t;f;f;00000000-0000-0000-0000-000000000000;0.00000000;196;;;;f;f;f;f;f;f;f;f;f;0;0;f;0;0;0;0;0;0;0;;;Unité;f;;;;;2026-02-07 10:07:35.310408;FAHIM;295;;;;f;0.00000000;0.00000000;0;f;t;f;0;0;1;0.0000;0.0000;0.0000;0.0000;f;;f;0.0000;f;f;0;;;0.00000000;0;f;0.000000000000000;;;f;0.00000000;f;;;;f;;f;0.00000000;;;;;f;0
64;d7719cef-ebfe-4368-b1b9-cf59e3423134;PTR0800E;;;PIED METAL TABLE DE REUNION    ECO   M 80;;;0;3;;f;f;f;2;13;;1;;;;;;;;;;;;6321.02290000;0.00000000;0.00000000;7000.00000000;1;0;0;0;0;0;0;0.00000000;0.00000000;0.00000000;0.00000000;t;f;f;00000000-0000-0000-0000-000000000000;0.00000000;53;;;;f;f;f;f;f;f;f;f;f;0;0;f;0;0;0;0;0;0;0;;;Unité;f;;;;;2026-02-07 10:07:37.187035;FAHIM;295;;;;f;0.00000000;0.00000000;0;f;t;f;0;0;1;0.0000;0.0000;0.0000;0.0000;f;;f;0.0000;f;f;0;;;0.00000000;0;f;0.000000000000000;;;f;0.00000000;f;;;;f;;f;0.00000000;;;;;f;0
777;91926a00-b659-44b4-ae9c-93adb99e996a;000638;;;POSTE A SOUDER;;p_Lot is null;0;1;;f;f;f;;5;;;;;;;POSTE A SOUDER;;;;;;;145000.00000000;0.00000000;0.00000000;145000.00000000;0;0;0;0;0;0;;;;;;f;f;f;00000000-0000-0000-0000-000000000000;0.00000000;699;;;699;f;f;f;f;f;f;f;f;f;0;0;f;0;1;0;0;0;0;0;;;;f;;;2026-08-30 12:13:19.803778;FAHIM;;;15;;;;f;0.00000000;0.00000000;0;f;f;f;0;0;1;0.0000;0.0000;0.0000;0.0000;f;;f;0.0000;f;f;0;;;0.00000000;0;f;0.000000000000000;;;f;0.00000000;f;;;;f;;f;0.00000000;;;, ;"";f;0
198;50361182-2fa3-4f92-9e94-a4d6309b750d;TBC100100;;;TUBE 100 X 100 X 2;;;0;1;;f;f;f;2;2;9;1;;;;;;;;;;;;0.00000000;0.00000000;0.00000000;100.00000000;0;0;0;0;0;0;0;0.00000000;0.00000000;0.00000000;0.00000000;f;f;f;00000000-0000-0000-0000-000000000000;0.00000000;167;;;;f;f;f;f;f;f;f;f;f;0;0;f;0;9;0;0;0;0;0;;;Unité;f;;;;;2026-02-07 10:07:35.707704;FAHIM;299;;;;f;0.00000000;0.00000000;0;f;f;f;0;0;1;0.0000;0.0000;0.0000;0.0000;f;;f;0.0000;f;f;0;;;0.00000000;0;f;0.000000000000000;;;f;0.00000000;f;;;;f;;f;0.00000000;;;;;f;0
104;c4f564cf-d599-4f33-91a7-ed247d028c95;SPM001;;;MIROIRE METAL;;;0;3;;f;f;f;2;13;;1;;;;;;;;;;;;800.00000000;0.00000000;0.00000000;0.00000000;0;0;0;0;0;0;0;0.00000000;0.00000000;0.00000000;0.00000000;f;f;f;00000000-0000-0000-0000-000000000000;0.00000000;80;;;;f;f;f;f;f;f;f;f;f;0;0;f;0;0;0;0;0;0;0;;;Unité;f;;;;;2026-02-07 10:07:36.825717;FAHIM;291;;;;f;0.00000000;0.00000000;0;f;f;f;0;0;1;0.0000;0.0000;0.0000;0.0000;f;;f;0.0000;f;f;0;;;0.00000000;0;f;0.000000000000000;;;f;0.00000000;f;;;;f;;f;0.00000000;;;;;f;0
629;42cd77a2-1d56-4b8d-ba2f-6f9306c41823;000500;;;VERRE DE MASQUE;;;0;1;;f;f;f;;16;1;;;;;;VERRE DE MASQUE;;;;;;;350.00000000;0.00000000;0.00000000;350.00000000;0;0;0;0;0;0;;;;;;f;f;f;00000000-0000-0000-0000-000000000000;0.00000000;551;;;551;f;f;f;f;f;f;f;f;f;0;0;f;0;10;0;0;0;0;0;;;;f;;;2026-04-07 11:31:08.879011;FAHIM;;;128;;;;f;0.00000000;0.00000000;0;f;f;f;0;0;1;0.0000;0.0000;0.0000;0.0000;f;;f;0.0000;f;f;0;;;0.00000000;0;f;0.000000000000000;;;f;0.00000000;f;;;;f;;f;0.00000000;;;, ;"";f;0
163;fe2645f0-864d-4be9-9b46-0ec98fff7c35;SKR;;;SKY NOIR;;;0;1;;f;f;f;2;7;;1;;;;;;;;;;;;0.00000000;0.00000000;0.00000000;100.00000000;0;0;0;0;0;0;0;0.00000000;0.00000000;0.00000000;0.00000000;f;f;f;00000000-0000-0000-0000-000000000000;0.00000000;136;;;;f;f;f;f;f;f;f;f;f;0;0;f;0;0;0;0;0;0;0;;;Unité;f;;;;;2026-02-07 10:07:36.098908;FAHIM;292;;;;f;0.00000000;0.00000000;0;f;f;f;0;0;1;0.0000;0.0000;0.0000;0.0000;f;;f;0.0000;f;f;0;;;0.00000000;0;f;0.000000000000000;;;f;0.00000000;f;;;;f;;f;0.00000000;;;;;f;0
413;7631ccc4-4847-4608-bca8-8dd3d58deb92;TEC4100;;;TABLETTE ECRITOIRE ;;;0;3;;f;f;f;;12;11;;;;;;;;;;;;;350.00000000;0.00000000;0.00000000;350.00000000;0;0;0;0;0;0;0;0.00000000;0.00000000;0.00000000;0.00000000;f;f;f;00000000-0000-0000-0000-000000000000;0.00000000;339;;;;f;f;f;f;f;f;f;f;f;0;0;f;0;1083;0;0;0;0;0;;;Unité;f;;;;;2026-08-20 10:27:12.989316;FAHIM;331;;;;f;0.00000000;0.00000000;0;f;f;f;0;0;;0.0000;0.0000;0.0000;0.0000;f;;f;0.0000;f;f;0;;413;0.00000000;-39;f;0.000000000000000;;;f;0.00000000;f;;;;f;;f;0.00000000;;;413;"";f;0
424;60c31fa8-1717-49f5-b281-9cbded8fec8a;TUM6040;;;TABLE U MODERNE 60X40 90 X 80;;;0;3;;f;f;f;2;10;;;;;;;;;;;;;;2046.91000000;0.00000000;0.00000000;0.00000000;35;0;0;0;0;0;0;0.00000000;0.00000000;0.00000000;0.00000000;t;f;f;00000000-0000-0000-0000-000000000000;0.00000000;348;;;;f;f;f;f;f;f;f;f;f;0;0;t;0;21;0;0;0;0;0;;;Unité;f;;;;;2026-02-07 10:07:33.367272;FAHIM;293;;;;f;0.00000000;0.00000000;0;f;t;f;0;0;;0.0000;0.0000;0.0000;0.0000;f;;f;0.0000;f;f;0;;;0.00000000;-14;f;0.000000000000000;;;f;0.00000000;f;;;;f;;f;0.00000000;;;;;f;0
588;083ec799-6d24-495b-808d-37248130b1ae;RTR BUR SIMP;;RTR MLM ;RETOUR MLM BUR SIMPLE ;;;0;1;;f;f;t;;15;;;;;;;RETOUR MLM BUR SIMPLE ;;;;;;;8075.00000000;0.00000000;0.00000000;8500.00000000;0;0;0;0;0;0;;;;;;t;f;f;00000000-0000-0000-0000-000000000000;0.00000000;510;;;510;f;f;t;f;f;f;f;f;f;0;0;f;0;0;0;0;0;0;0;;;;f;;;2026-02-14 14:04:48.507566;MASSY;;;216;;;;f;0.00000000;0.00000000;0;f;t;f;0;0;1;0.0000;0.0000;0.0000;0.0000;f;;f;0.0000;f;f;0;;;0.00000000;-1;f;0.000000000000000;;;f;0.00000000;f;;;;f;;f;0.00000000;;;, ;"";f;0
149;65fb49e1-60b7-43a8-a009-59d5ce6a3ab9;RLF612;;;VIS  RLF M6X12;;;0;1;;f;f;f;1;2;;1;;;;;;;;;;;;1.83000000;0.00000000;0.00000000;1.80000000;23123;0;0;0;0;0;0;0.00000000;0.00000000;0.00000000;0.00000000;f;f;f;00000000-0000-0000-0000-000000000000;0.00000000;125;;;;f;f;f;f;f;f;f;f;f;0;0;f;0;0;0;0;0;0;0;;;Unité;f;;;;;2026-02-07 10:07:36.238345;FAHIM;629;;;;f;0.00000000;0.00000000;0;f;f;f;0;0;1;0.0000;0.0000;0.0000;0.0000;f;;f;0.0000;f;f;0;;;0.00000000;0;f;0.000000000000000;;;f;0.00000000;f;;;;f;;f;0.00000000;;;;;f;0
626;eabe239e-2d11-4ecc-8095-8c851cc84972;BUR 1.60 D PLT;;B 160 P BOIS D PLAT;BUREAU ZAINE SONOMA 160*80 DOUBLE PLAT;;p_Lot is null;0;3;;f;f;t;;10;;;;;;;BUREAU ZAINE SONOMA 160*80 DOUBLE PLAT;;;;;;;18715.00000000;0.00000000;0.00000000;19700.00000000;0;0;0;0;0;0;;;;;;f;f;f;00000000-0000-0000-0000-000000000000;0.00000000;548;;;548;f;f;t;f;f;f;f;f;f;0;0;f;0;0;0;0;0;0;0;;;;f;;;2026-04-07 11:00:34.503549;MASSY;;;138;;;;f;0.00000000;0.00000000;0;f;f;f;0;0;1;0.0000;0.0000;0.0000;0.0000;f;;f;0.0000;f;f;0;;;0.00000000;0;f;0.000000000000000;;;f;0.00000000;f;;;;f;;f;0.00000000;;;, ;"";f;0
705;2b74b1d3-32ca-4b27-ad51-b371a5bec30d;000574;;;SAC EMBALAGE 65 * 90;;;0;3;;f;f;f;;2;;;;;;;SAC EMBALAGE 65 * 90;;;;;;;8.87000000;0.00000000;0.00000000;8.87000000;0;0;0;0;0;0;;;;;;f;f;f;00000000-0000-0000-0000-000000000000;0.00000000;627;;;627;f;f;f;f;f;f;f;f;f;0;0;f;0;5695;0;0;0;0;0;;;;f;;;2026-06-29 08:43:52.707709;FAHIM;;;70;;;;f;0.00000000;0.00000000;0;f;f;f;0;0;1;0.0000;0.0000;0.0000;0.0000;f;;f;0.0000;f;f;0;;;0.00000000;0;f;0.000000000000000;;;f;0.00000000;f;;;;f;;f;0.00000000;;;, ;"";f;0
337;791d6d2e-a0ab-4dcc-a356-48bc09cef19a;BFS5540;;;BOBINE FIL A SOUDER;;;0;3;;f;f;f;2;2;9;;;;;;;;;;;;;5344.05570000;0.00000000;0.00000000;4957.99000000;71;0;0;0;0;0;0;0.00000000;0.00000000;0.00000000;0.00000000;f;f;f;00000000-0000-0000-0000-000000000000;0.00000000;273;;;;f;f;f;f;f;f;f;f;f;0;0;t;0;122;0;0;0;0;0;;;Unité;f;;;;;2026-02-07 10:07:34.34147;FAHIM;298;;;;f;0.00000000;0.00000000;0;f;f;f;0;0;;0.0000;0.0000;0.0000;0.0000;f;;f;0.0000;f;f;0;;;0.00000000;0;f;0.000000000000000;;;f;0.00000000;f;;;;f;;f;0.00000000;;;;;f;0
751;cdece053-0db0-4ef9-83a3-8b316380e774;000615;;;BROSSE CNC;;p_Lot is null;0;1;;f;f;f;;5;;;;;;;BROSSE CNC;;;;;;;6000.00000000;0.00000000;0.00000000;6000.00000000;0;0;0;0;0;0;;;;;;f;f;f;00000000-0000-0000-0000-000000000000;0.00000000;673;;;673;f;f;f;f;f;f;f;f;f;0;0;f;0;1;0;0;0;0;0;;;;f;;;2026-08-03 09:56:33.34321;FAHIM;;;36;;;;f;0.00000000;0.00000000;0;f;f;f;0;0;1;0.0000;0.0000;0.0000;0.0000;f;;f;0.0000;f;f;0;;;0.00000000;0;f;0.000000000000000;;;f;0.00000000;f;;;;f;;f;0.00000000;;;, ;"";f;0
307;6bdd8311-a73f-4944-86e8-bfe6e110aa80;TL0571105;;; TOLE 057 1050 X 1000;;;0;1;;f;f;f;2;2;;1;;;;;;;;;;;;637.89550000;0.00000000;0.00000000;630.25210084;694.25;0;0;0;0;0;0;0.00000000;0.00000000;0.00000000;0.00000000;f;f;f;00000000-0000-0000-0000-000000000000;0.00000000;248;;;;f;f;f;f;f;f;f;f;f;0;0;f;0;0.25;0;0;0;0;0;;;Unité;f;;;;;2026-02-07 10:07:34.658018;FAHIM;472;;;;f;0.00000000;0.00000000;0;f;f;f;0;0;1;0.0000;0.0000;0.0000;0.0000;f;;f;0.0000;f;f;0;;;0.00000000;0;f;0.000000000000000;;;f;0.00000000;f;;;;f;;f;0.00000000;;;;;f;0
234;593fb6ce-f751-4826-9ce1-c035f83c4ae4;MD005;;;MAIN D'OEUVRE CACHE JUPE;;;2;1;;f;f;f;2;2;;;;;;;;;;;;;;50.00000000;0.00000000;0.00000000;0.00000000;0;0;0;0;0;0;0;0.00000000;0.00000000;0.00000000;0.00000000;f;f;f;00000000-0000-0000-0000-000000000000;0.00000000;193;;;;t;f;f;f;f;f;f;f;f;0;0;f;0;0;0;0;0;0;0;;;Unité;f;;;;;2026-02-07 10:07:35.347837;FAHIM;312;;;;f;0.00000000;0.00000000;0;f;f;f;0;0;;0.0000;0.0000;0.0000;0.0000;f;;f;0.0000;f;f;0;;;0.00000000;0;f;0.000000000000000;;;f;0.00000000;f;;;;f;;f;0.00000000;;;;;f;0
335;516062e1-de9b-4d73-af70-952cbcc72256;EM0018;;; EMBOUT 18;;;0;3;;f;f;f;1;3;2;1;;;;;;;;;;;;1.00000000;0.00000000;0.00000000;1.00000000;4000;0;0;0;0;0;0;0.00000000;0.00000000;0.00000000;0.00000000;f;f;f;00000000-0000-0000-0000-000000000000;0.00000000;271;;;;f;f;f;f;f;f;f;f;f;0;0;t;0;0;0;0;0;0;1;FAHIM;2026-02-22 13:38:41.03734;Unité;f;;;;;2026-02-22 13:47:39.033211;FAHIM;315;;;;f;0.00000000;0.00000000;0;f;f;f;0;0;1;0.0000;0.0000;0.0000;0.0000;f;1;f;0.0000;f;f;0;;;0.00000000;0;f;0.000000000000000;;;f;0.00000000;f;;;;f;;f;0.00000000;;;;;f;0
533;45cb8728-502f-4416-8829-9c75eacd70b0;STBRONDE;;;STRUCTURE TABLE BASSE RONDE ;;p_Lot is null;0;1;;f;f;f;;14;;;;;;;STRUCTURE TABLE BASSE RONDE ;;;;;;;1569.39250000;0.00000000;0.00000000;0.00000000;0;0;0;0;0;0;;;;;;t;f;f;00000000-0000-0000-0000-000000000000;0.00000000;455;;;455;f;f;f;f;f;f;f;f;f;0;0;f;0;0;0;0;0;0;0;;;;f;;;2025-12-02 16:26:12.259739;admin;2026-02-07 10:07:32.047262;FAHIM;249;;;;f;0.00000000;0.00000000;0;f;t;f;0;0;1;0.0000;0.0000;0.0000;0.0000;f;;f;0.0000;f;f;0;;;0.00000000;-6;f;0.000000000000000;;;f;0.00000000;f;;;;f;;f;0.00000000;;;000064;"";f;0
796;6be71fbd-8187-4fb3-9f27-d7b37df7fe4f;000657;;;PLATEAU 220 X 120 MDF;;;0;1;;f;f;f;;17;;;;;;;PLATEAU 220 X 120 MDF;;;;;;;15000.00000000;0.00000000;0.00000000;15000.00000000;0;0;0;0;0;0;;;;;;f;f;f;00000000-0000-0000-0000-000000000000;0.00000000;718;;;718;f;f;f;f;f;f;f;f;f;0;0;f;0;0;0;0;0;0;0;;;;f;;;2026-09-03 14:42:43.857452;FAHIM;;;10;;;;f;0.00000000;0.00000000;0;f;f;f;0;0;1;0.0000;0.0000;0.0000;0.0000;f;;f;0.0000;f;f;0;;;0.00000000;0;f;0.000000000000000;;;f;0.00000000;f;;;;f;;f;0.00000000;;;, ;"";f;0
343;44bf80d1-7406-443a-8e61-f1f3e81efb57;CAM1200;;;CHAISE AMPHIE 120;;;0;3;;f;f;f;2;10;;;;;;;;;;;;;;1100.00000000;0.00000000;0.00000000;0.00000000;0;0;0;0;0;0;0;0.00000000;0.00000000;0.00000000;0.00000000;f;f;f;00000000-0000-0000-0000-000000000000;0.00000000;279;;;;f;f;f;f;f;f;f;f;f;0;0;f;0;0;0;0;0;0;0;;;Unité;f;;;;;2026-02-07 10:07:34.259407;FAHIM;291;;;;f;0.00000000;0.00000000;0;f;f;f;0;0;;0.0000;0.0000;0.0000;0.0000;f;;f;0.0000;f;f;0;;;0.00000000;0;f;0.000000000000000;;;f;0.00000000;f;;;;f;;f;0.00000000;;;;;f;0
624;fc4b9aa7-3939-41d5-a98d-3cd9f7db1ce6;BDERC160PIED BOIS;;;BUREAUX MAX 160*70 PI BOIS 32 MM FP;;p_Lot is null;0;3;;f;f;t;;10;;;;;;;BUREAUX MAX 160*70 PI BOIS 32 MM FP;;;;;;;9310.00000000;0.00000000;0.00000000;9800.00000000;0;0;0;0;0;0;;;;;;f;f;f;00000000-0000-0000-0000-000000000000;0.00000000;546;;;546;f;f;t;f;f;f;f;f;f;0;0;f;0;0;0;0;0;0;0;;;;f;;;2026-04-04 11:00:09.669622;MASSY;;;161;;;;f;0.00000000;0.00000000;0;f;f;f;0;0;1;0.0000;0.0000;0.0000;0.0000;f;;f;0.0000;f;f;0;;;0.00000000;-7;f;0.000000000000000;;;f;0.00000000;f;;;;f;;f;0.00000000;;;, ;"";f;0
191;ed92d188-a86a-45d4-a300-31fbc0191b08;TBC505015;;;"TUBE 50 X 50 X 15
";;;0;1;;f;f;f;1;2;9;1;;;;;;;;;;;;1448.87710000;0.00000000;0.00000000;1450.00000000;73.5;0;0;0;0;0;0;0.00000000;0.00000000;0.00000000;0.00000000;f;f;f;00000000-0000-0000-0000-000000000000;0.00000000;160;;;;f;f;f;f;f;f;f;f;f;0;0;f;0;170.8;0;0;0;0;0;;;Unité;f;;;;;2026-02-07 10:07:35.795153;FAHIM;409;;;;f;0.00000000;0.00000000;0;f;f;f;0;0;1;0.0000;0.0000;0.0000;0.0000;f;;f;0.0000;f;f;0;;;0.00000000;0;f;0.000000000000000;;;f;0.00000000;f;;;;f;;f;0.00000000;;;;;f;0
177;95e9ba20-013c-4de6-b37a-95369a795a59;TL102510;;;TOLE 10 2500 X 1000 ;;;0;1;;f;f;f;2;2;;1;;;;;;;;;;;;2000.00000000;0.00000000;0.00000000;100.00000000;0;0;0;0;0;0;0;0.00000000;0.00000000;0.00000000;0.00000000;f;f;f;00000000-0000-0000-0000-000000000000;0.00000000;146;;;;f;f;f;f;f;f;f;f;f;0;0;f;0;0;0;0;0;0;0;;;Unité;f;;;;;2026-02-07 10:07:35.97334;FAHIM;291;;;;f;0.00000000;0.00000000;0;f;f;f;0;0;1;0.0000;0.0000;0.0000;0.0000;f;;f;0.0000;f;f;0;;;0.00000000;0;f;0.000000000000000;;;f;0.00000000;f;;;;f;;f;0.00000000;;;;;f;0
280;a00eed3d-420f-48b8-aac1-f4d10abc0fc7;P41B60;;; PIED METAL TABLE BASSE  Z ONE;;;0;3;;f;f;f;2;13;;1;;;;;;;;;;;;1435.95000000;0.00000000;0.00000000;0.00000000;22;0;0;80;0;0;0;0.00000000;0.00000000;0.00000000;0.00000000;t;f;f;00000000-0000-0000-0000-000000000000;0.00000000;228;;;;f;f;f;f;f;f;f;f;f;0;0;f;0;3;0;0;0;0;0;;;Unité;f;;;;;2026-02-07 10:07:34.933629;FAHIM;315;;;;f;0.00000000;0.00000000;0;f;t;f;0;0;1;0.0000;0.0000;0.0000;0.0000;f;;f;0.0000;f;f;0;;;0.00000000;-6;f;0.000000000000000;;;f;0.00000000;f;;;;f;;f;0.00000000;;;;;f;0
727;d5134fea-4899-4e82-aeed-9ff181208be3;TA6040M115;;;STUCTURE TABLE ATLAS 60*40 M 115;;p_Lot is null;0;3;;f;f;t;;10;;;;;;;STUCTURE TABLE ATLAS 60*40 M 115;;;;;;;2023.86570000;0.00000000;0.00000000;0.00000000;0;0;0;0;0;0;;;;;;t;f;f;00000000-0000-0000-0000-000000000000;0.00000000;649;;;649;f;f;t;f;f;f;f;f;f;0;0;f;0;1;0;0;0;0;0;;;;f;;;2026-07-15 14:50:05.430575;FAHIM;2026-07-26 10:44:51.550966;MASSY;60;;;;f;0.00000000;0.00000000;0;f;t;f;0;0;1;0.0000;0.0000;0.0000;0.0000;f;;f;0.0000;f;f;0;;;0.00000000;-19;f;0.000000000000000;;;f;0.00000000;f;;;;f;;f;0.00000000;;;000258;"";f;0
459;7914f4f5-2172-41f5-95e3-f9ed5b374cd8;CHG20R400Y;;; CHAISE VISITEURE G 20 SANS ACC R 400Y;;;0;3;;f;f;f;2;12;;;;;;;;;;;;;;3000.00000000;0.00000000;0.00000000;3000.00000000;0;0;0;0;0;0;0;0.00000000;0.00000000;0.00000000;0.00000000;f;f;f;00000000-0000-0000-0000-000000000000;0.00000000;382;;;;f;f;f;f;f;f;f;f;f;0;0;f;0;0;0;0;0;0;0;;;Unité;f;;;;;2026-02-07 10:07:32.881301;FAHIM;291;;;;f;0.00000000;0.00000000;0;f;f;f;0;0;;0.0000;0.0000;0.0000;0.0000;f;;f;0.0000;f;f;0;;;0.00000000;-2;f;0.000000000000000;;;f;0.00000000;f;;;;f;;f;0.00000000;;;;;f;0
627;b6f51b43-f130-4690-aaba-f9c491cde2fd;000498;;;BUREAU DIRECTIONNEL ZAINE 160 TABLE BASSE / CAISSON MOBIL / RETOUR;;p_Lot is null;0;1;;f;f;f;;15;11;;;;;;BUREAU DIRECTIONNEL ZAINE 160 TABLE BASSE / CAISSON MOBIL / RETOUR;;;;;;;0.00000000;0.00000000;0.00000000;0.00000000;0;0;0;0;0;0;;;;;;f;f;f;00000000-0000-0000-0000-000000000000;0.00000000;549;;;549;f;f;f;f;f;f;f;f;f;0;0;f;0;0;0;0;0;0;0;;;;f;;;2026-04-07 11:19:54.17113;FAHIM;;;125;;;;f;0.00000000;0.00000000;0;f;f;f;0;0;1;0.0000;0.0000;0.0000;0.0000;f;;f;0.0000;f;f;0;;;0.00000000;-1;f;0.000000000000000;;;f;0.00000000;f;;;;f;;f;0.00000000;;;, ;"";f;0
444;72f79ca4-1231-4b54-ac13-cffbce0f3a6b;CHCANADA;;;CHAISE VISITEUR CANADA EPOXY;;;0;3;;f;f;f;;12;;;;;;;;;;;;;;3032.52980000;0.00000000;0.00000000;0.00000000;0;0;0;0;0;0;0;0.00000000;0.00000000;0.00000000;0.00000000;t;f;f;00000000-0000-0000-0000-000000000000;0.00000000;367;;;;f;f;f;f;f;f;f;f;f;0;0;f;0;58;0;0;0;0;0;;;Unité;f;;;;;2026-02-07 10:07:33.105854;FAHIM;561;;;;f;0.00000000;0.00000000;0;f;t;f;0;0;;0.0000;0.0000;0.0000;0.0000;f;;f;0.0000;f;f;0;;444;0.00000000;-463;f;0.000000000000000;;;f;0.00000000;f;;;;f;;f;0.00000000;;;444;"";f;0
689;07daf2a8-24de-4f9b-9be1-bf0adeebf723;000558;;;CHAISE VERONE (2020A);;p_Lot is null;0;1;;f;f;f;;10;;;;;;;CHAISE VERONE (2020A);;;;;;;11800.00000000;0.00000000;0.00000000;11800.00000000;0;0;0;0;0;0;;;;;;f;f;f;00000000-0000-0000-0000-000000000000;0.00000000;611;;;611;f;f;f;f;f;f;f;f;f;0;0;f;0;0;0;0;0;0;0;;;;f;;;2026-06-11 12:44:17.951291;FAHIM;;;76;;;;f;0.00000000;0.00000000;0;f;f;f;0;0;1;0.0000;0.0000;0.0000;0.0000;f;;f;0.0000;f;f;0;;;0.00000000;0;f;0.000000000000000;;;f;0.00000000;f;;;;f;;f;0.00000000;;;, ;"";f;0
636;8cc9a234-9a8a-434f-b4b9-4b50f251915f;000507;;;"CAISSON RETOUR MAX 80*78*40
";;p_Lot is null;0;1;;f;f;f;;10;11;;;;;;"CAISSON RETOUR MAX 80*78*40
";;;;;;;8075.00000000;0.00000000;0.00000000;8500.00000000;0;0;0;0;0;0;;;;;;f;f;f;00000000-0000-0000-0000-000000000000;0.00000000;558;;;558;f;f;f;f;f;f;f;f;f;0;0;f;0;0;0;0;0;0;0;;;;f;;;2026-04-13 09:59:55.013181;FAHIM;;;164;;;;f;0.00000000;0.00000000;0;f;f;f;0;0;1;0.0000;0.0000;0.0000;0.0000;f;;f;0.0000;f;f;0;;;0.00000000;-2;f;0.000000000000000;;;f;0.00000000;f;;;;f;;f;0.00000000;;;, ;"";f;0
320;281fe12c-26a8-4e4c-9861-3dbfd4ef26f3;SK0002;;;SKAI IMPORTATION ;;;0;3;;f;f;f;2;7;7;1;;;;;;;;;;;;432.87490000;0.00000000;0.00000000;450.00000000;642;0;0;0;0;0;0;0.00000000;0.00000000;0.00000000;0.00000000;f;f;f;00000000-0000-0000-0000-000000000000;0.00000000;259;;;;f;f;f;f;f;f;f;f;f;0;0;t;0;1459.5;0;0;0;0;0;;;Unité;f;;;;;2026-02-07 10:07:34.518375;FAHIM;377;;;;f;0.00000000;0.00000000;0;f;f;f;0;0;1;0.0000;0.0000;0.0000;0.0000;f;;f;0.0000;f;f;0;;;0.00000000;0;f;0.000000000000000;;;f;0.00000000;f;;;;f;;f;0.00000000;;;;;f;0
47;edd92754-ca0c-42db-9d80-ceea911ad714;IMP007;;;CHAISE IMPERIAL TRIPLETTE LUXE SKY EPOXY ;;;0;3;;f;f;f;2;12;;1;;;;;;;;;;;;5483.80000000;0.00000000;0.00000000;0.00000000;0;0;0;0;0;0;0;0.00000000;0.00000000;0.00000000;0.00000000;t;f;f;00000000-0000-0000-0000-000000000000;0.00000000;43;;;;f;f;f;f;f;f;f;f;f;0;0;f;0;1;0;0;0;0;0;;;Unité;f;;;;;2026-02-07 10:07:37.309129;FAHIM;295;;;;f;0.00000000;0.00000000;0;f;t;f;0;0;1;0.0000;0.0000;0.0000;0.0000;f;;f;0.0000;f;f;0;;;0.00000000;0;f;0.000000000000000;;;f;0.00000000;f;;;;f;;f;0.00000000;;;;;f;0
412;fa90eabb-f80f-4acd-8062-129cbd9979ee;TB14500;;;TABLETTE EN PLASTIQUE ;;;0;1;;f;f;f;;3;2;;;;;;;;;;;;;362.96000000;0.00000000;0.00000000;350.00000000;0;0;0;0;0;0;0;0.00000000;0.00000000;0.00000000;0.00000000;f;f;f;00000000-0000-0000-0000-000000000000;0.00000000;338;;;;f;f;f;f;f;f;f;f;f;0;0;f;0;1;0;0;0;0;0;;;Unité;f;;;;;2026-02-07 10:07:33.491772;FAHIM;328;;;;f;0.00000000;0.00000000;0;f;f;f;0;0;;0.0000;0.0000;0.0000;0.0000;f;;f;0.0000;f;f;0;;;0.00000000;0;f;0.000000000000000;;;f;0.00000000;f;;;;f;;f;0.00000000;;;;;f;0
209;74ba7e9a-1ede-450f-9a8e-c790a2a570be;FRD6012;;;FER ROND D 12;;;0;1;;f;f;f;3;2;;1;;;;;;;;;;;;519.83710000;0.00000000;0.00000000;512.60504202;87.25;0;0;0;0;0;0;0.00000000;0.00000000;0.00000000;0.00000000;f;f;f;00000000-0000-0000-0000-000000000000;0.00000000;178;;;;f;f;f;f;f;f;f;f;f;0;0;f;0;133;0;0;0;0;0;;;Unité;f;;;;;2026-02-07 10:07:35.54598;FAHIM;302;;;;f;0.00000000;0.00000000;0;f;f;f;0;0;1;0.0000;0.0000;0.0000;0.0000;f;;f;0.0000;f;f;0;;;0.00000000;0;f;0.000000000000000;;;f;0.00000000;f;;;;f;;f;0.00000000;;;;;f;0
391;0f7a374e-921c-4e62-b78f-f93e7b0322c9;P37140;;; PIED METAL STATION MAXI 2  M 140;;;0;3;;f;f;f;2;13;;1;;;;;;;;;;;;3172.68000000;0.00000000;0.00000000;0.00000000;0;0;0;15;0;0;0;0.00000000;0.00000000;0.00000000;0.00000000;t;f;f;00000000-0000-0000-0000-000000000000;0.00000000;321;;;;f;f;f;f;f;f;f;f;f;0;0;f;0;0;0;0;0;0;0;;;Unité;f;;;;;2026-02-07 10:07:33.706153;FAHIM;291;;;;f;0.00000000;0.00000000;0;f;t;f;0;0;1;0.0000;0.0000;0.0000;0.0000;f;;f;0.0000;f;f;0;;;0.00000000;0;f;0.000000000000000;;;f;0.00000000;f;;;;f;;f;0.00000000;;;;;f;0
361;e8490f12-8942-4a62-bc91-2cd036e48e8e;SBPB1600;;;BANC PUBLIQUE 1600;;;0;3;;f;f;f;2;14;9;;;;;;;;;;;;;2321.80000000;0.00000000;0.00000000;0.00000000;0;0;0;0;0;0;0;0.00000000;0.00000000;0.00000000;0.00000000;t;f;f;00000000-0000-0000-0000-000000000000;0.00000000;296;;;;f;f;f;f;f;f;f;f;f;0;0;f;0;0;0;0;0;0;0;;;Unité;f;;;;;2026-02-07 10:07:34.049637;FAHIM;291;;;;f;0.00000000;0.00000000;0;f;t;f;0;0;;0.0000;0.0000;0.0000;0.0000;f;;f;0.0000;f;f;0;;;0.00000000;0;f;0.000000000000000;;;f;0.00000000;f;;;;f;;f;0.00000000;;;;;f;0
77;a3dadc0e-f4db-411b-be02-9762a461a706;P42070;;;PIED METAL DJURDJURA   M  70;;;0;3;;f;f;f;2;13;;1;;;;;;;;;;;;2200.00000000;0.00000000;0.00000000;0.00000000;0;0;0;0;0;0;0;0.00000000;0.00000000;0.00000000;0.00000000;f;f;f;00000000-0000-0000-0000-000000000000;0.00000000;62;;;;f;f;f;f;f;f;f;f;f;0;0;f;0;0;0;0;0;0;0;;;Unité;f;;;;;2026-02-07 10:07:37.077513;FAHIM;291;;;;f;0.00000000;0.00000000;0;f;f;f;0;0;1;0.0000;0.0000;0.0000;0.0000;f;;f;0.0000;f;f;0;;;0.00000000;0;f;0.000000000000000;;;f;0.00000000;f;;;;f;;f;0.00000000;;;;;f;0
140;ccabe0d9-28b0-44c8-9033-8720e97c8f2e;DQC300;;;DISQUE A COUPER 300;;;0;1;;f;f;f;2;2;;1;;;;;;;;;;;;0.00000000;0.00000000;0.00000000;100.00000000;0;0;0;0;0;0;0;0.00000000;0.00000000;0.00000000;0.00000000;f;f;f;00000000-0000-0000-0000-000000000000;0.00000000;116;;;;f;f;f;f;f;f;f;f;f;0;0;f;0;0;0;0;0;0;0;;;Unité;f;;;;;2026-02-07 10:07:36.368913;FAHIM;291;;;;f;0.00000000;0.00000000;0;f;f;f;0;0;1;0.0000;0.0000;0.0000;0.0000;f;;f;0.0000;f;f;0;;;0.00000000;0;f;0.000000000000000;;;f;0.00000000;f;;;;f;;f;0.00000000;;;;;f;0
800;7c7cef80-878a-4af0-8300-d7056f0298ca;VRLFM8;;;VIS RLF M8 X 100;;;0;3;;f;f;f;;2;;;;;;;VIS RLF M8 X 100;;;;;;;20.50000000;0.00000000;0.00000000;20.50000000;0;0;0;0;0;0;;;;;;f;f;f;00000000-0000-0000-0000-000000000000;0.00000000;722;;;722;f;f;f;f;f;f;f;f;f;0;0;f;0;1600;0;0;0;0;0;;;;f;;;2026-09-06 10:09:21.787904;FAHIM;;;8;;;;f;0.00000000;0.00000000;0;f;f;f;0;0;1;0.0000;0.0000;0.0000;0.0000;f;;f;0.0000;f;f;0;;;0.00000000;0;f;0.000000000000000;;;f;0.00000000;f;;;;f;;f;0.00000000;;;, ;"";f;0
426;078a93d6-6587-4ed8-979a-3a18be1820af;PLTMLM250150;;;PLATAUX MILAMINE 250 X 150 SONOMA ;;;0;3;;f;f;f;;15;;;;;;;;;;;;;;4500.00000000;0.00000000;0.00000000;4500.00000000;0;0;0;0;0;0;0;0.00000000;0.00000000;0.00000000;0.00000000;f;f;f;00000000-0000-0000-0000-000000000000;0.00000000;350;;;;f;f;f;f;f;f;f;f;f;0;0;f;0;0;0;0;0;0;0;;;Unité;f;;;;;2026-02-07 10:07:33.343836;FAHIM;291;;;;f;0.00000000;0.00000000;0;f;f;f;0;0;;0.0000;0.0000;0.0000;0.0000;f;;f;0.0000;f;f;0;;;0.00000000;0;f;0.000000000000000;;;f;0.00000000;f;;;;f;;f;0.00000000;;;;;f;0
741;7aab3ae9-3cd7-4a29-976d-e54e651672c1;CHAM200;;;CHAISE AMPHIE 200;;p_Lot is null;0;3;;f;f;t;;10;;;;;;;CHAISE AMPHIE 200;;;;;;;1300.00000000;0.00000000;0.00000000;0.00000000;0;0;0;0;0;0;;;;;;t;f;f;00000000-0000-0000-0000-000000000000;0.00000000;663;;;;f;f;t;f;f;f;f;f;f;0;0;f;0;0;0;0;0;0;0;;;Unité;f;;;2026-07-22 10:09:20.610326;MASSY;2026-07-27 15:48:06.813084;FAHIM;45;;;;f;0.00000000;0.00000000;0;f;t;f;0;0;;0.0000;0.0000;0.0000;0.0000;f;;f;0.0000;f;f;0;;532;0.00000000;0;f;0.000000000000000;;;f;0.00000000;f;;;;f;;f;0.00000000;;;000272;"";f;0
651;80e5bafa-a30b-4c06-a1b0-ca29ec5c86d1;000522;;;RIVTEUSE SHARK BT 803;;p_Lot is null;0;1;;f;f;f;;5;5;;;;;;RIVTEUSE SHARK BT 803;;;;;;;3250.00000000;0.00000000;0.00000000;3250.00000000;0;0;0;0;0;0;;;;;;f;f;f;00000000-0000-0000-0000-000000000000;0.00000000;573;;;573;f;f;f;f;f;f;f;f;f;0;0;f;0;2;0;0;0;0;0;;;;f;;;2026-05-04 09:06:08.835947;FAHIM;;;105;;;;f;0.00000000;0.00000000;0;f;f;f;0;0;1;0.0000;0.0000;0.0000;0.0000;f;;f;0.0000;f;f;0;;;0.00000000;0;f;0.000000000000000;;;f;0.00000000;f;;;;f;;f;0.00000000;;;, ;"";f;0
211;f1372793-50c6-40e8-a0f2-0ecdbcd8d5ce;FRP505;;;FER PLAT 50 X 5;;;0;1;;f;f;f;1;2;;1;;;;;;;;;;;;1400.00000000;0.00000000;0.00000000;100.00000000;5.6;0;0;0;0;0;0;0.00000000;0.00000000;0.00000000;0.00000000;f;f;f;00000000-0000-0000-0000-000000000000;0.00000000;180;;;;f;f;f;f;f;f;f;f;f;0;0;f;0;3;0;0;0;0;0;;;Unité;f;;;;;2026-02-07 10:07:35.520517;FAHIM;301;;;;f;0.00000000;0.00000000;0;f;f;f;0;0;1;0.0000;0.0000;0.0000;0.0000;f;;f;0.0000;f;f;0;;;0.00000000;0;f;0.000000000000000;;;f;0.00000000;f;;;;f;;f;0.00000000;;;;;f;0
46;2a16a4be-e7f3-4cea-94e8-49f22330e8fc;CJPS0168;;180 S;CACHES JUPE P/PLAT S 180;;;0;3;;f;f;f;2;11;;1;;;;;CACHES JUPE P/PLAT S 180;;;;;;;859.06520000;0.00000000;0.00000000;791.62000000;0;0;0;60;0;0;0;0.00000000;0.00000000;0.00000000;0.00000000;t;f;f;00000000-0000-0000-0000-000000000000;0.00000000;42;;;;f;f;f;f;f;f;f;f;f;0;0;f;0;8;0;0;0;0;0;;;Unité;f;;;;;2026-02-22 15:01:49.244435;FAHIM;326;;;;f;0.00000000;0.00000000;0;f;t;f;0;0;1;0.0000;0.0000;0.0000;0.0000;f;;f;0.0000;f;f;0;;46;0.00000000;-8;f;0.000000000000000;;;f;0.00000000;f;;;;f;;f;0.00000000;;;46;"";f;0
83;2af660d4-eab3-475d-a911-357c157c690d;SUPTBM0003;;;SUPORT TABLE A MANGER;;;0;3;;f;f;f;2;13;;1;;;;;;;;;;;;1.00000000;0.00000000;0.00000000;0.00000000;0;0;0;0;0;0;0;0.00000000;0.00000000;0.00000000;0.00000000;f;f;f;00000000-0000-0000-0000-000000000000;0.00000000;66;;;;f;f;f;f;f;f;f;f;f;0;0;f;0;0;0;0;0;0;0;;;Unité;f;;;;;2026-02-07 10:07:37.027654;FAHIM;291;;;;f;0.00000000;0.00000000;0;f;f;f;0;0;1;0.0000;0.0000;0.0000;0.0000;f;;f;0.0000;f;f;0;;;0.00000000;0;f;0.000000000000000;;;f;0.00000000;f;;;;f;;f;0.00000000;;;;;f;0
687;fe87a217-031e-4e80-b7df-d9e14f17d8f8;STN ATS 50 X 50 M100/115;;;STATION ATLAS 50 X 50 M100 X 115;;;0;3;;f;f;f;;13;;;;;;;STATION ATLAS 50 X 50 M100 X 115;;;;;;;2985.71890000;0.00000000;0.00000000;0.00000000;0;0;0;0;0;0;;;;;;t;f;f;00000000-0000-0000-0000-000000000000;0.00000000;609;;;;f;f;f;f;f;f;f;f;f;0;0;f;0;0;0;0;0;0;0;;;Unité;f;;;2026-06-09 14:14:18.436407;MASSY;2026-06-09 14:15:44.469759;MASSY;81;;;;f;0.00000000;0.00000000;0;f;t;f;0;0;;0.0000;0.0000;0.0000;0.0000;f;;f;0.0000;f;f;0;;;0.00000000;0;f;0.000000000000000;;;f;0.00000000;f;;;;f;;f;0.00000000;;;000218;"";f;0
282;3e0d3f61-176e-481e-92cf-ddeca8be43f5;PG42000;;; PIED METAL GAMER   ;;;0;3;;f;f;f;2;13;;1;;;;;;;;;;;;1506.68310000;0.00000000;0.00000000;0.00000000;0;0;0;20;0;0;0;0.00000000;0.00000000;0.00000000;0.00000000;t;f;f;00000000-0000-0000-0000-000000000000;0.00000000;230;;;;f;f;f;f;f;f;f;f;f;0;0;f;0;56;0;0;0;0;0;;;Unité;f;;;;;2026-02-07 10:07:34.908987;FAHIM;398;;;;f;0.00000000;0.00000000;0;f;t;f;0;0;1;0.0000;0.0000;0.0000;0.0000;f;;f;0.0000;f;f;0;;;0.00000000;0;f;0.000000000000000;;;f;0.00000000;f;;;;f;;f;0.00000000;;;;;f;0
56;0d645368-183b-4d0a-8eb3-40f249840d22;P35000;;;PIED METAL MAXI M60;;;0;3;;f;f;f;2;13;;1;;;;;PIED METAL MAXI M60;;;;;;;1845.93260000;0.00000000;0.00000000;1483.19327731;14;100;150;300;0;0;0;0.00000000;0.00000000;0.00000000;0.00000000;t;f;f;00000000-0000-0000-0000-000000000000;0.00000000;48;;;;f;f;f;f;f;f;f;f;f;0;0;f;0;117;0;0;23;0;0;;;Unité;f;;;;;2026-03-02 23:02:14.202523;FAHIM;515;;;;f;0.00000000;0.00000000;0;f;t;f;0;0;1;0.0000;0.0000;0.0000;0.0000;f;;f;0.0000;f;f;0;;56;0.00000000;-466;f;0.000000000000000;;;f;0.00000000;f;;;;f;;f;0.00000000;;;56;"";f;0
153;bb64504e-8364-48cd-890b-c62e1864c51d;MCHM10;;;MECHE M10;;;0;1;;f;f;f;2;2;;1;;;;;;;;;;;;636.78000000;0.00000000;0.00000000;603.75000000;30;0;0;0;0;0;0;0.00000000;0.00000000;0.00000000;0.00000000;f;f;f;00000000-0000-0000-0000-000000000000;0.00000000;129;;;;f;f;f;f;f;f;f;f;f;0;0;f;0;30;0;0;0;0;0;;;Unité;f;;;;;2026-02-07 10:07:36.186907;FAHIM;373;;;;f;0.00000000;0.00000000;0;f;f;f;0;0;1;0.0000;0.0000;0.0000;0.0000;f;;f;0.0000;f;f;0;;;0.00000000;0;f;0.000000000000000;;;f;0.00000000;f;;;;f;;f;0.00000000;;;;;f;0
631;f09cdeda-5915-4c47-be3c-d87c48fcb9cf;000502;;;BUREAU DIRECTION 160 AVEC RETOUR ET CAISSON MOBILE ;;;0;3;;f;f;f;;10;11;;;;;;BUREAU DIRECTION 160 AVEC RETOUR ET CAISSON MOBILE ;;;;;;;0.00000000;0.00000000;0.00000000;0.00000000;0;0;0;0;0;0;;;;;;f;f;f;00000000-0000-0000-0000-000000000000;0.00000000;553;;;553;f;f;f;f;f;f;f;f;f;0;0;f;0;0;0;0;0;0;0;;;;f;;;2026-04-07 11:50:13.20615;FAHIM;2026-04-07 11:52:05.751876;FAHIM;126;;;;f;0.00000000;0.00000000;0;f;f;f;0;0;1;0.0000;0.0000;0.0000;0.0000;f;;f;0.0000;f;f;0;;;0.00000000;-1;f;0.000000000000000;;;f;0.00000000;f;;;;f;;f;0.00000000;;;000162;"";f;0
73;4337bbb7-c681-4eb8-84fd-0a51ae249f9a;P381680;;;PIED METAL TRAPEZ     M 70 160/180 ;;;0;3;;f;f;f;2;13;;1;;;;;;;;;;;;3591.38510000;0.00000000;0.00000000;0.00000000;26;0;0;40;0;0;0;0.00000000;0.00000000;0.00000000;0.00000000;t;f;f;00000000-0000-0000-0000-000000000000;0.00000000;58;;;;f;f;f;f;f;f;f;f;f;0;0;f;0;0;0;0;0;0;0;;;Unité;f;;;;;2026-02-07 10:07:37.126224;FAHIM;298;;;;f;0.00000000;0.00000000;0;f;t;f;0;0;1;0.0000;0.0000;0.0000;0.0000;f;;f;0.0000;f;f;0;;;0.00000000;-30;f;0.000000000000000;;;f;0.00000000;f;;;;f;;f;0.00000000;;;;;f;0
40;5a4f0d42-9d49-4517-8388-b2be4204268e;CJPS0148;;160S;CACHES JUPE P/PLAT S 160;;;0;3;;f;f;f;2;11;;1;;;;;CACHES JUPE P/PLAT S 160;;;;;;;669.10270000;0.00000000;0.00000000;2100.00000000;10;0;0;250;0;0;0;0.00000000;0.00000000;0.00000000;0.00000000;t;f;f;00000000-0000-0000-0000-000000000000;0.00000000;36;;;;f;f;f;f;f;f;f;f;f;0;0;f;0;111;0;0;0;0;0;;;Unité;f;;;;;2026-02-22 15:00:35.175498;FAHIM;331;;;;f;0.00000000;0.00000000;0;f;t;f;0;0;1;0.0000;0.0000;0.0000;0.0000;f;;f;0.0000;f;f;0;;40;0.00000000;-56;f;0.000000000000000;;;f;0.00000000;f;;;;f;;f;0.00000000;;;40;"";f;0
182;560342db-3c9d-48fb-9c56-397f1bd1840a;FRD0616;;;FER ROND D16;;;0;1;;f;f;f;1;2;;1;;;;;;;;;;;;1500.00000000;0.00000000;0.00000000;100.00000000;6;0;0;0;0;0;0;0.00000000;0.00000000;0.00000000;0.00000000;f;f;f;00000000-0000-0000-0000-000000000000;0.00000000;151;;;;f;f;f;f;f;f;f;f;f;0;0;f;0;0;0;0;0;0;0;;;Unité;f;;;;;2026-02-07 10:07:35.909981;FAHIM;293;;;;f;0.00000000;0.00000000;0;f;f;f;0;0;1;0.0000;0.0000;0.0000;0.0000;f;;f;0.0000;f;f;0;;;0.00000000;0;f;0.000000000000000;;;f;0.00000000;f;;;;f;;f;0.00000000;;;;;f;0
250;c6fbeaa8-d60a-4e47-b559-df50dc9a74b5;P34100;;; PIED METAL ECO BASE  M 60  SOUDEE;;;0;3;;f;f;f;2;13;;1;;;;;;;;;;;;1725.66000000;0.00000000;0.00000000;0.00000000;0;0;0;300;0;0;0;0.00000000;0.00000000;4199.00000000;4800.00000000;t;f;f;00000000-0000-0000-0000-000000000000;0.00000000;205;;;;f;f;f;f;f;f;f;f;f;0;0;f;0;0;0;0;0;0;0;;;Unité;f;;;;;2026-02-07 10:07:35.222379;FAHIM;291;;;;f;0.00000000;0.00000000;0;f;t;f;0;0;1;0.0000;0.0000;0.0000;0.0000;f;;f;0.0000;f;f;0;;;0.00000000;0;f;0.000000000000000;;;f;0.00000000;f;;;;f;;f;0.00000000;;;;;f;0
355;3cfd7341-9a32-469e-8638-91f4e8dd1f5f;PRC0450;;;PERCEUSE 1050 W CROWN ;;;0;3;;f;f;f;2;5;;;;;;;;;;;;;;3975.00000000;0.00000000;0.00000000;7500.00000000;1;0;0;0;0;0;0;0.00000000;0.00000000;0.00000000;0.00000000;f;f;f;00000000-0000-0000-0000-000000000000;0.00000000;291;;;;f;f;f;f;f;f;f;f;f;0;0;t;0;2;0;0;0;0;0;;;Unité;f;;;;;2026-02-07 10:07:34.11318;FAHIM;300;;;;f;0.00000000;0.00000000;0;f;f;f;0;0;;0.0000;0.0000;0.0000;0.0000;f;;f;0.0000;f;f;0;;;0.00000000;0;f;0.000000000000000;;;f;0.00000000;f;;;;f;;f;0.00000000;;;;;f;0
590;40218697-2d5d-4f25-94aa-0eba0b4ddb28;000468;;;PLATAEUX POUR TABLE BASSE 60 X 60;;p_Lot is null;0;1;;f;f;t;;15;;;;;;;PLATAEUX POUR TABLE BASSE 60 X 60;;;;;;;900.00000000;0.00000000;0.00000000;900.00000000;0;0;0;0;0;0;;;;;;t;f;f;00000000-0000-0000-0000-000000000000;0.00000000;512;;;512;f;f;t;f;f;f;f;f;f;0;0;f;0;0;0;0;0;0;0;;;;f;;;2026-02-15 17:31:25.896113;MASSY;;;202;;;;f;0.00000000;0.00000000;0;f;t;f;0;0;1;0.0000;0.0000;0.0000;0.0000;f;;f;0.0000;f;f;0;;;0.00000000;0;f;0.000000000000000;;;f;0.00000000;f;;;;f;;f;0.00000000;;;, ;"";f;0
729;4cbfe41c-b37a-4c26-87a3-768057c52529;PCTAM115;;;PIED CENTRALE POUR TABLE ATLAS 60*40 M 115;;;0;1;;f;f;f;;10;;;;;;;PIED CENTRALE POUR TABLE ATLAS 60*40 M 115;;;;;;;0.00000000;0.00000000;0.00000000;0.00000000;0;0;0;0;0;0;;;;;;f;f;f;00000000-0000-0000-0000-000000000000;0.00000000;651;;;651;f;f;f;f;f;f;f;f;f;0;0;f;0;0;0;0;0;0;0;;;;f;;;2026-07-15 15:03:19.000669;FAHIM;;;46;;;;f;0.00000000;0.00000000;0;f;f;f;0;0;1;0.0000;0.0000;0.0000;0.0000;f;;f;0.0000;f;f;0;;;0.00000000;0;f;0.000000000000000;;;f;0.00000000;f;;;;f;;f;0.00000000;;;, ;"";f;0
123;bbe66824-8428-4541-b38c-848636142cd9;ECRS8;;;ECROU A SERTIR M8;;;0;1;;f;f;f;2;2;;1;;;;;;;;;;;;0.00000000;0.00000000;0.00000000;8.50000000;16000;0;0;0;0;0;0;0.00000000;0.00000000;0.00000000;0.00000000;f;f;f;00000000-0000-0000-0000-000000000000;0.00000000;99;;;;f;f;f;f;f;f;f;f;f;0;0;f;0;0;0;0;0;0;0;;;Unité;f;;;;;2026-02-07 10:07:36.58488;FAHIM;295;;;;f;0.00000000;0.00000000;0;f;f;f;0;0;1;0.0000;0.0000;0.0000;0.0000;f;;f;0.0000;f;f;0;;;0.00000000;0;f;0.000000000000000;;;f;0.00000000;f;;;;f;;f;0.00000000;;;;;f;0
261;57eda3df-2756-4561-94b2-3ab9126537e5;TL061125;;;TOLE 06 1000 X 1250;;;0;3;;f;f;f;2;2;8;;;;;;;;;;;;;925.00000000;0.00000000;0.00000000;925.00000000;0;0;0;0;0;0;0;0.00000000;0.00000000;0.00000000;0.00000000;f;f;f;00000000-0000-0000-0000-000000000000;0.00000000;214;;;;f;f;f;f;f;f;f;f;f;0;0;t;0;95;0;0;0;0;0;;;Unité;f;;;;;2026-02-07 10:07:35.108237;FAHIM;300;;;;f;0.00000000;0.00000000;0;f;f;f;0;0;;0.0000;0.0000;0.0000;0.0000;f;;f;0.0000;f;f;0;;;0.00000000;0;f;0.000000000000000;;;f;0.00000000;f;;;;f;;f;0.00000000;;;;;f;0
348;177eff7d-9aac-455c-b896-2666d0dc46c3;6030535B;;;PIECE 535 BASSE;;;0;3;;f;f;f;2;2;;;;;;;;;;;;;;0.00000000;0.00000000;0.00000000;0.00000000;0;0;0;0;0;0;0;0.00000000;0.00000000;0.00000000;0.00000000;f;f;f;00000000-0000-0000-0000-000000000000;0.00000000;284;;;;f;f;f;f;f;f;f;f;f;0;0;t;0;0;0;0;0;0;0;;;Unité;f;;;;;2026-02-07 10:07:34.198355;FAHIM;291;;;;f;0.00000000;0.00000000;0;f;f;f;0;0;;0.0000;0.0000;0.0000;0.0000;f;;f;0.0000;f;f;0;;;0.00000000;0;f;0.000000000000000;;;f;0.00000000;f;;;;f;;f;0.00000000;;;;;f;0
575;62246eba-a8b6-4b5f-8844-bbbdc01726a0;000456;;;GANT BLEU;;p_Lot is null;0;1;;f;f;f;;5;5;;;;;;GANT BLEU;;;;;;;167.31350000;0.00000000;0.00000000;650.00000000;0;0;0;0;0;0;;;;;;f;f;f;00000000-0000-0000-0000-000000000000;0.00000000;497;;;497;f;f;f;f;f;f;f;f;f;0;0;f;0;64;0;0;0;0;0;;;;f;;;2026-02-10 15:48:34.634477;FAHIM;;;193;;;;f;0.00000000;0.00000000;0;f;f;f;0;0;1;0.0000;0.0000;0.0000;0.0000;f;;f;0.0000;f;f;0;;;0.00000000;0;f;0.000000000000000;;;f;0.00000000;f;;;;f;;f;0.00000000;;;, ;"";f;0
468;e24aa66b-ace0-4f56-af81-0cd36bbefbcf;P35H4030;;;PIED METAL MAXI H 4030 ;;;0;3;;f;f;f;2;13;;1;;;;;PIED METAL MAXI H 4030 ;;;;;;;1323.81450000;0.00000000;0.00000000;0.00000000;0;0;0;300;0;0;0;0.00000000;0.00000000;0.00000000;0.00000000;t;f;f;00000000-0000-0000-0000-000000000000;0.00000000;391;;;;f;f;f;f;f;f;f;f;f;0;0;f;0;4;0;0;0;0;0;;;Unité;f;;;;;2026-02-07 10:07:32.767796;FAHIM;313;;;;f;0.00000000;0.00000000;0;f;t;f;0;0;1;0.0000;0.0000;0.0000;0.0000;f;;f;0.0000;f;f;0;;468;0.00000000;-25;f;0.000000000000000;;;f;0.00000000;f;;;;f;;f;0.00000000;;;468;"";f;0
730;fa3ce291-b5f5-4a9f-93a4-0138312d81e9;000594;;;CHARGEMENT CARTE A PUCE NAFTALCARD;;;0;1;;f;f;f;;16;;;;;;;CHARGEMENT CARTE A PUCE NAFTALCARD;;;;;;;0.00000000;0.00000000;0.00000000;0.00000000;0;0;0;0;0;0;;;;;;f;f;f;00000000-0000-0000-0000-000000000000;0.00000000;652;;;652;f;f;f;f;f;f;f;f;f;0;0;f;0;0;0;0;0;0;0;;;;f;;;2026-07-16 09:37:51.11181;FAHIM;;;46;;;;f;0.00000000;0.00000000;0;f;f;f;0;0;1;0.0000;0.0000;0.0000;0.0000;f;;f;0.0000;f;f;0;;;0.00000000;0;f;0.000000000000000;;;f;0.00000000;f;;;;f;;f;0.00000000;;;, ;"";f;0
333;6a476705-b511-4d13-b378-aaa5e5a38dcc;EM6031;;;SABOUT 60 X 30;;;0;1;;f;f;f;2;2;2;;;;;;SABOUT 60 X 30;;;;;;;35.85580000;0.00000000;0.00000000;0.00000000;316;0;0;0;0;0;0;0.00000000;0.00000000;0.00000000;0.00000000;f;f;f;00000000-0000-0000-0000-000000000000;0.00000000;269;;;;f;f;f;f;f;f;f;f;f;0;0;t;0;0;0;0;0;0;0;;;Unité;f;;;;;2026-02-07 10:07:34.393214;FAHIM;387;;;;f;0.00000000;0.00000000;0;f;f;f;0;0;;0.0000;0.0000;0.0000;0.0000;f;;f;0.0000;f;f;0;;;0.00000000;0;f;0.000000000000000;;;f;0.00000000;f;;;;f;;f;0.00000000;;;333;"";f;0
189;4b472a29-59d0-44cf-a8d0-ffe4a8d6d480;FRP203;;;FER PLAT 20 X 3;;;0;1;;f;f;f;1;2;;1;;;;;;;;;;;;400.00000000;0.00000000;0.00000000;100.00000000;19;0;0;0;0;0;0;0.00000000;0.00000000;0.00000000;0.00000000;f;f;f;00000000-0000-0000-0000-000000000000;0.00000000;158;;;;f;f;f;f;f;f;f;f;f;0;0;f;0;13;0;0;0;0;0;;;Unité;f;;;;;2026-02-07 10:07:35.819974;FAHIM;301;;;;f;0.00000000;0.00000000;0;f;f;f;0;0;1;0.0000;0.0000;0.0000;0.0000;f;;f;0.0000;f;f;0;;;0.00000000;0;f;0.000000000000000;;;f;0.00000000;f;;;;f;;f;0.00000000;;;;;f;0
712;52ed07e3-0e93-4e60-a7e3-2b3b92b7b5a9;000580;;;BUREAU 120 3 TIROIRES FIXEE BAROCK;;p_Lot is null;0;3;;f;f;f;;10;;;;;;;BUREAU 120 3 TIROIRES FIXEE BAROCK;;;;;;;9500.00000000;0.00000000;0.00000000;9500.00000000;0;0;0;0;0;0;;;;;;f;f;f;00000000-0000-0000-0000-000000000000;0.00000000;634;;;634;f;f;f;f;f;f;f;f;f;0;0;f;0;3;0;0;0;0;0;;;;f;;;2026-07-06 14:21:30.043294;FAHIM;;;58;;;;f;0.00000000;0.00000000;0;f;f;f;0;0;1;0.0000;0.0000;0.0000;0.0000;f;;f;0.0000;f;f;0;;;0.00000000;0;f;0.000000000000000;;;f;0.00000000;f;;;;f;;f;0.00000000;;;, ;"";f;0
569;c6e758bf-bd9d-4b32-90f9-1d78348bd794;000450;;;PLATEAU POUR BUREAU 140 X 70 MDF ;;p_Lot is null;0;1;;f;f;f;;10;;;;;;;PLATEAU POUR BUREAU 140 X 70 MDF ;;;;;;;4537.81510000;0.00000000;0.00000000;4537.81512605;0;0;0;0;0;0;;;;;;t;f;f;00000000-0000-0000-0000-000000000000;0.00000000;491;;;491;f;f;f;f;f;f;f;f;f;0;0;f;0;0;0;0;0;0;0;;;;f;;;2026-02-07 13:13:29.855704;MASSY;2026-02-07 13:15:29.585622;MASSY;185;;;;f;0.00000000;0.00000000;0;f;t;f;0;0;1;0.0000;0.0000;0.0000;0.0000;f;;f;0.0000;f;f;0;;;0.00000000;0;f;0.000000000000000;;;f;0.00000000;f;;;;f;;f;0.00000000;;;000100;"";f;0
507;718d5784-9619-49f7-b5de-4de31b7af7d2;P37110;;;PIED METAL STATION MAXI 2 M 110;;;0;1;;f;f;f;;13;;1;;;;;PIED METAL STATION MAXI 2 M 110;;;;;;;3037.43130000;0.00000000;0.00000000;0.00000000;0;0;0;15;0;0;;;;;;t;f;f;00000000-0000-0000-0000-000000000000;0.00000000;429;;;;f;f;f;f;f;f;f;f;f;0;0;f;0;1;0;0;0;0;0;;;Unité;f;;;2025-11-20 14:41:23.428113;admin;2026-02-07 10:07:32.374472;FAHIM;267;;;;f;0.00000000;0.00000000;0;f;t;f;0;0;1;0.0000;0.0000;0.0000;0.0000;f;;f;0.0000;f;f;0;;475;0.00000000;0;f;0.000000000000000;;;f;0.00000000;f;;;;f;;f;0.00000000;;;000038;"";f;0
547;0c7fe67f-3ba5-4ea0-8dfe-da4d29d4893f;BUR120BOIS;;;BUREAU 120 EN BOIS CJ FIXE ;;;0;1;;f;f;f;;15;;;;;;;BUREAU 120 EN BOIS CJ FIXE ;;;;;;;9000.00000000;0.00000000;0.00000000;9000.00000000;0;0;0;0;0;0;;;;;;f;f;f;00000000-0000-0000-0000-000000000000;0.00000000;469;;;469;f;f;t;f;f;f;f;f;f;0;0;f;0;0;0;0;0;0;0;;;;f;;;2025-12-21 12:41:53.368938;FAHIM;2026-02-07 10:07:31.853113;FAHIM;228;;;;f;0.00000000;0.00000000;0;f;f;f;0;0;1;0.0000;0.0000;0.0000;0.0000;f;;f;0.0000;f;f;0;;;0.00000000;0;f;0.000000000000000;;;f;0.00000000;f;;;;f;;f;0.00000000;;;, ;"";f;0
485;e41ee8f5-96b4-41e1-90f2-96b5c2dee1f1;000406;;;BANC EXTERIEUR 160;;;0;3;;f;f;f;;10;;;;;;;BANC EXTERIEUR 160;;;;;;;1932.47360000;0.00000000;0.00000000;0.00000000;0;0;0;0;0;0;;;;;;t;f;f;00000000-0000-0000-0000-000000000000;0.00000000;407;;;;f;f;f;f;f;f;f;f;f;0;0;f;0;0;0;0;0;0;0;;;Unité;f;;;2025-10-25 10:45:17.12744;MASSY;2026-02-07 10:07:32.653289;FAHIM;279;;;;f;0.00000000;0.00000000;0;f;t;f;0;0;;0.0000;0.0000;0.0000;0.0000;f;;f;0.0000;f;f;0;;;0.00000000;0;f;0.000000000000000;;;f;0.00000000;f;;;;f;;f;0.00000000;;;000016;"";f;0
578;58a6f01f-3aa6-4677-a166-1a96949374eb;000459;;;DUNE TETE VISSE C.636;;p_Lot is null;0;1;;f;f;f;;5;5;;;;;;DUNE TETE VISSE C.636;;;;;;;1750.00000000;0.00000000;0.00000000;1750.00000000;0;0;0;0;0;0;;;;;;f;f;f;00000000-0000-0000-0000-000000000000;0.00000000;500;;;500;f;f;f;f;f;f;f;f;f;0;0;f;0;1;0;0;0;0;0;;;;f;;;2026-02-10 16:23:20.533507;FAHIM;;;182;;;;f;0.00000000;0.00000000;0;f;f;f;0;0;1;0.0000;0.0000;0.0000;0.0000;f;;f;0.0000;f;f;0;;;0.00000000;0;f;0.000000000000000;;;f;0.00000000;f;;;;f;;f;0.00000000;;;, ;"";f;0
556;9b3fc6b2-1a63-4f41-9d5e-d884d58d8182;000443;;"";STRUCTURE CHAISE JARDIN LUX;;p_Lot is null;0;3;;f;f;f;;12;;;;;;;STRUCTURE CHAISE JARDIN LUX;;;;;;;2057.83840000;0.00000000;0.00000000;0.00000000;0;0;0;0;0;0;;;;;;t;f;f;00000000-0000-0000-0000-000000000000;0.00000000;478;;;478;f;f;f;f;f;f;f;f;f;0;0;f;0;15;0;0;0;0;0;;;;f;;;2025-12-22 16:32:55.980526;MASSY;2026-02-07 10:07:31.711808;FAHIM;241;;;;f;0.00000000;0.00000000;0;f;t;f;0;0;1;0.0000;0.0000;0.0000;0.0000;f;;f;0.0000;f;f;0;;503;0.00000000;0;f;0.000000000000000;;;f;0.00000000;f;;;;f;;f;0.00000000;;;000087;"";f;0
376;657ac9d0-2c0c-45d1-8434-0f7afc35516e;RNFZ180;;;"RENFORT MEGA Z 180
";;;0;3;;f;f;f;2;14;;;;;;;;;;;;;;296.73770000;0.00000000;0.00000000;0.00000000;3;0;0;0;0;0;0;0.00000000;0.00000000;0.00000000;0.00000000;t;f;f;00000000-0000-0000-0000-000000000000;0.00000000;306;;;;f;f;f;f;f;f;f;f;f;0;0;t;0;132;0;0;0;0;0;;;Unité;f;;;;;2026-02-07 10:07:33.895693;FAHIM;350;;;;f;0.00000000;0.00000000;0;f;t;f;0;0;;0.0000;0.0000;0.0000;0.0000;f;;f;0.0000;f;f;0;;;0.00000000;-40;f;0.000000000000000;;;f;0.00000000;f;;;;f;;f;0.00000000;;;;;f;0
214;5aa4fd6d-ede7-448a-9c30-1cee55239f9f;TBC4040;;;TUBE 40 X 40 X 15;;;0;1;;f;f;f;1;2;9;1;;;;;;;;;;;;1001.94690000;0.00000000;0.00000000;873.94957983;5.8;0;0;0;0;0;0;0.00000000;0.00000000;0.00000000;0.00000000;f;f;f;00000000-0000-0000-0000-000000000000;0.00000000;183;;;;f;f;f;f;f;f;f;f;f;0;0;f;0;151.4;0;0;0;0;0;;;Unité;f;;;;;2026-02-07 10:07:35.482474;FAHIM;308;;;;f;0.00000000;0.00000000;0;f;f;f;0;0;1;0.0000;0.0000;0.0000;0.0000;f;;f;0.0000;f;f;0;;;0.00000000;0;f;0.000000000000000;;;f;0.00000000;f;;;;f;;f;0.00000000;;;;;f;0
723;a6871731-c494-42bb-a649-174d354bd4db;EMB PUNESE;;;EMBOUT PUNEUSE;;p_Lot is null;0;3;;f;f;f;;2;2;;;;;;EMBOUT PUNEUSE;;;;;;;0.84030000;0.00000000;0.00000000;0.84033613;0;0;0;0;0;0;;;;;;f;f;f;00000000-0000-0000-0000-000000000000;0.00000000;645;;;645;f;f;f;f;f;f;f;f;f;0;0;t;0;772;0;0;0;0;0;;;;f;;;2026-07-11 15:31:32.716689;MASSY;;;60;;;;f;0.00000000;0.00000000;0;f;f;f;0;0;1;0.0000;0.0000;0.0000;0.0000;f;;f;0.0000;f;f;0;;;0.00000000;0;f;0.000000000000000;;;f;0.00000000;f;;;;f;;f;0.00000000;;;, ;"";f;0
13;b491c79f-c316-4b3e-8495-3ba7daa70510;EMB6030;;;EMBOUT 60 X 30 INETIEUR;;;0;1;;f;f;f;3;2;;1;;;;;;;;;;;;8.47830000;0.00000000;0.00000000;32.77000000;208;0;0;0;0;0;0;0.00000000;0.00000000;0.00000000;0.00000000;f;f;f;00000000-0000-0000-0000-000000000000;0.00000000;10;;;;f;f;f;f;f;f;f;f;f;0;0;f;0;620;0;0;0;0;0;;;Unité;f;;;;;2026-02-07 10:07:37.721921;FAHIM;396;;;;f;0.00000000;0.00000000;0;f;f;f;0;0;1;0.0000;0.0000;0.0000;0.0000;f;;f;0.0000;f;f;0;;;0.00000000;0;f;0.000000000000000;;;f;0.00000000;f;;;;f;;f;0.00000000;;;;;f;0
515;6bfec643-4371-4966-9a73-53c2c72b1f32;DOUBG21;;;DOUBLLETTE G 21;;;0;3;;f;f;f;;12;;;;;;;DOUBLLETTE G 21;;;;;;;0.00000000;0.00000000;0.00000000;0.00000000;0;50;0;120;0;0;;;;;;t;f;f;00000000-0000-0000-0000-000000000000;0.00000000;437;;;437;f;f;f;f;f;t;f;f;f;0;0;f;0;0;0;0;0;0;0;;;;f;;;2025-11-29 09:26:22.417477;FAHIM;2026-02-07 10:07:32.273651;FAHIM;247;;;;f;0.00000000;0.00000000;0;f;t;f;0;0;1;0.0000;0.0000;0.0000;0.0000;f;;f;0.0000;f;f;0;;484;0.00000000;0;f;0.000000000000000;;;f;0.00000000;f;;;;f;;f;0.00000000;;;000046;"";f;0
695;55f35b5d-ab09-455c-a351-e757a1a60bbe;RNFRZ120S;;;"RENFORT MEGA Z 120 S
";;p_Lot is null;0;3;;f;f;f;;14;;;;;;;"RENFORT MEGA Z 120 S
";;;;;;;212.86650000;0.00000000;0.00000000;0.00000000;0;0;0;0;0;0;;;;;;t;f;f;00000000-0000-0000-0000-000000000000;0.00000000;617;;;;f;f;f;f;f;f;f;f;f;0;0;f;0;0;0;0;0;0;0;;;Unité;f;;;2026-06-14 14:23:26.808221;FAHIM;2026-06-14 14:24:14.856358;FAHIM;71;;;;f;0.00000000;0.00000000;0;f;t;f;0;0;;0.0000;0.0000;0.0000;0.0000;f;;f;0.0000;f;f;0;;372;0.00000000;0;f;0.000000000000000;;;f;0.00000000;f;;;;f;;f;0.00000000;;;000226;"";f;0
500;dd22ca2e-802a-4874-81a3-652955e0deff;CJP160TL10;;150;CACHE JUPE P/PLAT 160 TOLE 10;;p_Lot is null;0;1;;f;f;f;;2;;1;;;;;CACHE JUPE P/PLAT 160 TOLE 10;;;;;;;897.62560000;0.00000000;0.00000000;0.00000000;0;0;0;250;0;0;;;;;;t;f;f;00000000-0000-0000-0000-000000000000;0.00000000;422;;;;f;f;t;f;f;f;f;f;f;0;0;f;0;0;0;0;0;0;0;;;Unité;f;;;2025-11-13 16:14:16.387659;admin;2026-02-22 15:07:20.002068;FAHIM;268;;;;f;0.00000000;0.00000000;0;f;t;f;0;0;1;0.0000;0.0000;0.0000;0.0000;f;;f;0.0000;f;f;0;;472;0.00000000;0;f;0.000000000000000;;;f;0.00000000;f;;;;f;;f;0.00000000;;;000031;"";f;0
566;b8206fbc-01f7-4976-950d-c453d1dd0ce5;EMB001;;;CARTONE EMBALAGE ECO STAR / Z;;p_Lot is null;0;3;;f;f;f;;2;;;;;;;CARTONE EMBALAGE ECO STAR / Z;;;;;;;65.54620000;0.00000000;0.00000000;65.54621849;0;0;0;0;0;0;;;;;;f;f;f;00000000-0000-0000-0000-000000000000;0.00000000;488;;;;f;f;f;f;f;f;f;t;f;0;0;t;0;133;0;0;0;0;0;;;Unité;f;;;2026-02-05 11:31:33.310517;FAHIM;2026-02-07 10:07:31.560688;FAHIM;188;;;;f;0.00000000;0.00000000;0;f;f;f;0;0;;0.0000;0.0000;0.0000;0.0000;f;;f;0.0000;f;f;0;;;0.00000000;0;f;0.000000000000000;;;f;0.00000000;f;;;;f;;f;0.00000000;;;000097;"";f;0
287;47dfb41b-dee3-424b-b703-3e41cd201c89;CJP0118N;;130;CACHES JUPE P/PLAT 140;;;0;3;;f;f;f;2;11;;1;;;;;CACHES JUPE P/PLAT 140;;;;;;;604.82050000;0.00000000;0.00000000;462.18487395;77;0;0;250;0;0;0;0.00000000;0.00000000;0.00000000;0.00000000;t;f;f;00000000-0000-0000-0000-000000000000;0.00000000;235;;;;f;f;f;f;f;f;f;f;f;0;0;f;0;480;0;0;27;0;0;;;Unité;f;;;;;2026-02-22 15:02:43.485294;FAHIM;641;;;;f;0.00000000;0.00000000;0;f;t;f;0;0;1;0.0000;0.0000;0.0000;0.0000;f;;f;0.0000;f;f;0;;287;0.00000000;-791;f;0.000000000000000;;;f;0.00000000;f;;;;f;;f;0.00000000;;;287;"";f;0
737;d7e400aa-6e87-476a-8dd3-7c5d604d09fa;D304200X180;;; MOUSSE 4.CM 200X180 D 30;;p_Lot is null;0;3;;f;f;f;;7;7;1;;;;; MOUSSE 4.CM 200X180 D 30;;;;;;;1946.02630000;0.00000000;0.00000000;1910.64000000;0;0;0;0;0;0;;;;;;f;f;f;00000000-0000-0000-0000-000000000000;0.00000000;659;;;;f;f;f;f;f;f;f;f;f;0;0;f;0;27;0;0;0;0;0;;;Unité;f;;;2026-07-20 13:34:43.510575;MASSY;2026-07-20 13:50:14.373308;MASSY;55;;;;f;0.00000000;0.00000000;0;f;f;f;0;0;1;0.0000;0.0000;0.0000;0.0000;f;;f;0.0000;f;f;0;;;0.00000000;0;f;0.000000000000000;;;f;0.00000000;f;;;;f;;f;0.00000000;;;000268;"";f;0
540;1abd6e15-2a12-4eda-8c77-cb3dbc4c6d0c;STRTABLE HAUT;;;STRUCTURE TABLE HAUTE RONDE ;;p_Lot is null;0;1;;f;f;f;;14;;;;;;;STRUCTURE TABLE HAUTE RONDE ;;;;;;;0.00000000;0.00000000;0.00000000;0.00000000;0;0;0;0;0;0;;;;;;t;f;f;00000000-0000-0000-0000-000000000000;0.00000000;462;;;462;f;f;f;f;f;f;f;f;f;0;0;f;0;0;0;0;0;0;0;;;;f;;;2025-12-07 12:27:59.90855;MASSY;2026-02-07 10:07:31.948434;FAHIM;236;;;;f;0.00000000;0.00000000;0;f;t;f;0;0;1;0.0000;0.0000;0.0000;0.0000;f;;f;0.0000;f;f;0;;;0.00000000;0;f;0.000000000000000;;;f;0.00000000;f;;;;f;;f;0.00000000;;;000071;"";f;0
303;9c544ad2-6585-48d4-9ef1-da1fc22cd83b;FIL 7;;; FIL 7;;;0;1;;f;f;f;2;7;;1;;;;;;;;;;;;524.63870000;0.00000000;0.00000000;850.00000000;0;0;0;0;0;0;0;0.00000000;0.00000000;0.00000000;0.00000000;f;f;f;00000000-0000-0000-0000-000000000000;0.00000000;244;;;;f;f;f;f;f;f;f;f;f;0;0;f;0;49.446000000000005;0;0;0;0;0;;;Unité;f;;;;;2026-02-07 10:07:34.708379;FAHIM;372;;;;f;0.00000000;0.00000000;0;f;f;f;0;0;1;0.0000;0.0000;0.0000;0.0000;f;;f;0.0000;f;f;0;;;0.00000000;0;f;0.000000000000000;;;f;0.00000000;f;;;;f;;f;0.00000000;;;;;f;0
181;d30638be-91a2-45b7-a474-f068e79bda24;TBC202010;;;TUBE 20 X 20 X 10;;;0;1;;f;f;f;1;2;9;1;;;;;;;;;;;;406.64190000;0.00000000;0.00000000;450.00000000;48.45;0;0;0;0;0;0;0.00000000;0.00000000;0.00000000;0.00000000;f;f;f;00000000-0000-0000-0000-000000000000;0.00000000;150;;;;f;f;f;f;f;f;f;f;f;0;0;f;0;1119.338;0;0;0;0;0;;;Unité;f;;;;;2026-02-07 10:07:35.922355;FAHIM;464;;;;f;0.00000000;0.00000000;0;f;f;f;0;0;1;0.0000;0.0000;0.0000;0.0000;f;;f;0.0000;f;f;0;;;0.00000000;0;f;0.000000000000000;;;f;0.00000000;f;;;;f;;f;0.00000000;;;;;f;0
285;231a5374-a118-47f6-bbe4-96440429d10d;CJP0158N;;170;CACHES JUPE P/PLAT 180;;;0;3;;f;f;f;2;11;;1;;;;;CACHES JUPE P/PLAT 180;;;;;;;850.43400000;0.00000000;0.00000000;722.68907563;59;0;0;60;0;0;0;0.00000000;0.00000000;0.00000000;0.00000000;t;f;f;00000000-0000-0000-0000-000000000000;0.00000000;233;;;;f;f;f;f;f;f;f;f;f;0;0;f;0;226;0;0;0;0;0;;;Unité;f;;;;;2026-02-22 15:02:18.25384;FAHIM;453;;;;f;0.00000000;0.00000000;0;f;t;f;0;0;1;0.0000;0.0000;0.0000;0.0000;f;;f;0.0000;f;f;0;;285;0.00000000;-530;f;0.000000000000000;;;f;0.00000000;f;;;;f;;f;0.00000000;;;285;"";f;0
543;56b7423a-9f53-48d3-90d9-0550b44c6366;STRBANQUETTE;;;STRUCTURE BANQUETTE 140;;p_Lot is null;0;3;;f;f;f;;1;;;;;;;STRUCTURE BANQUETTE 140;;;;;;;4322.00000000;0.00000000;0.00000000;0.00000000;0;0;0;0;0;0;;;;;;t;f;f;00000000-0000-0000-0000-000000000000;0.00000000;465;;;465;f;f;f;f;f;f;f;f;f;0;0;f;0;0;0;0;0;0;0;;;;f;;;2025-12-13 10:23:04.609882;MASSY;2026-02-07 10:07:31.909851;FAHIM;233;;;;f;0.00000000;0.00000000;0;f;t;f;0;0;1;0.0000;0.0000;0.0000;0.0000;f;;f;0.0000;f;f;0;;;0.00000000;-1;f;0.000000000000000;;;f;0.00000000;f;;;;f;;f;0.00000000;;;, ;"";f;0
782;bfbf45a6-5806-474e-b2a9-6be101ab69fd;000643;;;COLLE;;p_Lot is null;0;1;;f;f;f;;5;;;;;;;COLLE;;;;;;;9166.66670000;0.00000000;0.00000000;15000.00000000;0;0;0;0;0;0;;;;;;f;f;f;00000000-0000-0000-0000-000000000000;0.00000000;704;;;704;f;f;f;f;f;f;f;f;f;0;0;f;0;6;0;0;0;0;0;;;;f;;;2026-08-30 14:46:39.339896;FAHIM;;;16;;;;f;0.00000000;0.00000000;0;f;f;f;0;0;1;0.0000;0.0000;0.0000;0.0000;f;;f;0.0000;f;f;0;;;0.00000000;0;f;0.000000000000000;;;f;0.00000000;f;;;;f;;f;0.00000000;;;, ;"";f;0
610;e8d74440-c571-40ac-8224-f83ba4640b0b;TCB;;;TUYEU COMPRESSEUR BLEU;;p_Lot is null;0;3;;f;f;f;;5;5;;;;;;TUYEU COMPRESSEUR BLEU;;;;;;;9650.00000000;0.00000000;0.00000000;15000.00000000;0;0;0;0;0;0;;;;;;f;f;f;00000000-0000-0000-0000-000000000000;0.00000000;532;;;532;f;f;f;f;f;f;f;f;f;0;0;f;0;2;0;0;0;0;0;;;;f;;;2026-03-15 12:53:27.239797;FAHIM;;;149;;;;f;0.00000000;0.00000000;0;f;f;f;0;0;1;0.0000;0.0000;0.0000;0.0000;f;;f;0.0000;f;f;0;;;0.00000000;0;f;0.000000000000000;;;f;0.00000000;f;;;;f;;f;0.00000000;;;, ;"";f;0
570;0ed0877d-e355-47ab-ac08-1bc75c6afe70;BPM2TFIX MDF;;;BUREAU 140 X 70 PIED METAL AVEC DEUX TIROIRS FIXE ;;p_Lot is null;0;3;;f;f;f;;13;;1;;;;;BUREAU 140 X 70 PIED METAL AVEC DEUX TIROIRS FIXE ;;;;;;;9768.02150000;0.00000000;0.00000000;0.00000000;0;0;0;0;0;0;;;;;;t;f;f;00000000-0000-0000-0000-000000000000;0.00000000;492;;;;f;f;f;f;f;f;f;f;f;0;0;f;0;0;0;0;0;0;0;;;Unité;f;;;2026-02-07 13:19:52.064874;MASSY;2026-02-07 13:20:48.911441;MASSY;181;;;;f;0.00000000;0.00000000;0;f;t;f;0;0;1;0.0000;0.0000;0.0000;0.0000;f;;f;0.0000;f;f;0;;;0.00000000;0;f;0.000000000000000;;;f;0.00000000;f;;;;f;;f;0.00000000;;;000101;"";f;0
532;9cd9d62d-8cd5-412c-ba71-eeeab9cdb944;CHG020;;;CHAISE VISITEUR G 0 20 ;;p_Lot is null;0;1;;f;f;f;;12;;;;;;;CHAISE VISITEUR G 0 20 ;;;;;;;2328.39050000;0.00000000;0.00000000;0.00000000;0;0;0;0;0;0;;;;;;t;f;f;00000000-0000-0000-0000-000000000000;0.00000000;454;;;454;f;f;f;f;f;f;f;f;f;0;0;f;0;65;0;0;0;0;0;;;;f;;;2025-12-02 15:45:44.312177;admin;2026-02-07 10:07:32.061704;FAHIM;341;;;;f;0.00000000;0.00000000;0;f;t;f;0;0;1;0.0000;0.0000;0.0000;0.0000;f;;f;0.0000;f;f;0;;;0.00000000;-170;f;0.000000000000000;;;f;0.00000000;f;;;;f;;f;0.00000000;;;000063;"";f;0
593;a85bb65c-1df2-4271-bbb6-c1d781fd1270;P34140;;ECO 140;STRUCTURE METALIQUE ECO M 60 140 ;;p_Lot is null;0;3;;f;f;f;;14;;1;;;;;STRUCTURE METALIQUE ECO M 60 140 ;;;;;;;2855.18000000;0.00000000;0.00000000;0.00000000;0;0;0;0;0;0;;;;;;t;f;f;00000000-0000-0000-0000-000000000000;0.00000000;515;;;;t;f;f;f;f;f;f;f;f;0;0;f;0;0;0;0;0;0;0;;;Unité;f;;;2026-02-18 13:22:21.59104;FAHIM;2026-02-22 13:48:22.492882;FAHIM;168;;;;f;0.00000000;0.00000000;0;f;t;f;0;0;1;0.0000;0.0000;0.0000;0.0000;f;;f;0.0000;f;f;0;;;0.00000000;0;f;0.000000000000000;;;f;0.00000000;f;;;;f;;f;0.00000000;;;000124;"";f;0
315;15bc098f-4615-4b6f-b21e-399ef2321f52;TL151020;;;TOLE 15 1000 X 2000;;;0;1;;f;f;f;1;2;;1;;;;;;;;;;;;4500.00000000;0.00000000;0.00000000;100.00000000;16;0;0;0;0;0;0;0.00000000;0.00000000;0.00000000;0.00000000;f;f;f;00000000-0000-0000-0000-000000000000;0.00000000;254;;;;f;f;f;f;f;f;f;f;f;0;0;f;0;28.75;0;0;0;0;0;;;Unité;f;;;;;2026-02-07 10:07:34.581019;FAHIM;294;;;;f;0.00000000;0.00000000;0;f;f;f;0;0;1;0.0000;0.0000;0.0000;0.0000;f;;f;0.0000;f;f;0;;;0.00000000;0;f;0.000000000000000;;;f;0.00000000;f;;;;f;;f;0.00000000;;;;;f;0
365;07645bb1-503f-4a78-8b21-743992e1fb31;TL40160;;;TABLE DE LECTURE T 40 X 40 160;;;0;3;;f;f;f;2;13;;;;;;;;;;;;;;2241.80000000;0.00000000;0.00000000;0.00000000;0;0;0;0;0;0;0;0.00000000;0.00000000;0.00000000;0.00000000;t;f;f;00000000-0000-0000-0000-000000000000;0.00000000;299;;;;f;f;f;f;f;f;f;f;f;0;0;f;0;0;0;0;0;0;0;;;Unité;f;;;;;2026-02-07 10:07:33.983939;FAHIM;293;;;;f;0.00000000;0.00000000;0;f;t;f;0;0;;0.0000;0.0000;0.0000;0.0000;f;;f;0.0000;f;f;0;;;0.00000000;0;f;0.000000000000000;;;f;0.00000000;f;;;;f;;f;0.00000000;;;;;f;0
789;cceff8a9-eda5-49fd-a925-28f4b83dcf93;000650;;;MANDRIN PERCEUSE 13 MM;;p_Lot is null;0;1;;f;f;f;;5;;;;;;;MANDRIN PERCEUSE 13 MM;;;;;;;450.00000000;0.00000000;0.00000000;450.00000000;0;0;0;0;0;0;;;;;;f;f;f;00000000-0000-0000-0000-000000000000;0.00000000;711;;;711;f;f;f;f;f;f;f;f;f;0;0;f;0;2;0;0;0;0;0;;;;f;;;2026-09-03 11:47:36.475913;FAHIM;;;11;;;;f;0.00000000;0.00000000;0;f;f;f;0;0;1;0.0000;0.0000;0.0000;0.0000;f;;f;0.0000;f;f;0;;;0.00000000;0;f;0.000000000000000;;;f;0.00000000;f;;;;f;;f;0.00000000;;;, ;"";f;0
379;4545728a-fb19-49b5-86ac-6ff1fdbaaeb9;SBU;;;STRUCTURE BUR FORME UXXXXXXXXXXXXXXXXXXXXXXXXXXXXXXX;;;0;3;;f;f;f;2;14;;;;;;;;;;;;;;2386.50000000;0.00000000;0.00000000;0.00000000;0;0;0;0;0;0;0;0.00000000;0.00000000;0.00000000;0.00000000;t;f;f;00000000-0000-0000-0000-000000000000;0.00000000;309;;;;f;f;f;f;f;f;f;f;f;0;0;t;0;0;0;0;0;0;0;;;Unité;f;;;;;2026-02-07 10:07:33.858105;FAHIM;291;;;;f;0.00000000;0.00000000;0;f;t;f;0;0;;0.0000;0.0000;0.0000;0.0000;f;;f;0.0000;f;f;0;;;0.00000000;0;f;0.000000000000000;;;f;0.00000000;f;;;;f;;f;0.00000000;;;;;f;0
748;e398562c-2785-44d8-bc35-f817ea8dea3c;000612;;;BRULEUR ;;p_Lot is null;0;3;;f;f;f;;5;;;;;;;BRULEUR ;;;;;;;269000.00000000;0.00000000;0.00000000;269000.00000000;0;0;0;0;0;0;;;;;;f;f;f;00000000-0000-0000-0000-000000000000;0.00000000;670;;;670;f;f;f;f;f;f;f;f;f;0;0;f;0;1;0;0;0;0;0;;;;f;;;2026-08-02 15:53:02.092694;FAHIM;;;35;;;;f;0.00000000;0.00000000;0;f;f;f;0;0;1;0.0000;0.0000;0.0000;0.0000;f;;f;0.0000;f;f;0;;;0.00000000;0;f;0.000000000000000;;;f;0.00000000;f;;;;f;;f;0.00000000;;;, ;"";f;0
462;2832e8d2-eefc-4162-acd2-fe77350be7c6;BLM625N;;;VIS RLF M6 X 25 NOIR;;;0;1;;f;f;f;1;2;;1;;;;;;;;;;;;4.13370000;0.00000000;0.00000000;4.13445378;12800;0;0;0;0;0;0;0.00000000;0.00000000;0.00000000;0.00000000;f;f;f;00000000-0000-0000-0000-000000000000;0.00000000;385;;;;f;f;f;f;f;f;f;f;f;0;0;f;0;3732;0;0;0;0;0;;;Unité;f;;;;;2026-08-06 13:12:39.036668;MASSY;377;;;;f;0.00000000;0.00000000;0;f;f;f;0;0;1;0.0000;0.0000;0.0000;0.0000;f;;f;0.0000;f;f;0;;;0.00000000;0;f;0.000000000000000;;;f;0.00000000;f;;;;f;;f;0.00000000;;;462;"";f;0
464;ed9ac49c-ee07-4322-b912-aecf839bdaec;TL5080140;;;TABLE DE LECTURE 50 X 50  80 X 140;;;0;3;;f;f;f;2;13;;;;;;;;;;;;;;2972.43000000;0.00000000;0.00000000;0.00000000;0;0;0;0;0;0;0;0.00000000;0.00000000;0.00000000;0.00000000;t;f;f;00000000-0000-0000-0000-000000000000;0.00000000;387;;;;f;f;f;f;f;f;f;f;f;0;0;f;0;4;0;0;0;0;0;;;Unité;f;;;;;2026-02-07 10:07:32.819178;FAHIM;300;;;;f;0.00000000;0.00000000;0;f;t;f;0;0;;0.0000;0.0000;0.0000;0.0000;f;;f;0.0000;f;f;0;;;0.00000000;0;f;0.000000000000000;;;f;0.00000000;f;;;;f;;f;0.00000000;;;;;f;0
2;df4b4024-e0f1-4d6c-a621-17ccda194a13;EMB70X40;;;EMBOUT 70 X 40;;;0;1;;f;f;f;2;2;;1;;;;;;;;;;;;0.00000000;0.00000000;0.00000000;100.00000000;0;0;0;0;0;0;0;0.00000000;0.00000000;0.00000000;0.00000000;f;f;f;00000000-0000-0000-0000-000000000000;0.00000000;3;;;;f;f;f;f;f;f;f;f;f;0;0;f;0;0;0;0;0;0;0;;;Unité;f;;;;;2026-02-07 10:07:37.809764;FAHIM;291;;;;f;0.00000000;0.00000000;0;f;f;f;0;0;1;0.0000;0.0000;0.0000;0.0000;f;;f;0.0000;f;f;0;;;0.00000000;0;f;0.000000000000000;;;f;0.00000000;f;;;;f;;f;0.00000000;;;;;f;0
21;4bcde241-55a1-4dbd-921a-4ca77551d6c6;EKR900B;;;EQUAIRRES 90° PLASTIQUE BLANC;;;0;1;;f;f;f;2;2;;1;;;;;;;;;;;;44.87220000;0.00000000;0.00000000;47.00000000;1960;0;0;0;0;0;0;0.00000000;0.00000000;0.00000000;0.00000000;f;f;f;00000000-0000-0000-0000-000000000000;0.00000000;18;;;;f;f;f;f;f;f;f;f;f;0;0;f;0;2590;0;0;0;0;0;;;Unité;f;;;;;2026-02-07 10:07:37.616628;FAHIM;305;;;;f;0.00000000;0.00000000;0;f;f;f;0;0;1;0.0000;0.0000;0.0000;0.0000;f;;f;0.0000;f;f;0;;;0.00000000;0;f;0.000000000000000;;;f;0.00000000;f;;;;f;;f;0.00000000;;;;;f;0
152;727f6259-75b7-4c4f-955c-abbbd9146003;LUB001;;;LUBRIFIANT;;;0;1;;f;f;f;1;2;;1;;;;;;;;;;;;3800.00000000;0.00000000;0.00000000;3800.00000000;9;0;0;0;0;0;0;0.00000000;0.00000000;0.00000000;0.00000000;f;f;f;00000000-0000-0000-0000-000000000000;0.00000000;128;;;;f;f;f;f;f;f;f;f;f;0;0;f;0;15;0;0;0;0;0;;;Unité;f;;;;;2026-02-07 10:07:36.200751;FAHIM;381;;;;f;0.00000000;0.00000000;0;f;f;f;0;0;1;0.0000;0.0000;0.0000;0.0000;f;;f;0.0000;f;f;0;;;0.00000000;0;f;0.000000000000000;;;f;0.00000000;f;;;;f;;f;0.00000000;;;;;f;0
536;2e2d1fb6-0b05-436c-a5c7-9aa63de16685;000430;;;STRUCTURE TABLE SONATRASH 160;;p_Lot is null;0;1;;f;f;f;;14;;;;;;;STRUCTURE TABLE SONATRASH 160;;;;;;;0.00000000;0.00000000;0.00000000;0.00000000;0;0;0;0;0;0;;;;;;f;f;f;00000000-0000-0000-0000-000000000000;0.00000000;458;;;458;f;f;f;f;f;f;f;f;f;0;0;f;0;0;0;0;0;0;0;;;;f;;;2025-12-04 09:29:34.830966;LINA;2026-02-07 10:07:32.003199;FAHIM;240;;;;f;0.00000000;0.00000000;0;f;f;f;0;0;1;0.0000;0.0000;0.0000;0.0000;f;;f;0.0000;f;f;0;;;0.00000000;0;f;0.000000000000000;;;f;0.00000000;f;;;;f;;f;0.00000000;;;, ;"";f;0
719;1c5289ae-9441-494f-9c52-4c84c54cf3be;000587;;;PORTE VASSE ;;;0;3;;f;f;t;;10;;;;;;;PORTE VASSE ;;;;;;;628.35580000;0.00000000;0.00000000;0.00000000;0;0;0;0;0;0;;;;;;t;f;f;00000000-0000-0000-0000-000000000000;0.00000000;641;;;641;f;f;f;f;f;f;f;f;f;0;0;f;0;0;0;0;0;0;0;;;;f;;;2026-07-09 10:41:37.59089;FAHIM;2026-07-11 15:21:24.425836;MASSY;58;;;;f;0.00000000;0.00000000;0;f;t;f;0;0;1;0.0000;0.0000;0.0000;0.0000;f;;f;0.0000;f;f;0;;;0.00000000;-33;f;0.000000000000000;;;f;0.00000000;f;;;;f;;f;0.00000000;;;000250;"";f;0
134;57f2d2af-68a1-4832-8da4-3e570b0e0ee1;SCOGM;;;SCOTCH GM;;;0;1;;f;f;f;1;2;5;1;;;;;;;;;;;;151.96990000;0.00000000;0.00000000;157.00000000;51;20;30;100;80;0;0;0.00000000;0.00000000;0.00000000;0.00000000;f;f;f;00000000-0000-0000-0000-000000000000;0.00000000;110;;;;f;f;f;f;f;f;f;f;f;0;0;f;0;266;0;0;0;0;0;;;Unité;f;;;;;2026-02-07 10:07:36.445425;FAHIM;310;;;;f;0.00000000;0.00000000;0;f;f;f;0;0;1;0.0000;0.0000;0.0000;0.0000;f;;f;0.0000;f;f;0;;;0.00000000;0;f;0.000000000000000;;;f;0.00000000;f;;;;f;;f;0.00000000;;;134;"";f;0
346;555e7d07-7371-42a4-9a52-88a05d864d72;6030649;;;PIECE 649 CJP;;;0;3;;f;f;f;2;2;;;;;;;;;;;;;;0.00000000;0.00000000;0.00000000;0.00000000;0;0;0;0;0;0;0;0.00000000;0.00000000;0.00000000;0.00000000;f;f;f;00000000-0000-0000-0000-000000000000;0.00000000;282;;;;f;f;f;f;f;f;f;f;f;0;0;t;0;0;0;0;0;0;0;;;Unité;f;;;;;2026-02-07 10:07:34.222735;FAHIM;291;;;;f;0.00000000;0.00000000;0;f;f;f;0;0;;0.0000;0.0000;0.0000;0.0000;f;;f;0.0000;f;f;0;;;0.00000000;0;f;0.000000000000000;;;f;0.00000000;f;;;;f;;f;0.00000000;;;;;f;0
125;bd4fba52-ff1a-4c37-9806-df31e7bc29d7;AGF8080;;;AGRAFES 80/80;;;0;1;;f;f;f;2;7;;1;;;;;;;;;;;;270.00000000;0.00000000;0.00000000;100.00000000;21;0;0;0;0;0;0;0.00000000;0.00000000;0.00000000;0.00000000;f;f;f;00000000-0000-0000-0000-000000000000;0.00000000;101;;;;f;f;f;f;f;f;f;f;f;0;0;f;0;0;0;0;0;0;0;;;Unité;f;;;;;2026-02-07 10:07:36.560266;FAHIM;310;;;;f;0.00000000;0.00000000;0;f;f;f;0;0;1;0.0000;0.0000;0.0000;0.0000;f;;f;0.0000;f;f;0;;;0.00000000;0;f;0.000000000000000;;;f;0.00000000;f;;;;f;;f;0.00000000;;;;;f;0
5;67c0fa77-107e-4efd-9497-dcc6a47ce15a;SUPVIT0003;;;SUPPORT VITRINE;;;0;1;;f;f;f;2;2;;1;;;;;;;;;;;;1.00000000;0.00000000;0.00000000;100.00000000;0;0;0;0;0;0;0;0.00000000;0.00000000;0.00000000;0.00000000;f;f;f;00000000-0000-0000-0000-000000000000;0.00000000;6;;;;f;f;f;f;f;f;f;f;f;0;0;f;0;0;0;0;0;0;0;;;Unité;f;;;;;2026-02-07 10:07:37.770623;FAHIM;291;;;;f;0.00000000;0.00000000;0;f;f;f;0;0;1;0.0000;0.0000;0.0000;0.0000;f;;f;0.0000;f;f;0;;;0.00000000;0;f;0.000000000000000;;;f;0.00000000;f;;;;f;;f;0.00000000;;;;;f;0
281;d9df3bdc-6c05-4c1e-982c-94a0f14a36c3;P391240;;;PIED METAL PIANO M 70 ;;;0;3;;f;f;f;2;13;;1;;;;;PIED METAL PIANO M 70 ;;;;;;;2613.77990000;0.00000000;0.00000000;0.00000000;0;0;0;40;0;0;0;0.00000000;0.00000000;0.00000000;0.00000000;t;f;f;00000000-0000-0000-0000-000000000000;0.00000000;229;;;;f;f;f;f;f;f;f;f;f;0;0;f;0;10;0;0;0;0;0;;;Unité;f;;;;;2026-07-08 12:05:07.13321;MASSY;347;;;;f;0.00000000;0.00000000;0;f;t;f;0;0;1;0.0000;0.0000;0.0000;0.0000;f;;f;0.0000;f;f;0;;281;0.00000000;-51;f;0.000000000000000;;;f;0.00000000;f;;;;f;;f;0.00000000;;;281;"";f;0
301;b101a97a-31b9-4ccb-bdea-ab6affa7d786;BLAMB630;;; BOULON AMBASSE M6X30;;;0;1;;f;f;f;1;2;;1;;;;;;;;;;;;6.57000000;0.00000000;0.00000000;6.57000000;1699;0;0;0;0;0;0;0.00000000;0.00000000;0.00000000;0.00000000;f;f;f;00000000-0000-0000-0000-000000000000;0.00000000;242;;;;f;f;f;f;f;f;f;f;f;0;0;f;0;2240;0;0;0;0;0;;;Unité;f;;;;;2026-02-07 10:07:34.732671;FAHIM;314;;;;f;0.00000000;0.00000000;0;f;f;f;0;0;1;0.0000;0.0000;0.0000;0.0000;f;;f;0.0000;f;f;0;;;0.00000000;0;f;0.000000000000000;;;f;0.00000000;f;;;;f;;f;0.00000000;;;;;f;0
461;7703f3f0-1a43-4b8f-95db-eec94ef74c31;TRMIXT;;; TABLE DE REUNION ATLAS  M 80 X 200;;;0;3;;f;f;f;2;13;;1;;;;;;;;;;;;2285.18870000;0.00000000;0.00000000;0.00000000;0;0;0;0;0;0;0;0.00000000;0.00000000;0.00000000;0.00000000;t;f;f;00000000-0000-0000-0000-000000000000;0.00000000;384;;;;f;f;f;f;f;f;f;f;f;0;0;f;0;0;0;0;0;0;0;;;Unité;f;;;;;2026-02-07 10:07:32.85577;FAHIM;298;;;;f;0.00000000;0.00000000;0;f;t;f;0;0;1;0.0000;0.0000;0.0000;0.0000;f;;f;0.0000;f;f;0;;;0.00000000;0;f;0.000000000000000;;;f;0.00000000;f;;;;f;;f;0.00000000;;;;;f;0
499;ff8e3100-6939-463a-9359-55becc8c368d;TD160;;;TABLE DE DECHARGE ;;p_Lot is null;0;1;;f;f;f;;10;;;;;;;TABLE DE DECHARGE ;;;;;;;0.00000000;0.00000000;0.00000000;0.00000000;0;0;0;0;0;0;;;;;;f;f;f;00000000-0000-0000-0000-000000000000;0.00000000;421;;;421;f;f;f;f;f;f;f;f;f;0;0;f;0;0;0;0;0;0;0;;;;f;;;2025-11-13 11:58:12.134297;admin;2026-02-07 10:07:32.47501;FAHIM;257;;;;f;0.00000000;0.00000000;0;f;f;f;0;0;1;0.0000;0.0000;0.0000;0.0000;f;;f;0.0000;f;f;0;;;0.00000000;0;f;0.000000000000000;;;f;0.00000000;f;;;;f;;f;0.00000000;;;000030;"";f;0
661;5b736592-ac20-473d-96fe-e13494710e5a;000532;;;TABLE CAFETERIA 90 * 90;;;0;3;;f;f;f;;6;11;;;;;;TABLE CAFETERIA 90 * 90;;;;;;;0.00000000;0.00000000;0.00000000;0.00000000;0;0;0;0;0;0;;;;;;f;f;f;00000000-0000-0000-0000-000000000000;0.00000000;583;;;583;f;f;f;f;f;f;f;f;f;0;0;f;0;0;0;0;0;0;0;;;;f;;;2026-05-18 12:41:53.811057;FAHIM;;;90;;;;f;0.00000000;0.00000000;0;f;f;f;0;0;1;0.0000;0.0000;0.0000;0.0000;f;;f;0.0000;f;f;0;;;0.00000000;0;f;0.000000000000000;;;f;0.00000000;f;;;;f;;f;0.00000000;;;, ;"";f;0
480;f2502c5f-0d7e-4040-a79c-a3d2db46f6e1;CJPZ180S;;159.5;CACHE JUPE MEGA Z / Z ONE 180 S;;;0;3;;f;f;f;;13;;1;;;;;CACHE JUPE MEGA Z / Z ONE 180 S;;;;;;;0.00540000;0.00000000;0.00000000;0.00000000;0;0;0;40;0;0;;;;;;t;f;f;00000000-0000-0000-0000-000000000000;0.00000000;402;;;;f;f;f;f;f;f;f;f;f;0;0;f;0;44;0;0;0;0;0;;;Unité;f;;;2025-10-19 15:17:31.944791;FAHIM;2026-02-07 10:07:32.666704;FAHIM;328;;;;f;0.00000000;0.00000000;0;f;t;f;0;0;1;0.0000;0.0000;0.0000;0.0000;f;;f;0.0000;f;f;0;;;0.00000000;-40;f;0.000000000000000;;;f;0.00000000;f;;;;f;;f;0.00000000;;;000011;"";f;0
340;d2706abc-db65-46c5-ba31-976386825b1d;MDF11244;;;MDF BRUT 11 122 X 244 ;;;0;1;;f;f;f;2;2;;;;;;;;;;;;;;2432.37280000;0.00000000;0.00000000;2700.00000000;96;0;0;0;0;0;0;0.00000000;0.00000000;0.00000000;0.00000000;f;f;f;00000000-0000-0000-0000-000000000000;0.00000000;276;;;;f;f;f;f;f;f;f;f;f;0;0;t;0;253.3;0;0;0;0;0;;;Unité;f;;;;;2026-02-07 10:07:34.295375;FAHIM;375;;;;f;0.00000000;0.00000000;0;f;f;f;0;0;;0.0000;0.0000;0.0000;0.0000;f;;f;0.0000;f;f;0;;;0.00000000;0;f;0.000000000000000;;;f;0.00000000;f;;;;f;;f;0.00000000;;;;;f;0
319;6ecb2f18-6edf-4d2d-9c23-d3453118674c;SK0001;;;SKAI LOCAL ;;;0;3;;f;f;f;2;7;7;1;;;;;;;;;;;;313.30310000;0.00000000;0.00000000;268.90756303;280;0;0;0;0;0;0;0.00000000;0.00000000;0.00000000;0.00000000;f;f;f;00000000-0000-0000-0000-000000000000;0.00000000;258;;;;f;f;f;f;f;f;f;f;f;0;0;t;0;0;0;0;0;0;0;;;Unité;f;;;;;2026-02-07 10:07:34.530394;FAHIM;312;;;;f;0.00000000;0.00000000;0;f;f;f;0;0;1;0.0000;0.0000;0.0000;0.0000;f;;f;0.0000;f;f;0;;;0.00000000;0;f;0.000000000000000;;;f;0.00000000;f;;;;f;;f;0.00000000;;;;;f;0
530;bf7c858a-fd80-40b7-b8eb-ea286759c74e;000429;;;STRUCTURE MEGA Z 200;;p_Lot is null;0;1;;f;f;f;;14;;;;;;;STRUCTURE MEGA Z 200;;;;;;;0.00000000;0.00000000;0.00000000;0.00000000;0;0;0;0;0;0;;;;;;f;f;f;00000000-0000-0000-0000-000000000000;0.00000000;452;;;452;f;f;f;f;f;f;f;f;f;0;0;f;0;0;0;0;0;0;0;;;;f;;;2025-12-02 10:51:27.657675;LINA;2026-02-07 10:07:32.088849;FAHIM;240;;;;f;0.00000000;0.00000000;0;f;f;f;0;0;1;0.0000;0.0000;0.0000;0.0000;f;;f;0.0000;f;f;0;;;0.00000000;0;f;0.000000000000000;;;f;0.00000000;f;;;;f;;f;0.00000000;;;, ;"";f;0
775;0fa06f26-2f81-4e49-81d6-44f517bbd7fb;MTR;;;METRE;;p_Lot is null;0;1;;f;f;f;;5;;;;;;;METRE;;;;;;;207.00000000;0.00000000;0.00000000;420.00000000;0;0;0;0;0;0;;;;;;f;f;f;00000000-0000-0000-0000-000000000000;0.00000000;697;;;697;f;f;f;f;f;f;f;f;f;0;0;f;0;8;0;0;0;0;0;;;;f;;;2026-08-30 11:05:21.458943;FAHIM;;;15;;;;f;0.00000000;0.00000000;0;f;f;f;0;0;1;0.0000;0.0000;0.0000;0.0000;f;;f;0.0000;f;f;0;;;0.00000000;0;f;0.000000000000000;;;f;0.00000000;f;;;;f;;f;0.00000000;;;, ;"";f;0
350;32634070-1f7b-4dcf-9a1e-4b13e89c1b81;ECO VIS;;VISSAGE ;ECO VISSAGE ;;;0;1;;f;f;f;2;2;;;;;;;;;;;;;;0.00000000;0.00000000;0.00000000;0.00000000;0;0;0;0;0;0;0;0.00000000;0.00000000;0.00000000;0.00000000;t;f;f;00000000-0000-0000-0000-000000000000;0.00000000;286;;;;f;f;f;f;f;f;f;f;f;0;0;t;0;0;0;0;0;0;0;;;Unité;f;;;;;2026-02-07 10:07:34.173722;FAHIM;291;;;;f;0.00000000;0.00000000;0;f;t;f;0;0;;0.0000;0.0000;0.0000;0.0000;f;;f;0.0000;f;f;0;;;0.00000000;0;f;0.000000000000000;;;f;0.00000000;f;;;;f;;f;0.00000000;;;;;f;0
116;7ccd0342-63c1-45ed-bf8a-41b86927e792;AGF8010;;;AGRAFES 80/10;;;0;1;;f;f;f;1;7;;1;;;;;;;;;;;;280.00000000;0.00000000;0.00000000;100.00000000;18;0;0;0;0;0;0;0.00000000;0.00000000;0.00000000;0.00000000;f;f;f;00000000-0000-0000-0000-000000000000;0.00000000;92;;;;f;f;f;f;f;f;f;f;f;0;0;f;0;0;0;0;0;0;0;;;Unité;f;;;;;2026-02-07 10:07:36.67589;FAHIM;310;;;;f;0.00000000;0.00000000;0;f;f;f;0;0;1;0.0000;0.0000;0.0000;0.0000;f;;f;0.0000;f;f;0;;;0.00000000;0;f;0.000000000000000;;;f;0.00000000;f;;;;f;;f;0.00000000;;;;;f;0
419;4fcf303e-6d90-40c4-8f49-2a6ac0d7fb60;RNFZ1395;;160;"RENFORT Z ONE 160
";;;0;3;;f;f;f;2;14;;;;;;;"RENFORT Z ONE 160
";;;;;;;218.24190000;0.00000000;0.00000000;0.00000000;0;0;0;0;0;0;0;0.00000000;0.00000000;0.00000000;0.00000000;t;f;f;00000000-0000-0000-0000-000000000000;0.00000000;344;;;;f;f;f;f;f;f;f;f;f;0;0;t;0;6;0;0;0;0;0;;;Unité;f;;;;;2026-02-22 13:11:52.788989;FAHIM;304;;;;f;0.00000000;0.00000000;0;f;t;f;0;0;;0.0000;0.0000;0.0000;0.0000;f;;f;0.0000;f;f;0;;419;0.00000000;0;f;0.000000000000000;;;f;0.00000000;f;;;;f;;f;0.00000000;;;419;"";f;0
392;ebc5b649-d62c-4e4d-b4a7-00b1a812a7a4;CJADS1600;;125; CACHES JUPE ADIDAS 160;;;0;3;;f;f;f;2;11;;1;;;;; CACHES JUPE ADIDAS 160;;;;;;;1500.00000000;0.00000000;0.00000000;0.00000000;0;0;0;20;0;0;0;0.00000000;0.00000000;0.00000000;0.00000000;t;f;f;00000000-0000-0000-0000-000000000000;0.00000000;322;;;;f;f;f;f;f;f;f;f;f;0;0;f;0;0;0;0;0;0;0;;;Unité;f;;;;;2026-02-22 15:03:06.791101;FAHIM;292;;;;f;0.00000000;0.00000000;0;f;t;f;0;0;1;0.0000;0.0000;0.0000;0.0000;f;;f;0.0000;f;f;0;;392;0.00000000;0;f;0.000000000000000;;;f;0.00000000;f;;;;f;;f;0.00000000;;;392;"";f;0
609;1f9979f7-502d-48fe-baa3-bba469ec4c45;APV;;;AGRAVEUSE PNEMATIQUE VATEX;;p_Lot is null;0;3;;f;f;f;;7;;1;;;;;AGRAVEUSE PNEMATIQUE VATEX;;;;;;;7800.00000000;0.00000000;0.00000000;8500.00000000;0;0;0;0;0;0;;;;;;f;f;f;00000000-0000-0000-0000-000000000000;0.00000000;531;;;;f;f;f;f;f;f;f;f;f;0;0;f;0;10;0;0;0;0;0;;;Unité;f;;;2026-03-15 12:46:08.751507;FAHIM;2026-03-15 12:51:32.096752;FAHIM;151;;;;f;0.00000000;0.00000000;0;f;f;f;0;0;1;0.0000;0.0000;0.0000;0.0000;f;;f;0.0000;f;f;0;;;0.00000000;0;f;0.000000000000000;;;f;0.00000000;f;;;;f;;f;0.00000000;;;000140;"";f;0
298;f16168ee-725c-4abf-9331-ae016da8975d;PTR0600;;; PIED METAL TABLE DE REUNION     MAXI   M 60;;;0;3;;f;f;f;2;13;;1;;;;;;;;;;;;2222.23000000;0.00000000;0.00000000;0.00000000;4;0;0;50;0;0;0;0.00000000;0.00000000;0.00000000;0.00000000;t;f;f;00000000-0000-0000-0000-000000000000;0.00000000;239;;;;f;f;f;f;f;f;f;f;f;0;0;f;0;0;0;0;0;0;0;;;Unité;f;;;;;2026-02-07 10:07:34.792319;FAHIM;319;;;;f;0.00000000;0.00000000;0;f;t;f;0;0;1;0.0000;0.0000;0.0000;0.0000;f;;f;0.0000;f;f;0;;;0.00000000;0;f;0.000000000000000;;;f;0.00000000;f;;;;f;;f;0.00000000;;;;;f;0
429;c8849ded-8e04-4722-9eb4-7f30c1d4a39f;TRALS5050;;; TABLE DE REUNION ATLAS AVEC P CENTRAL 50x50 M 150 X 260;;;0;3;;f;f;f;2;13;;1;;;;;;;;;;;;5588.02000000;0.00000000;0.00000000;0.00000000;2;0;0;0;0;0;0;0.00000000;0.00000000;0.00000000;0.00000000;t;f;f;00000000-0000-0000-0000-000000000000;0.00000000;353;;;;f;f;f;f;f;f;f;f;f;0;0;f;0;0;0;0;0;0;0;;;Unité;f;;;;;2026-02-07 10:07:33.279262;FAHIM;291;;;;f;0.00000000;0.00000000;0;f;t;f;0;0;1;0.0000;0.0000;0.0000;0.0000;f;;f;0.0000;f;f;0;;;0.00000000;0;f;0.000000000000000;;;f;0.00000000;f;;;;f;;f;0.00000000;;;;;f;0
718;568ec37f-c0e2-4394-911a-61f2757bebf3;P TR PIANO 120/260;;160;PIED METAL TABLE DE REUNION /STATION PIANO M 100 120 / 260;;;0;3;;f;f;f;;13;;1;;;;;PIED METAL TABLE DE REUNION /STATION PIANO M 100 120 / 260;;;;;;;3474.88720000;0.00000000;0.00000000;0.00000000;0;0;0;40;0;0;;;;;;t;f;f;00000000-0000-0000-0000-000000000000;0.00000000;640;;;;f;f;t;f;f;f;f;f;f;0;0;f;0;2;0;0;0;0;0;;;Unité;f;;;2026-07-08 13:03:30.983325;MASSY;2026-07-08 13:06:50.012776;MASSY;58;;;;f;0.00000000;0.00000000;0;f;t;f;0;0;1;0.0000;0.0000;0.0000;0.0000;f;;f;0.0000;f;f;0;;495;0.00000000;-2;f;0.000000000000000;;;f;0.00000000;f;;;;f;;f;0.00000000;;;000249;"";f;0
84;659bc657-6343-4241-8a0e-2e11ff31188b;PATLS5050;;;PIED METAL ATLAS M 80/120;;;0;3;;f;f;f;2;13;;1;;;;;;;;;;;;2050.32420000;0.00000000;0.00000000;0.00000000;2;0;0;0;0;0;0;0.00000000;0.00000000;0.00000000;0.00000000;t;f;f;00000000-0000-0000-0000-000000000000;0.00000000;67;;;;f;f;f;f;f;f;f;f;f;0;0;f;0;0;0;0;0;0;0;;;Unité;f;;;;;2026-02-07 10:07:36.992826;FAHIM;297;;;;f;0.00000000;0.00000000;0;f;t;f;0;0;1;0.0000;0.0000;0.0000;0.0000;f;;f;0.0000;f;f;0;;;0.00000000;0;f;0.000000000000000;;;f;0.00000000;f;;;;f;;f;0.00000000;;;;;f;0
297;a9155483-9128-4b8b-bf04-a7ad59680a9b;P34000CJB;;;PIED METAL ECO CJ BOIS  M 60 ;;;0;3;;f;f;f;2;13;;1;;;;;;;;;;;;1578.98900000;0.00000000;0.00000000;0.00000000;0;0;0;300;0;0;0;0.00000000;0.00000000;0.00000000;0.00000000;t;f;f;00000000-0000-0000-0000-000000000000;0.00000000;238;;;;f;f;f;f;f;f;f;f;f;0;0;f;0;6;0;0;0;0;0;;;Unité;f;;;;;2026-02-07 10:07:34.806052;FAHIM;331;;;;f;0.00000000;0.00000000;0;f;t;f;0;0;1;0.0000;0.0000;0.0000;0.0000;f;;f;0.0000;f;f;0;;;0.00000000;-451;f;0.000000000000000;;;f;0.00000000;f;;;;f;;f;0.00000000;;;;;f;0
519;31dde0a5-7764-41ce-ad15-42ac4f66f142;000424;;;ECO AVEC PLATEAU ET RETOUR ;;;0;1;;f;f;f;;15;;;;;;;ECO AVEC PLATEAU ET RETOUR ;;;;;;;0.00000000;0.00000000;0.00000000;0.00000000;0;0;0;0;0;0;;;;;;f;f;f;00000000-0000-0000-0000-000000000000;0.00000000;441;;;441;f;f;f;f;f;f;f;f;f;0;0;f;0;0;0;0;0;0;0;;;;f;;;2025-12-01 12:36:19.524043;LINA;2026-02-07 10:07:32.224414;FAHIM;241;;;;f;0.00000000;0.00000000;0;f;f;f;0;0;1;0.0000;0.0000;0.0000;0.0000;f;;f;0.0000;f;f;0;;;0.00000000;0;f;0.000000000000000;;;f;0.00000000;f;;;;f;;f;0.00000000;;;, ;"";f;0
501;6a3420cb-9631-4909-932a-cca72b6e6349;CA5;;;CATALOGUE A5 FINI 10 PAGES ;;p_Lot is null;0;1;;f;f;f;;16;;;;;;;CATALOGUE A5 FINI 10 PAGES ;;;;;;;0.00000000;0.00000000;0.00000000;0.00000000;0;0;0;0;0;0;;;;;;f;f;f;00000000-0000-0000-0000-000000000000;0.00000000;423;;;423;f;f;f;f;f;f;f;f;f;0;0;f;0;0;0;0;0;0;0;;;;f;;;2025-11-16 09:49:19.921031;LINA;2026-02-07 10:07:32.450068;FAHIM;254;;;;f;0.00000000;0.00000000;0;f;f;f;0;0;1;0.0000;0.0000;0.0000;0.0000;f;;f;0.0000;f;f;0;;;0.00000000;0;f;0.000000000000000;;;f;0.00000000;f;;;;f;;f;0.00000000;;;, ;"";f;0
314;1988c5e5-7dd5-4aa4-a7f2-4b076b480706;TBRD22;;;TUBE ROND 22/ 12;;;0;1;;f;f;f;2;2;9;1;;;;;;;;;;;;0.00000000;0.00000000;0.00000000;450.00000000;8;0;0;0;0;0;0;0.00000000;0.00000000;0.00000000;0.00000000;f;f;f;00000000-0000-0000-0000-000000000000;0.00000000;253;;;;f;f;f;f;f;f;f;f;f;0;0;f;0;0;0;0;0;0;0;;;Unité;f;;;;;2026-02-07 10:07:34.593364;FAHIM;295;;;;f;0.00000000;0.00000000;0;f;f;f;0;0;1;0.0000;0.0000;0.0000;0.0000;f;;f;0.0000;f;f;0;;;0.00000000;0;f;0.000000000000000;;;f;0.00000000;f;;;;f;;f;0.00000000;;;;;f;0
690;4d6a0c69-57d1-4e82-87f8-04f78c788347;000559;;;BRAS PISTOLET;;p_Lot is null;0;1;;f;f;f;;5;;;;;;;BRAS PISTOLET;;;;;;;50000.00000000;0.00000000;0.00000000;50000.00000000;0;0;0;0;0;0;;;;;;f;f;f;00000000-0000-0000-0000-000000000000;0.00000000;612;;;612;f;f;f;f;f;f;f;f;f;0;0;f;0;1;0;0;0;0;0;;;;f;;;2026-06-14 10:40:54.692732;FAHIM;;;73;;;;f;0.00000000;0.00000000;0;f;f;f;0;0;1;0.0000;0.0000;0.0000;0.0000;f;;f;0.0000;f;f;0;;;0.00000000;0;f;0.000000000000000;;;f;0.00000000;f;;;;f;;f;0.00000000;;;, ;"";f;0
41;02735959-02d4-4fc5-b958-05a84bc7c40a;CJP0068;;80;CACHES JUPE P/PLAT 100;;;0;3;;f;f;f;2;11;;1;;;;;CACHES JUPE P/PLAT 100;;;;;;;482.27750000;0.00000000;0.00000000;0.00000000;0;0;0;20;0;0;0;0.00000000;0.00000000;0.00000000;0.00000000;t;f;f;00000000-0000-0000-0000-000000000000;0.00000000;37;;;;f;f;f;f;f;f;f;f;f;0;0;f;0;9;0;0;0;0;0;;;Unité;f;;;;;2026-02-22 15:00:44.751952;FAHIM;331;;;;f;0.00000000;0.00000000;0;f;t;f;0;0;1;0.0000;0.0000;0.0000;0.0000;f;;f;0.0000;f;f;0;;41;0.00000000;-170;f;0.000000000000000;;;f;0.00000000;f;;;;f;;f;0.00000000;;;41;"";f;0
458;5ae36c35-5d0d-4446-8845-eeb9f2f58be6;CH FIESTA;;;CHAISE VISITEUR FIESTA;;;0;3;;f;f;f;;12;;;;;;;;;;;;;;2100.00000000;0.00000000;0.00000000;2100.00000000;0;0;0;0;0;0;0;0.00000000;0.00000000;0.00000000;0.00000000;f;f;f;00000000-0000-0000-0000-000000000000;0.00000000;381;;;;f;f;f;f;f;f;f;f;f;0;0;f;0;0;0;0;0;0;0;;;Unité;f;;;;;2026-02-07 10:07:32.893773;FAHIM;298;;;;f;0.00000000;0.00000000;0;f;f;f;0;0;;0.0000;0.0000;0.0000;0.0000;f;;f;0.0000;f;f;0;;;0.00000000;0;f;0.000000000000000;;;f;0.00000000;f;;;;f;;f;0.00000000;;;;;f;0
673;38c63cea-ff14-4ca2-a3ef-5b91a5e3ee87;000542;;;MOUSSE 2 CM;;p_Lot is null;0;1;;f;f;f;;2;;;;;;;MOUSSE 2 CM;;;;;;;250.00000000;0.00000000;0.00000000;250.00000000;0;0;0;0;0;0;;;;;;f;f;f;00000000-0000-0000-0000-000000000000;0.00000000;595;;;595;f;f;f;f;f;f;f;f;f;0;0;f;0;90;0;0;0;0;0;;;;f;;;2026-06-01 15:14:08.292185;FAHIM;;;85;;;;f;0.00000000;0.00000000;0;f;f;f;0;0;1;0.0000;0.0000;0.0000;0.0000;f;;f;0.0000;f;f;0;;;0.00000000;0;f;0.000000000000000;;;f;0.00000000;f;;;;f;;f;0.00000000;;;, ;"";f;0
656;ac46ad23-f296-4b41-a6ee-07ac84fe16bc;000527;;;QUADRUPLETTE G 021;;p_Lot is null;0;3;;f;f;f;;10;11;;;;;;QUADRUPLETTE G 021;;;;;;;0.00000000;0.00000000;0.00000000;0.00000000;0;0;0;0;0;0;;;;;;f;f;f;00000000-0000-0000-0000-000000000000;0.00000000;578;;;578;f;f;f;f;f;f;f;f;f;0;0;f;0;0;0;0;0;0;0;;;;f;;;2026-05-11 13:40:22.957367;FAHIM;;;100;;;;f;0.00000000;0.00000000;0;f;f;f;0;0;1;0.0000;0.0000;0.0000;0.0000;f;;f;0.0000;f;f;0;;;0.00000000;-8;f;0.000000000000000;;;f;0.00000000;f;;;;f;;f;0.00000000;;;, ;"";f;0
112;db04fc52-4563-4e18-9364-25811f3b90ce;PINARN4;;;PEINTURE AEROSOL NOIR 4;;;0;1;;f;f;f;1;2;;1;;;;;;;;;;;;265.00000000;0.00000000;0.00000000;265.00000000;33;0;0;0;0;0;0;0.00000000;0.00000000;0.00000000;0.00000000;f;f;f;00000000-0000-0000-0000-000000000000;0.00000000;88;;;;f;f;f;f;f;f;f;f;f;0;0;f;0;40;0;0;0;0;0;;;Unité;f;;;;;2026-02-07 10:07:36.725256;FAHIM;293;;;;f;0.00000000;0.00000000;0;f;f;f;0;0;1;0.0000;0.0000;0.0000;0.0000;f;;f;0.0000;f;f;0;;;0.00000000;0;f;0.000000000000000;;;f;0.00000000;f;;;;f;;f;0.00000000;;;;;f;0
625;15894047-92a0-499e-9a44-30b4031446ba;TB60/45/45;;;TABLE BASSE PIED BOIS 60*45*45;;p_Lot is null;0;3;;f;f;t;;10;;;;;;;TABLE BASSE PIED BOIS 60*45*45;;;;;;;5428.57140000;0.00000000;0.00000000;5714.28571429;0;0;0;0;0;0;;;;;;f;f;f;00000000-0000-0000-0000-000000000000;0.00000000;547;;;547;f;f;t;f;f;f;f;f;f;0;0;f;0;0;0;0;0;0;0;;;;f;;;2026-04-04 11:01:50.646093;MASSY;;;145;;;;f;0.00000000;0.00000000;0;f;f;f;0;0;1;0.0000;0.0000;0.0000;0.0000;f;;f;0.0000;f;f;0;;;0.00000000;-1;f;0.000000000000000;;;f;0.00000000;f;;;;f;;f;0.00000000;;;, ;"";f;0
96;7e1a2045-6956-40ae-8ef9-0d58c7459261;PLT4140;;;PLATAUX 4M 1.40 ;;;0;3;;f;f;f;2;15;;1;;;;;;;;;;;;1.00000000;0.00000000;0.00000000;0.00000000;0;0;0;0;0;0;0;0.00000000;0.00000000;0.00000000;0.00000000;f;f;f;00000000-0000-0000-0000-000000000000;0.00000000;73;;;;f;f;f;f;f;f;f;f;f;0;0;f;0;0;0;0;0;0;0;;;Unité;f;;;;;2026-02-07 10:07:36.916265;FAHIM;291;;;;f;0.00000000;0.00000000;0;f;f;f;0;0;1;0.0000;0.0000;0.0000;0.0000;f;;f;0.0000;f;f;0;;;0.00000000;0;f;0.000000000000000;;;f;0.00000000;f;;;;f;;f;0.00000000;;;;;f;0
643;55a9173d-7a25-4943-880e-6f91e0764c5c;000514;;;BAVETTE;;p_Lot is null;0;1;;f;f;f;;5;5;;;;;;BAVETTE;;;;;;;17.00000000;0.00000000;0.00000000;17.00000000;0;0;0;0;0;0;;;;;;f;f;f;00000000-0000-0000-0000-000000000000;0.00000000;565;;;565;f;f;f;f;f;f;f;f;f;0;0;f;0;1500;0;0;0;0;0;;;;f;;;2026-04-27 13:11:32.367496;FAHIM;;;111;;;;f;0.00000000;0.00000000;0;f;f;f;0;0;1;0.0000;0.0000;0.0000;0.0000;f;;f;0.0000;f;f;0;;;0.00000000;0;f;0.000000000000000;;;f;0.00000000;f;;;;f;;f;0.00000000;;;, ;"";f;0
215;d14c312d-dfb7-44f0-bd4c-2b5ea2af818a;FRD800;;;FER ROND  D8;;;0;1;;f;f;f;1;2;;1;;;;;;;;;;;;320.19940000;0.00000000;0.00000000;380.00000000;49;0;0;0;0;0;0;0.00000000;0.00000000;0.00000000;0.00000000;f;f;f;00000000-0000-0000-0000-000000000000;0.00000000;184;;;;f;f;f;f;f;f;f;f;f;0;0;f;0;573.6;0;0;0;0;0;;;Unité;f;;;;;2026-02-07 10:07:35.470059;FAHIM;369;;;;f;0.00000000;0.00000000;0;f;f;f;0;0;1;0.0000;0.0000;0.0000;0.0000;f;;f;0.0000;f;f;0;;;0.00000000;0;f;0.000000000000000;;;f;0.00000000;f;;;;f;;f;0.00000000;;;;;f;0
65;bafe8a1d-8d9b-4ca4-a53c-884fc4cacebb;PS34000;;;PIED METAL  ECO M 60    SOUDEE            ;;;0;3;;f;f;f;2;13;;1;;;;;;;;;;;;1562.63210000;0.00000000;0.00000000;0.00000000;5;0;0;300;0;0;0;0.00000000;0.00000000;4500.00000000;5000.00000000;t;f;f;00000000-0000-0000-0000-000000000000;0.00000000;54;;;;f;f;f;f;f;f;f;f;f;0;0;f;0;7;0;0;0;0;0;;;Unité;f;;;;;2026-02-07 10:07:37.174339;FAHIM;312;;;;f;0.00000000;0.00000000;0;f;t;f;0;0;1;0.0000;0.0000;0.0000;0.0000;f;;f;0.0000;f;f;0;;;0.00000000;-4;f;0.000000000000000;;;f;0.00000000;f;;;;f;;f;0.00000000;;;;;f;0
115;712886aa-9c71-4c23-9cf3-4c1f989c2573;MCHM65;;;MECHE M6.5;;;0;1;;f;f;f;2;2;;1;;;;;;;;;;;;0.00000000;0.00000000;0.00000000;100.00000000;0;0;0;0;0;0;0;0.00000000;0.00000000;0.00000000;0.00000000;f;f;f;00000000-0000-0000-0000-000000000000;0.00000000;91;;;;f;f;f;f;f;f;f;f;f;0;0;f;0;20;0;0;0;0;0;;;Unité;f;;;;;2026-02-07 10:07:36.687943;FAHIM;293;;;;f;0.00000000;0.00000000;0;f;f;f;0;0;1;0.0000;0.0000;0.0000;0.0000;f;;f;0.0000;f;f;0;;;0.00000000;0;f;0.000000000000000;;;f;0.00000000;f;;;;f;;f;0.00000000;;;;;f;0
332;bd15b1d3-4c6d-49fc-aa7a-3970d3dfbf09;SCL0015;;;SOCLE  CHAISE IMPERIAL  CHROMEE;;;0;3;;f;f;f;2;1;4;1;;;;;fa;;;;;;;1522.00000000;0.00000000;0.00000000;0.00000000;501;0;0;2000;0;0;0;0.00000000;0.00000000;1900.00000000;2900.00000000;t;f;f;00000000-0000-0000-0000-000000000000;0.00000000;268;;;;f;f;f;f;f;f;f;f;f;0;0;t;0;0;0;0;0;0;0;;;Unité;f;;;;;2026-02-07 10:07:34.40513;FAHIM;324;;;;f;0.00000000;0.00000000;0;f;t;f;0;0;1;0.0000;0.0000;0.0000;0.0000;f;;f;0.0000;f;f;0;;;0.00000000;0;f;0.000000000000000;;;f;0.00000000;f;;;;f;;f;0.00000000;;;;;f;0
432;d14a3c3e-aa41-4048-8c44-554e62890603;SIMPTRP;;;SOCLE  IMPERIAL TRIPLETTE LUXE  EPOXY ;;;0;3;;f;f;f;2;1;4;1;;;;;fami ;;;;;;;2887.12000000;0.00000000;0.00000000;0.00000000;8;0;0;0;0;0;0;0.00000000;0.00000000;0.00000000;0.00000000;t;f;f;00000000-0000-0000-0000-000000000000;0.00000000;356;;;;f;f;f;f;f;f;f;f;f;0;0;t;0;3;0;0;0;0;0;;;Unité;f;;;;;2026-02-07 10:07:33.242025;FAHIM;301;;;;f;0.00000000;0.00000000;0;f;t;f;0;0;1;0.0000;0.0000;0.0000;0.0000;f;;f;0.0000;f;f;0;;;0.00000000;0;f;0.000000000000000;;;f;0.00000000;f;;;;f;;f;0.00000000;;;;;f;0
694;55f9a2e8-d685-45d8-b908-a892c5a7dc9e;000563;;;REPARATION PISTOLET;;p_Lot is null;0;1;;f;f;f;;16;;;;;;;REPARATION PISTOLET;;;;;;;7333.33330000;0.00000000;0.00000000;16000.00000000;0;0;0;0;0;0;;;;;;f;f;f;00000000-0000-0000-0000-000000000000;0.00000000;616;;;616;f;f;f;f;f;f;f;f;f;0;0;f;0;3;0;0;0;0;0;;;;f;;;2026-06-14 11:02:56.06187;FAHIM;;;78;;;;f;0.00000000;0.00000000;0;f;f;f;0;0;1;0.0000;0.0000;0.0000;0.0000;f;;f;0.0000;f;f;0;;;0.00000000;0;f;0.000000000000000;;;f;0.00000000;f;;;;f;;f;0.00000000;;;, ;"";f;0
396;6ac61436-9aca-43ee-84d5-6dbb31fa607e;P3400B;;; PIED METAL ECO M 60   BLANC ;;;0;3;;f;f;f;2;13;;1;;;;;;;;;;;;1666.40000000;0.00000000;0.00000000;0.00000000;0;0;0;300;0;0;0;0.00000000;0.00000000;0.00000000;0.00000000;t;f;f;00000000-0000-0000-0000-000000000000;0.00000000;326;;;;f;f;f;f;f;f;f;f;f;0;0;f;0;0;0;0;0;0;0;;;Unité;f;;;;;2026-02-07 10:07:33.643502;FAHIM;356;;;;f;0.00000000;0.00000000;0;f;t;f;0;0;1;0.0000;0.0000;0.0000;0.0000;f;;f;0.0000;f;f;0;;;0.00000000;0;f;0.000000000000000;;;f;0.00000000;f;;;;f;;f;0.00000000;;;;;f;0
596;36480526-2208-4160-8d27-e9871e4e5cd6;EMB2030;;;EMBOUT 20 X 30;;p_Lot is null;0;3;;f;f;f;;2;2;;;;;;EMBOUT 20 X 30;;;;;;;2.94120000;0.00000000;0.00000000;2.94117647;0;0;0;0;0;0;;;;;;t;f;f;00000000-0000-0000-0000-000000000000;0.00000000;518;;;518;f;f;f;f;f;f;f;f;f;0;0;f;0;200;0;0;0;0;0;;;;f;;;2026-02-28 10:52:40.024424;MASSY;;;186;;;;f;0.00000000;0.00000000;0;f;t;f;0;0;1;0.0000;0.0000;0.0000;0.0000;f;;f;0.0000;f;f;0;;;0.00000000;0;f;0.000000000000000;;;f;0.00000000;f;;;;f;;f;0.00000000;;;, ;"";f;0
581;2033a58b-a415-409c-b359-154e2d1c749d;000462;;;BIAI SIMPLE 50 MT;;;0;1;;f;f;f;;2;;;;;;;BIAI SIMPLE 50 MT;;;;;;;132.09250000;0.00000000;0.00000000;100.00000000;0;0;0;0;0;0;;;;;;f;f;f;00000000-0000-0000-0000-000000000000;0.00000000;503;;;503;f;f;f;f;f;f;f;f;f;0;0;f;0;454;0;0;0;0;0;;;;f;;;2026-02-12 10:10:06.124399;FAHIM;;;187;;;;f;0.00000000;0.00000000;0;f;f;f;0;0;1;0.0000;0.0000;0.0000;0.0000;f;;f;0.0000;f;f;0;;;0.00000000;0;f;0.000000000000000;;;f;0.00000000;f;;;;f;;f;0.00000000;;;, ;"";f;0
679;bcc40753-2639-4ae8-bf86-780d597b2e14;000548;;;TUBE ROND NOIR 33/42/15;;p_Lot is null;0;1;;f;f;f;;2;9;;;;;;TUBE ROND NOIR 33/42/15;;;;;;;0.00000000;0.00000000;0.00000000;0.00000000;0;0;0;0;0;0;;;;;;f;f;f;00000000-0000-0000-0000-000000000000;0.00000000;601;;;601;f;f;f;f;f;f;f;f;f;0;0;f;0;0;0;0;0;0;0;;;;f;;;2026-06-04 13:55:51.531795;OULAID-B;;;78;;;;f;0.00000000;0.00000000;0;f;f;f;0;0;1;0.0000;0.0000;0.0000;0.0000;f;;f;0.0000;f;f;0;;;0.00000000;0;f;0.000000000000000;;;f;0.00000000;f;;;;f;;f;0.00000000;;;, ;"";f;0
579;ae6fed10-64eb-436f-b6cf-d969a85877e4;000460;;;PLATEAU 180 X 120 SONOMA ;;p_Lot is null;0;1;;f;f;t;;15;;;;;;;PLATEAU 180 X 120 SONOMA ;;;;;;;7000.00000000;0.00000000;0.00000000;7000.00000000;0;0;0;0;0;0;;;;;;f;f;f;00000000-0000-0000-0000-000000000000;0.00000000;501;;;501;f;f;t;f;f;f;f;f;f;0;0;t;0;0;0;0;0;0;0;;;;f;;;2026-02-10 18:29:52.908102;FAHIM;2026-02-15 17:25:06.811963;MASSY;189;;;;f;0.00000000;0.00000000;0;f;f;f;0;0;1;0.0000;0.0000;0.0000;0.0000;f;;f;0.0000;f;f;0;;;0.00000000;0;f;0.000000000000000;;;f;0.00000000;f;;;;f;;f;0.00000000;;;000110;"";f;0
107;4f2b054b-d6e9-4057-b112-d3c169663aca;MCHM115;;;MECHE M11.5;;;0;1;;f;f;f;2;2;;1;;;;;;;;;;;;740.49080000;0.00000000;0.00000000;720.00000000;16;0;0;0;0;0;0;0.00000000;0.00000000;0.00000000;0.00000000;f;f;f;00000000-0000-0000-0000-000000000000;0.00000000;83;;;;f;f;f;f;f;f;f;f;f;0;0;t;0;40;0;0;0;0;0;;;Unité;f;;;;;2026-02-07 10:07:36.786715;FAHIM;307;;;;f;0.00000000;0.00000000;0;f;f;f;0;0;1;0.0000;0.0000;0.0000;0.0000;f;;f;0.0000;f;f;0;;;0.00000000;0;f;0.000000000000000;;;f;0.00000000;f;;;;f;;f;0.00000000;;;;;f;0
493;82801246-aa7c-4dc3-a9c7-c47d19f612b4;FER PLAT;;;FER PLAT 40/5;;;0;3;;f;f;f;;2;;;;;;;FER PLAT 40/5;;;;;;;891.10200000;0.00000000;0.00000000;924.36974790;0;0;0;0;0;0;;;;;;f;f;f;00000000-0000-0000-0000-000000000000;0.00000000;415;;;415;f;f;f;f;f;f;f;f;f;0;0;t;0;9.200010200000001;0;0;0;0;0;;;;f;;;2025-11-05 19:29:43.959555;MASSY;2026-02-07 10:07:32.551128;FAHIM;291;;;;f;0.00000000;0.00000000;0;f;f;f;0;0;1;0.0000;0.0000;0.0000;0.0000;f;;f;0.0000;f;f;0;;;0.00000000;0;f;0.000000000000000;;;f;0.00000000;f;;;;f;;f;0.00000000;;;, ;"";f;0
600;ca8d786d-6f22-4c2f-92e4-922e619e4e54;EMBR20;;;EMBOUTS RONDS EXTERIEURS 20;;p_Lot is null;0;3;;f;f;f;;3;2;;;;;;EMBOUTS RONDS EXTERIEURS 20;;;;;;;1.84870000;0.00000000;0.00000000;1.84873950;0;0;0;0;0;0;;;;;;f;f;f;00000000-0000-0000-0000-000000000000;0.00000000;522;;;522;f;f;f;f;f;f;f;f;f;0;0;t;0;500;0;0;0;0;0;;;;f;;;2026-03-05 10:34:09.35768;FAHIM;2026-03-17 11:15:34.870784;FAHIM;168;;;;f;0.00000000;0.00000000;0;f;f;f;0;0;1;0.0000;0.0000;0.0000;0.0000;f;;f;0.0000;f;f;0;;;0.00000000;0;f;0.000000000000000;;;f;0.00000000;f;;;;f;;f;0.00000000;;;000131;"";f;0
653;0d301f5b-b5f2-42d1-95db-b8eadd94af21;P.B 0001;;;PALETTES EN BOIS;;p_Lot is null;0;1;;f;f;f;;17;;;;;;;PALETTES EN BOIS;;;;;;;800.00000000;0.00000000;0.00000000;800.00000000;0;0;0;0;0;0;;;;;;f;f;f;00000000-0000-0000-0000-000000000000;0.00000000;575;;;575;f;f;f;f;f;f;f;f;f;0;0;f;0;30;0;0;0;0;0;;;;f;;;2026-05-10 11:03:33.797136;OULAID-B;2026-05-10 11:29:18.179593;OULAID-B;106;;;;f;0.00000000;0.00000000;0;f;f;f;0;0;1;0.0000;0.0000;0.0000;0.0000;f;;f;0.0000;f;f;0;;;0.00000000;0;f;0.000000000000000;;;f;0.00000000;f;;;;f;;f;0.00000000;;;000184;"";f;0
654;7edb9cfa-164f-4e3d-a406-11281baf8f99;000525;;;VINTURI;;p_Lot is null;0;1;;f;f;f;;5;5;;;;;;VINTURI;;;;;;;1800.00000000;0.00000000;0.00000000;1800.00000000;0;0;0;0;0;0;;;;;;f;f;f;00000000-0000-0000-0000-000000000000;0.00000000;576;;;576;f;f;f;f;f;f;f;f;f;0;0;f;0;1;0;0;0;0;0;;;;f;;;2026-05-11 08:33:39.03199;FAHIM;;;105;;;;f;0.00000000;0.00000000;0;f;f;f;0;0;1;0.0000;0.0000;0.0000;0.0000;f;;f;0.0000;f;f;0;;;0.00000000;0;f;0.000000000000000;;;f;0.00000000;f;;;;f;;f;0.00000000;;;, ;"";f;0
576;47c4f6f5-6171-498a-ac0d-7c3b5d0b10ab;000457;;;FER A SOUDER 60W;;p_Lot is null;0;1;;f;f;f;;6;8;;;;;;FER A SOUDER 60W;;;;;;;577.08330000;0.00000000;0.00000000;805.00000000;0;0;0;0;0;0;;;;;;f;f;f;00000000-0000-0000-0000-000000000000;0.00000000;498;;;498;f;f;f;f;f;f;f;f;f;0;0;f;0;12;0;0;0;0;0;;;;f;;;2026-02-10 16:16:17.343796;FAHIM;;;184;;;;f;0.00000000;0.00000000;0;f;f;f;0;0;1;0.0000;0.0000;0.0000;0.0000;f;;f;0.0000;f;f;0;;;0.00000000;0;f;0.000000000000000;;;f;0.00000000;f;;;;f;;f;0.00000000;;;, ;"";f;0
759;ec042bf6-d06e-4f98-8ab0-fb8b2f144d47;000621;;;FER PLAT 50/4;;p_Lot is null;0;1;;f;f;f;;2;;;;;;;FER PLAT 50/4;;;;;;;1200.00000000;0.00000000;0.00000000;1200.00000000;0;0;0;0;0;0;;;;;;f;f;f;00000000-0000-0000-0000-000000000000;0.00000000;681;;;681;f;f;f;f;f;f;f;f;f;0;0;f;0;30;0;0;0;0;0;;;;f;;;2026-08-16 11:27:39.397232;OULAID-B;;;33;;;;f;0.00000000;0.00000000;0;f;f;f;0;0;1;0.0000;0.0000;0.0000;0.0000;f;;f;0.0000;f;f;0;;;0.00000000;0;f;0.000000000000000;;;f;0.00000000;f;;;;f;;f;0.00000000;;;, ;"";f;0
258;74a933b3-6c73-4a73-b008-ee3e5c03025f;P37080;;;PIED METAL STATION MAXI 2  M 80;;;0;3;;f;f;f;2;13;;1;;;;;;;;;;;;3295.61000000;0.00000000;0.00000000;0.00000000;0;0;0;15;0;0;0;0.00000000;0.00000000;0.00000000;0.00000000;t;f;f;00000000-0000-0000-0000-000000000000;0.00000000;211;;;;f;f;f;f;f;f;f;f;f;0;0;f;0;0;0;0;0;0;0;;;Unité;f;;;;;2026-02-07 10:07:35.14709;FAHIM;291;;;;f;0.00000000;0.00000000;0;f;t;f;0;0;1;0.0000;0.0000;0.0000;0.0000;f;;f;0.0000;f;f;0;;;0.00000000;0;f;0.000000000000000;;;f;0.00000000;f;;;;f;;f;0.00000000;;;;;f;0
108;9e035f7e-d579-4de9-8bef-b3bc2d5ad0d5;AGF8012;;;AGRAFES 80/12;;;0;1;;f;f;f;1;7;;1;;;;;;;;;;;;280.00000000;0.00000000;0.00000000;100.00000000;43;0;0;0;0;0;0;0.00000000;0.00000000;0.00000000;0.00000000;f;f;f;00000000-0000-0000-0000-000000000000;0.00000000;84;;;;f;f;f;f;f;f;f;f;f;0;0;t;0;0;0;0;0;0;0;;;Unité;f;;;;;2026-02-07 10:07:36.774742;FAHIM;310;;;;f;0.00000000;0.00000000;0;f;f;f;0;0;1;0.0000;0.0000;0.0000;0.0000;f;;f;0.0000;f;f;0;;;0.00000000;0;f;0.000000000000000;;;f;0.00000000;f;;;;f;;f;0.00000000;;;;;f;0
589;a2eb84d6-aa89-4719-87e1-79284bf1286b;000467;;;BOIS POUR JUPE MEGA Z 140;;p_Lot is null;0;1;;f;f;t;;15;;;;;;;BOIS POUR JUPE MEGA Z 140;;;;;;;1500.00000000;0.00000000;0.00000000;1500.00000000;0;0;0;0;0;0;;;;;;t;f;f;00000000-0000-0000-0000-000000000000;0.00000000;511;;;511;f;f;t;f;f;f;f;f;f;0;0;f;0;0;0;0;0;0;0;;;;f;;;2026-02-15 17:30:25.621967;MASSY;2026-02-22 15:04:16.944356;FAHIM;183;;;;f;0.00000000;0.00000000;0;f;t;f;0;0;1;0.0000;0.0000;0.0000;0.0000;f;;f;0.0000;f;f;0;;;0.00000000;0;f;0.000000000000000;;;f;0.00000000;f;;;;f;;f;0.00000000;;;000120;"";f;0
19;33db1c21-ba20-4d69-9443-596c699a1e0e;PRM837;;;PIED REGLABLES M8 37 ;;;0;1;;f;f;f;2;2;;1;;;;;;;;;;;;13.83310000;0.00000000;0.00000000;14.00000000;3500;0;0;0;0;0;0;0.00000000;0.00000000;0.00000000;0.00000000;f;f;f;00000000-0000-0000-0000-000000000000;0.00000000;16;;;;f;f;f;f;f;f;f;f;f;0;0;f;0;7467;0;0;0;0;0;;;Unité;t;FAHIM;2026-02-07 13:08:09.13877;;;2026-02-07 13:16:27.230813;FAHIM;703;;;;f;0.00000000;0.00000000;0;f;f;f;0;0;1;0.0000;0.0000;0.0000;0.0000;f;;f;0.0000;f;f;0;;;0.00000000;0;f;0.000000000000000;;;f;0.00000000;f;;;;f;;f;0.00000000;;;;;f;0
52;7b830f73-0465-4196-9abe-5f42f7760a7c;IMP001;;;CHAISE IMPERIAL LUXE TISSU EPOXY ;;;0;3;;f;f;f;2;12;;1;;;;;;;;;;;;1683.86450000;0.00000000;0.00000000;0.00000000;279;0;0;2000;0;0;0;0.00000000;0.00000000;1900.00000000;2900.00000000;t;f;f;00000000-0000-0000-0000-000000000000;0.00000000;45;;;;f;f;f;f;f;f;f;f;f;0;0;f;0;62;0;0;0;0;0;;;Unité;f;;;;;2026-02-07 10:07:37.285213;FAHIM;643;;;;f;0.00000000;0.00000000;0;f;t;f;0;0;1;0.0000;0.0000;0.0000;0.0000;f;;f;0.0000;f;f;0;;;0.00000000;-2921;f;0.000000000000000;;;f;0.00000000;f;;;;f;;f;0.00000000;;;;;f;0
317;c80bce4d-37e7-44fd-b181-79f07c20dbbc;SILO;;;SILOFANE;;;0;1;;f;f;f;1;2;;1;;;;;;;;;;;;440.17220000;0.00000000;0.00000000;1650.00000000;84;0;0;0;0;0;0;0.00000000;0.00000000;0.00000000;0.00000000;f;f;f;00000000-0000-0000-0000-000000000000;0.00000000;256;;;;f;f;f;f;f;f;f;f;f;0;0;t;0;865.7;0;0;0;0;0;;;Unité;f;;;;;2026-02-07 10:07:34.556138;FAHIM;324;;;;f;0.00000000;0.00000000;0;f;f;f;0;0;1;0.0000;0.0000;0.0000;0.0000;f;;f;0.0000;f;f;0;;;0.00000000;0;f;0.000000000000000;;;f;0.00000000;f;;;;f;;f;0.00000000;;;;;f;0
366;544d9c6f-1d39-4780-a529-f83f8f547a17;IMP006;;;CHAISE VISITEUR K 02;;;0;3;;f;f;f;2;12;;;;;;;;;;;;;;2000.00000000;0.00000000;0.00000000;2000.00000000;101;0;0;0;0;0;0;0.00000000;0.00000000;0.00000000;0.00000000;f;f;f;00000000-0000-0000-0000-000000000000;0.00000000;300;;;;f;f;f;f;f;f;f;f;f;0;0;f;0;2;0;0;0;0;0;;;Unité;f;;;;;2026-02-07 10:07:33.971698;FAHIM;307;;;;f;0.00000000;0.00000000;0;f;f;f;0;0;;0.0000;0.0000;0.0000;0.0000;f;;f;0.0000;f;f;0;;;0.00000000;-80;f;0.000000000000000;;;f;0.00000000;f;;;;f;;f;0.00000000;;;;;f;0
37;8cf37af9-e05d-42ce-849d-70ed9697e7ba;PTM6100;;;STRUCTURE METALIQUE TABLE DE MICRO;;;0;1;;f;f;f;2;2;;1;;;;;;;;;;;;0.00000000;0.00000000;0.00000000;100.00000000;0;0;0;0;0;0;0;0.00000000;0.00000000;0.00000000;0.00000000;f;f;f;00000000-0000-0000-0000-000000000000;0.00000000;33;;;;f;f;f;f;f;f;f;f;f;0;0;f;0;0;0;0;0;0;0;;;Unité;f;;;;;2026-02-07 10:07:37.431551;FAHIM;299;;;;f;0.00000000;0.00000000;0;f;f;f;0;0;1;0.0000;0.0000;0.0000;0.0000;f;;f;0.0000;f;f;0;;;0.00000000;-31;f;0.000000000000000;;;f;0.00000000;f;;;;f;;f;0.00000000;;;;;f;0
85;28b46f04-348f-4859-9777-a05e792cb094;CJPG140;;;CACHE JUPE GAMER  140 ;;;0;3;;f;f;f;2;11;;1;;;;;;;;;;;;322.71750000;0.00000000;0.00000000;0.00000000;41;0;0;20;0;0;0;0.00000000;0.00000000;0.00000000;0.00000000;t;f;f;00000000-0000-0000-0000-000000000000;0.00000000;68;;;;f;f;f;f;f;f;f;f;f;0;0;f;0;65;0;0;0;0;0;;;Unité;f;;;;;2026-02-07 10:07:36.97943;FAHIM;348;;;;f;0.00000000;0.00000000;0;f;t;f;0;0;1;0.0000;0.0000;0.0000;0.0000;f;;f;0.0000;f;f;0;;;0.00000000;0;f;0.000000000000000;;;f;0.00000000;f;;;;f;;f;0.00000000;;;;;f;0
421;b0c9fec8-c0ef-492c-a16a-db98dd34c32b;PS34001;;; PIED METAL  ECO M 60    SOUDEE       80 X 40     ;;;0;3;;f;f;f;2;13;;1;;;;;;;;;;;;3139.37000000;0.00000000;0.00000000;0.00000000;0;0;0;300;0;0;0;0.00000000;0.00000000;4500.00000000;5000.00000000;t;f;f;00000000-0000-0000-0000-000000000000;0.00000000;346;;;;f;f;f;f;f;f;f;f;f;0;0;f;0;0;0;0;0;0;0;;;Unité;f;;;;;2026-02-07 10:07:33.39233;FAHIM;291;;;;f;0.00000000;0.00000000;0;f;t;f;0;0;1;0.0000;0.0000;0.0000;0.0000;f;;f;0.0000;f;f;0;;;0.00000000;0;f;0.000000000000000;;;f;0.00000000;f;;;;f;;f;0.00000000;;;;;f;0
184;34fcc30d-b22e-4a5b-a188-7aa9c32ba639;TBC2525;;;"TUBE 25 X 25 X 12
";;;0;1;;f;f;f;1;2;9;1;;;;;;;;;;;;815.21280000;0.00000000;0.00000000;635.00000000;96;0;0;0;0;0;0;0.00000000;0.00000000;0.00000000;0.00000000;f;f;f;00000000-0000-0000-0000-000000000000;0.00000000;153;;;;f;f;f;f;f;f;f;f;f;0;0;f;0;253.26;0;0;0;0;0;;;Unité;f;;;;;2026-02-07 10:07:35.884255;FAHIM;319;;;;f;0.00000000;0.00000000;0;f;f;f;0;0;1;0.0000;0.0000;0.0000;0.0000;f;;f;0.0000;f;f;0;;;0.00000000;0;f;0.000000000000000;;;f;0.00000000;f;;;;f;;f;0.00000000;;;;;f;0
237;53a7191c-9268-4c44-9f33-a04cb8eaa030;P36070;;;PIED METAL MAXI SLIM M 70;;;0;3;;f;f;f;2;13;;1;;;;;;;;;;;;2752.29000000;0.00000000;0.00000000;0.00000000;5;0;0;40;0;0;0;0.00000000;0.00000000;0.00000000;0.00000000;t;f;f;00000000-0000-0000-0000-000000000000;0.00000000;195;;;;f;f;f;f;f;f;f;f;f;0;0;f;0;5;0;0;0;0;0;;;Unité;f;;;;;2026-02-07 10:07:35.322231;FAHIM;313;;;;f;0.00000000;0.00000000;0;f;t;f;0;0;1;0.0000;0.0000;0.0000;0.0000;f;;f;0.0000;f;f;0;;;0.00000000;0;f;0.000000000000000;;;f;0.00000000;f;;;;f;;f;0.00000000;;;;;f;0
364;ea951eaf-8c8b-4988-8d39-be01e53f3c57;TL120;;;"TABLE DE LECTURE 60 X 30 70 X 120
";;;0;3;;f;f;f;2;10;;;;;;;;;;;;;;5549.39700000;0.00000000;0.00000000;0.00000000;0;0;0;0;0;0;0;0.00000000;0.00000000;0.00000000;0.00000000;t;f;f;00000000-0000-0000-0000-000000000000;0.00000000;298;;;;f;f;f;f;f;f;f;f;f;0;0;t;0;10;0;0;0;0;0;;;Unité;f;;;;;2026-02-07 10:07:33.995643;FAHIM;299;;;;f;0.00000000;0.00000000;0;f;t;f;0;0;;0.0000;0.0000;0.0000;0.0000;f;;f;0.0000;f;f;0;;;0.00000000;-1;f;0.000000000000000;;;f;0.00000000;f;;;;f;;f;0.00000000;;;;;f;0
671;ff2d6c0d-112b-47ad-9d3b-b4427a4f73be;000540;;;CHAISE MONZA (811B);;p_Lot is null;0;1;;f;f;f;;10;;;;;;;CHAISE MONZA (811B);;;;;;;13500.00000000;0.00000000;0.00000000;13500.00000000;0;0;0;0;0;0;;;;;;f;f;f;00000000-0000-0000-0000-000000000000;0.00000000;593;;;593;f;f;f;f;f;f;f;f;f;0;0;f;0;0;0;0;0;0;0;;;;f;;;2026-06-01 10:27:29.797379;FAHIM;;;91;;;;f;0.00000000;0.00000000;0;f;f;f;0;0;1;0.0000;0.0000;0.0000;0.0000;f;;f;0.0000;f;f;0;;;0.00000000;-3;f;0.000000000000000;;;f;0.00000000;f;;;;f;;f;0.00000000;;;, ;"";f;0
618;55e636e2-b309-4d96-837e-fa8ceb73493f;000494;;;plateu 90*50;;p_Lot is null;0;3;;f;f;f;;10;;;;;;;plateu 90*50;;;;;;;1500.00000000;0.00000000;0.00000000;1500.00000000;0;0;0;0;0;0;;;;;;f;f;f;00000000-0000-0000-0000-000000000000;0.00000000;540;;;540;f;f;f;f;f;f;f;f;f;0;0;f;0;0;0;0;0;0;0;;;;f;;;2026-04-01 15:31:58.550377;FAHIM;;;134;;;;f;0.00000000;0.00000000;0;f;f;f;0;0;1;0.0000;0.0000;0.0000;0.0000;f;;f;0.0000;f;f;0;;;0.00000000;0;f;0.000000000000000;;;f;0.00000000;f;;;;f;;f;0.00000000;;;, ;"";f;0
24;dc278312-875a-4685-a2db-d957b212fb65;IMP008;;;KIT ASSISE ET DOSSIER IMPERIAL ;;;0;3;;f;f;f;2;2;2;1;;;;;;;;;;;;235.93250000;0.00000000;0.00000000;233.94957983;1580;0;0;0;0;0;0;0.00000000;0.00000000;0.00000000;0.00000000;f;f;f;00000000-0000-0000-0000-000000000000;0.00000000;21;;;;f;f;f;f;f;f;f;f;f;0;0;t;0;9031;0;0;0;0;0;;;Unité;f;;;;;2026-02-07 10:07:37.579243;FAHIM;407;;;;f;0.00000000;0.00000000;0;f;f;f;0;0;1;0.0000;0.0000;0.0000;0.0000;f;;f;0.0000;f;f;0;;;0.00000000;0;f;0.000000000000000;;;f;0.00000000;f;;;;f;;f;0.00000000;;;;;f;0
494;a6213982-2944-4883-b3ed-895679c29b9b;CLAV5;;;CLAVETTE 12/50;;;0;1;;f;f;f;;2;;;;;;;CLAVETTE 12/50;;;;;;;48.98100000;0.00000000;0.00000000;50.79000000;0;0;0;0;0;0;;;;;;f;f;f;00000000-0000-0000-0000-000000000000;0.00000000;416;;;416;f;f;f;f;f;f;f;f;f;0;0;t;0;403;0;0;0;0;0;;;;f;;;2025-11-05 19:31:28.123162;MASSY;2026-02-07 10:07:32.538387;FAHIM;307;;;;f;0.00000000;0.00000000;0;f;f;f;0;0;1;0.0000;0.0000;0.0000;0.0000;f;;f;0.0000;f;f;0;;;0.00000000;0;f;0.000000000000000;;;f;0.00000000;f;;;;f;;f;0.00000000;;;, ;"";f;0
220;8509d3c9-0f05-4ff5-b9c8-9cd488705835;TBOV573216;;;TUBE OVAL LAC 5.75M  32 X 16 X 12;;;0;1;;f;f;f;3;2;9;1;;;;;;;;;;;;415.91830000;0.00000000;0.00000000;411.76470588;275.6;0;0;0;0;0;0;0.00000000;0.00000000;0.00000000;0.00000000;f;f;f;00000000-0000-0000-0000-000000000000;0.00000000;189;;;;f;f;f;f;f;f;f;f;f;0;0;t;0;2358;0;0;0;0;0;;;Unité;f;;;;;2026-02-07 10:07:35.400091;FAHIM;323;;;;f;0.00000000;0.00000000;0;f;f;f;0;0;1;0.0000;0.0000;0.0000;0.0000;f;;f;0.0000;f;f;0;;;0.00000000;0;f;0.000000000000000;;;f;0.00000000;f;;;;f;;f;0.00000000;;;;;f;0
746;469ac968-904f-492b-8adc-2e1cb66d047f;000610;;;TIGE 8*80;;p_Lot is null;0;1;;f;f;f;;5;;;;;;;TIGE 8*80;;;;;;;200.00000000;0.00000000;0.00000000;200.00000000;0;0;0;0;0;0;;;;;;f;f;f;00000000-0000-0000-0000-000000000000;0.00000000;668;;;668;f;f;f;f;f;f;f;f;f;0;0;f;0;2;0;0;0;0;0;;;;f;;;2026-07-29 08:44:15.863367;FAHIM;;;38;;;;f;0.00000000;0.00000000;0;f;f;f;0;0;1;0.0000;0.0000;0.0000;0.0000;f;;f;0.0000;f;f;0;;;0.00000000;0;f;0.000000000000000;;;f;0.00000000;f;;;;f;;f;0.00000000;;;, ;"";f;0
635;27ec2baf-1a01-4297-9674-4b21aad7d63e;000506;;;CAISSON MOBILE BAROK 40*40*60 CENTRALISE;;p_Lot is null;0;1;;f;f;f;;10;11;;;;;;CAISSON MOBILE BAROK 40*40*60 CENTRALISE;;;;;;;6175.00000000;0.00000000;0.00000000;6500.00000000;0;0;0;0;0;0;;;;;;f;f;f;00000000-0000-0000-0000-000000000000;0.00000000;557;;;557;f;f;f;f;f;f;f;f;f;0;0;f;0;0;0;0;0;0;0;;;;f;;;2026-04-13 09:59:14.761549;FAHIM;;;156;;;;f;0.00000000;0.00000000;0;f;f;f;0;0;1;0.0000;0.0000;0.0000;0.0000;f;;f;0.0000;f;f;0;;;0.00000000;-4;f;0.000000000000000;;;f;0.00000000;f;;;;f;;f;0.00000000;;;, ;"";f;0
440;fc701f4b-6a72-4a19-a944-169eca7dfc87;TC6060;;; TUBE 60 X60 X 18;;;0;3;;f;f;f;2;2;9;1;;;;;;;;;;;;1516.16580000;0.00000000;0.00000000;1470.58823529;0;0;0;0;0;0;0;0.00000000;0.00000000;0.00000000;0.00000000;f;f;f;00000000-0000-0000-0000-000000000000;0.00000000;363;;;;f;f;f;f;f;f;f;f;f;0;0;t;0;50.84;0;0;0;0;0;;;Unité;f;;;;;2026-02-07 10:07:33.154616;FAHIM;445;;;;f;0.00000000;0.00000000;0;f;f;f;0;0;1;0.0000;0.0000;0.0000;0.0000;f;;f;0.0000;f;f;0;;;0.00000000;0;f;0.000000000000000;;;f;0.00000000;f;;;;f;;f;0.00000000;;;;;f;0
645;00bebb6e-654f-4ba8-94df-59c2a36bdce5;TR R32;;;TRIPLETTE R 32;;p_Lot is null;0;3;;f;f;f;;14;11;;;;;;TRIPLETTE R 32;;;;;;;11300.00000000;0.00000000;0.00000000;11300.00000000;0;0;0;0;0;0;;;;;;f;f;f;00000000-0000-0000-0000-000000000000;0.00000000;567;;;567;f;f;f;f;f;f;f;f;f;0;0;f;0;0;0;0;0;0;0;;;;f;;;2026-04-29 12:21:19.103838;FAHIM;2026-05-05 12:30:20.925523;OULAID-B;129;;;;f;0.00000000;0.00000000;0;f;f;f;0;0;1;0.0000;0.0000;0.0000;0.0000;f;;f;0.0000;f;f;0;;;0.00000000;0;f;0.000000000000000;;;f;0.00000000;f;;;;f;;f;0.00000000;;;000176;"";f;0
797;fa7c2e09-e3ec-4c58-8cf3-7eef1edcc656;000658;;;PLATEAU 115 X 67 MLMN;;;0;1;;f;f;f;;17;;;;;;;PLATEAU 115 X 67 MLMN;;;;;;;2600.00000000;0.00000000;0.00000000;2600.00000000;0;0;0;0;0;0;;;;;;f;f;f;00000000-0000-0000-0000-000000000000;0.00000000;719;;;719;f;f;f;f;f;f;f;f;f;0;0;f;0;0;0;0;0;0;0;;;;f;;;2026-09-03 14:43:37.023445;FAHIM;2026-09-03 14:46:09.012558;FAHIM;13;;;;f;0.00000000;0.00000000;0;f;f;f;0;0;1;0.0000;0.0000;0.0000;0.0000;f;;f;0.0000;f;f;0;;;0.00000000;0;f;0.000000000000000;;;f;0.00000000;f;;;;f;;f;0.00000000;;;000328;"";f;0
546;9a6a77be-6898-4e9c-bce6-5d272c8ae563;TEX 160/80;;; TABLE EXTERIEUR 60X40 160X80 ;;;0;3;;f;f;f;;10;;;;;;; TABLE EXTERIEUR 60X40 160X80 ;;;;;;;2653.29000000;0.00000000;0.00000000;0.00000000;0;0;0;0;0;0;;;;;;t;f;f;00000000-0000-0000-0000-000000000000;0.00000000;468;;;;f;f;f;f;f;f;f;f;f;0;0;f;0;0;0;0;0;0;0;;;Unité;f;;;2025-12-14 18:04:55.900423;MASSY;2026-02-07 10:07:31.86806;FAHIM;265;;;;f;0.00000000;0.00000000;0;f;t;f;0;0;;0.0000;0.0000;0.0000;0.0000;f;;f;0.0000;f;f;0;;425;0.00000000;0;f;0.000000000000000;;;f;0.00000000;f;;;;f;;f;0.00000000;;;000077;"";f;0
358;a2460d3b-a3e1-467b-9228-ff0a7350d237;EMB;;;EMBOUT 40X30;;;0;3;;f;f;f;2;5;;;;;;;;;;;;;;5.82000000;0.00000000;0.00000000;5.82000000;71;0;0;0;0;0;0;0.00000000;0.00000000;0.00000000;0.00000000;f;f;f;00000000-0000-0000-0000-000000000000;0.00000000;294;;;;f;f;f;f;f;f;f;f;f;0;0;t;0;500;0;0;0;0;0;;;Unité;f;;;;;2026-02-07 10:07:34.075249;FAHIM;312;;;;f;0.00000000;0.00000000;0;f;f;f;0;0;;0.0000;0.0000;0.0000;0.0000;f;;f;0.0000;f;f;0;;;0.00000000;0;f;0.000000000000000;;;f;0.00000000;f;;;;f;;f;0.00000000;;;;;f;0
704;b33bcc3d-cc0b-4a55-85d2-79ab120d5569;000573;;;SAC EMBALAGE 65 * 70;;;0;3;;f;f;f;;2;;;;;;;SAC EMBALAGE 65 * 70;;;;;;;6.80000000;0.00000000;0.00000000;6.80000000;0;0;0;0;0;0;;;;;;f;f;f;00000000-0000-0000-0000-000000000000;0.00000000;626;;;626;f;f;f;f;f;f;f;f;f;0;0;f;0;6510;0;0;0;0;0;;;;f;;;2026-06-29 08:42:24.872321;FAHIM;2026-06-29 08:43:04.075802;FAHIM;71;;;;f;0.00000000;0.00000000;0;f;f;f;0;0;1;0.0000;0.0000;0.0000;0.0000;f;;f;0.0000;f;f;0;;;0.00000000;0;f;0.000000000000000;;;f;0.00000000;f;;;;f;;f;0.00000000;;;000235;"";f;0
603;22a10627-285e-4afa-a5c0-c6831a563999;000480;;;TABLE TRIANGLE;;p_Lot is null;0;1;;f;f;f;;6;;;;;;;TABLE TRIANGLE;;;;;;;0.00000000;0.00000000;0.00000000;0.00000000;0;0;0;0;0;0;;;;;;f;f;f;00000000-0000-0000-0000-000000000000;0.00000000;525;;;525;f;f;f;f;f;f;f;f;f;0;0;f;0;0;0;0;0;0;0;;;;f;;;2026-03-10 09:31:24.485334;FAHIM;;;149;;;;f;0.00000000;0.00000000;0;f;f;f;0;0;1;0.0000;0.0000;0.0000;0.0000;f;;f;0.0000;f;f;0;;;0.00000000;0;f;0.000000000000000;;;f;0.00000000;f;;;;f;;f;0.00000000;;;, ;"";f;0
289;1749d4c7-049c-49c5-a889-becec8fe5ae6;PTRE1200;;; PIED METAL EXTANTION  T REUNION MAXI/ECO M 120;;;0;3;;f;f;f;2;13;;1;;;;;;;;;;;;1890.23120000;0.00000000;0.00000000;0.00000000;0;0;0;50;0;0;0;0.00000000;0.00000000;0.00000000;0.00000000;t;f;f;00000000-0000-0000-0000-000000000000;0.00000000;237;;;;f;f;f;f;f;f;f;f;f;0;0;f;0;62;0;0;0;0;0;;;Unité;f;;;;;2026-02-07 10:07:34.818619;FAHIM;386;;;;f;0.00000000;0.00000000;0;f;t;f;0;0;1;0.0000;0.0000;0.0000;0.0000;f;;f;0.0000;f;f;0;;;0.00000000;-1;f;0.000000000000000;;;f;0.00000000;f;;;;f;;f;0.00000000;;;;;f;0
637;fa41e651-12c5-4392-8eed-96e0b72e3d47;STL40M90/190;;;STRUCTURE TABLE DE LECTURE T 40 X 40 M900*1900;;p_Lot is null;0;3;;f;f;f;;13;;;;;;;STRUCTURE TABLE DE LECTURE T 40 X 40 M900*1900;;;;;;;2968.56810000;0.00000000;0.00000000;0.00000000;0;0;0;0;0;0;;;;;;t;f;f;00000000-0000-0000-0000-000000000000;0.00000000;559;;;;f;f;f;f;f;f;f;f;f;0;0;f;0;1;0;0;0;0;0;;;Unité;f;;;2026-04-15 10:12:19.595249;MASSY;2026-04-15 10:13:23.072206;MASSY;123;;;;f;0.00000000;0.00000000;0;f;t;f;0;0;;0.0000;0.0000;0.0000;0.0000;f;;f;0.0000;f;f;0;;;0.00000000;0;f;0.000000000000000;;;f;0.00000000;f;;;;f;;f;0.00000000;;;000168;"";f;0
133;6af420f4-f983-4e7e-bacc-6c8bde7715b8;LM2450;;;LAME 2450;;;0;1;;f;f;f;2;2;;1;;;;;;;;;;;;5000.00000000;0.00000000;0.00000000;100.00000000;9;0;0;0;0;0;0;0.00000000;0.00000000;0.00000000;0.00000000;f;f;f;00000000-0000-0000-0000-000000000000;0.00000000;109;;;;f;f;f;f;f;f;f;f;f;0;0;f;0;9;0;0;0;0;0;;;Unité;f;;;;;2026-02-07 10:07:36.458029;FAHIM;309;;;;f;0.00000000;0.00000000;0;f;f;f;0;0;1;0.0000;0.0000;0.0000;0.0000;f;;f;0.0000;f;f;0;;;0.00000000;0;f;0.000000000000000;;;f;0.00000000;f;;;;f;;f;0.00000000;;;;;f;0
100;688c94d2-9177-42f3-b4d2-e4617a46f161;PCMC140;;;COMPTOIRE DE RECEPTION 140 AVEC CAISSON;;;0;3;;f;f;f;2;15;;1;;;;;;;;;;;;13500.00000000;0.00000000;0.00000000;0.00000000;0;0;0;0;0;0;0;0.00000000;0.00000000;0.00000000;0.00000000;f;f;f;00000000-0000-0000-0000-000000000000;0.00000000;77;;;;f;f;f;f;f;f;f;f;f;0;0;f;0;0;0;0;0;0;0;;;Unité;f;;;;;2026-02-07 10:07:36.865;FAHIM;291;;;;f;0.00000000;0.00000000;0;f;f;f;0;0;1;0.0000;0.0000;0.0000;0.0000;f;;f;0.0000;f;f;0;;;0.00000000;0;f;0.000000000000000;;;f;0.00000000;f;;;;f;;f;0.00000000;;;;;f;0
32;1a5dd9a4-4042-4ae6-9d07-62ad58587813;RAL9005;;;PEINTURE POUDRE EPOXY   NOIRE   GIVREE;;;0;1;;f;f;f;2;2;;1;;;;;;;;;;;;783.18020000;0.00000000;0.00000000;880.00000000;236.38;0;0;0;0;0;0;0.00000000;0.00000000;0.00000000;0.00000000;f;f;f;00000000-0000-0000-0000-000000000000;0.00000000;29;;;;f;f;f;f;f;f;f;f;f;0;0;t;0;1473.1699999999998;0;0;0;0;0;;;Unité;f;;;;;2026-02-07 10:07:37.481584;FAHIM;607;;;;f;0.00000000;0.00000000;0;f;f;f;0;0;1;0.0000;0.0000;0.0000;0.0000;f;;f;0.0000;f;f;0;;;0.00000000;0;f;0.000000000000000;;;f;0.00000000;f;;;;f;;f;0.00000000;;;;;f;0
701;876bb299-3f08-496d-a189-4402874ea288;000570;;;COMPACTON (VISCOSE) 150*200*6;;p_Lot is null;0;1;;f;f;f;;2;;;;;;;COMPACTON (VISCOSE) 150*200*6;;;;;;;4320.00000000;0.00000000;0.00000000;4320.00000000;0;0;0;0;0;0;;;;;;f;f;f;00000000-0000-0000-0000-000000000000;0.00000000;623;;;623;f;f;f;f;f;f;f;f;f;0;0;f;0;20;0;0;0;0;0;;;;f;;;2026-06-17 14:25:25.482196;FAHIM;;;73;;;;f;0.00000000;0.00000000;0;f;f;f;0;0;1;0.0000;0.0000;0.0000;0.0000;f;;f;0.0000;f;f;0;;;0.00000000;0;f;0.000000000000000;;;f;0.00000000;f;;;;f;;f;0.00000000;;;, ;"";f;0
736;195744c6-f0c9-4243-ad73-73b5fb62ac40;000600;;;TABLE BASSE ZAINE SONOMA 70*50*45;;p_Lot is null;0;1;;f;f;f;;10;;;;;;;TABLE BASSE ZAINE SONOMA 70*50*45;;;;;;;6460.00000000;0.00000000;0.00000000;6800.00000000;0;0;0;0;0;0;;;;;;f;f;f;00000000-0000-0000-0000-000000000000;0.00000000;658;;;658;f;f;f;f;f;f;f;f;f;0;0;f;0;0;0;0;0;0;0;;;;f;;;2026-07-19 16:08:06.971743;FAHIM;;;50;;;;f;0.00000000;0.00000000;0;f;f;f;0;0;1;0.0000;0.0000;0.0000;0.0000;f;;f;0.0000;f;f;0;;;0.00000000;0;f;0.000000000000000;;;f;0.00000000;f;;;;f;;f;0.00000000;;;, ;"";f;0
443;49f9b1e9-5f76-497c-9509-293b9a84197b;P35001;;;PIED METAL MAXI 4x2  M60;;;0;3;;f;f;f;2;13;;1;;;;;;;;;;;;1800.77000000;0.00000000;0.00000000;0.00000000;0;0;0;300;0;0;0;0.00000000;0.00000000;0.00000000;0.00000000;t;f;f;00000000-0000-0000-0000-000000000000;0.00000000;366;;;;f;f;f;f;f;f;f;f;f;0;0;f;0;0;0;0;0;0;0;;;Unité;f;;;;;2026-02-07 10:07:33.117608;FAHIM;291;;;;f;0.00000000;0.00000000;0;f;t;f;0;0;1;0.0000;0.0000;0.0000;0.0000;f;;f;0.0000;f;f;0;;;0.00000000;0;f;0.000000000000000;;;f;0.00000000;f;;;;f;;f;0.00000000;;;;;f;0
279;f40b2bd9-f068-4fc0-af55-d163feaaddae;P41R00;;M 60;PIED METAL Z ONE R;;;0;3;;f;f;f;2;13;;1;;;;;;;;;;;;2240.60350000;0.00000000;0.00000000;0.00000000;23;0;0;40;0;0;0;0.00000000;0.00000000;0.00000000;0.00000000;t;f;f;00000000-0000-0000-0000-000000000000;0.00000000;227;;;;f;f;f;f;f;f;f;f;f;0;0;f;0;0;0;0;0;0;0;;;Unité;f;;;;;2026-02-07 10:07:34.94647;FAHIM;316;;;;f;0.00000000;0.00000000;0;f;t;f;0;0;1;0.0000;0.0000;0.0000;0.0000;f;;f;0.0000;f;f;0;;;0.00000000;0;f;0.000000000000000;;;f;0.00000000;f;;;;f;;f;0.00000000;;;;;f;0
172;467104f7-9be9-4594-b05c-cda089aeb9fc;TL0572500;;;TOLE 057 1000 X 2500;;;0;1;;f;f;f;2;2;;1;;;;;;;;;;;;1730.00000000;0.00000000;0.00000000;1700.00000000;100;0;0;0;0;0;0;0.00000000;0.00000000;0.00000000;0.00000000;f;f;f;00000000-0000-0000-0000-000000000000;0.00000000;141;;;;f;f;f;f;f;f;f;f;f;0;0;f;0;0.25;0;0;0;0;0;;;Unité;f;;;;;2026-02-07 10:07:36.035242;FAHIM;302;;;;f;0.00000000;0.00000000;0;f;f;f;0;0;1;0.0000;0.0000;0.0000;0.0000;f;;f;0.0000;f;f;0;;;0.00000000;0;f;0.000000000000000;;;f;0.00000000;f;;;;f;;f;0.00000000;;;;;f;0
113;2431fe0a-7759-4577-b44e-58ffed9abd9a;BLM8100;;;"BOULON M8X100
";;;0;1;;f;f;f;2;2;;1;;;;;;;;;;;;25.00000000;0.00000000;0.00000000;100.00000000;772;0;0;0;0;0;0;0.00000000;0.00000000;0.00000000;0.00000000;f;f;f;00000000-0000-0000-0000-000000000000;0.00000000;89;;;;f;f;f;f;f;f;f;f;f;0;0;f;0;610;0;0;0;0;0;;;Unité;f;;;;;2026-02-07 10:07:36.71324;FAHIM;292;;;;f;0.00000000;0.00000000;0;f;f;f;0;0;1;0.0000;0.0000;0.0000;0.0000;f;;f;0.0000;f;f;0;;;0.00000000;0;f;0.000000000000000;;;f;0.00000000;f;;;;f;;f;0.00000000;;;;;f;0
170;9fae899e-cf76-44b8-a0dd-c20d5ce1a1c0;TL181020;;;TOLE 18 1000 X 2000;;;0;1;;f;f;f;1;2;;1;;;;;;;;;;;;3114.13290000;0.00000000;0.00000000;2352.94117647;47;0;0;0;0;0;0;0.00000000;0.00000000;0.00000000;0.00000000;f;f;f;00000000-0000-0000-0000-000000000000;0.00000000;139;;;;f;f;f;f;f;f;f;f;f;0;0;f;0;0.8;0;0;0;0;0;;;Unité;f;;;;;2026-02-07 10:07:36.060758;FAHIM;314;;;;f;0.00000000;0.00000000;0;f;f;f;0;0;1;0.0000;0.0000;0.0000;0.0000;f;;f;0.0000;f;f;0;;;0.00000000;0;f;0.000000000000000;;;f;0.00000000;f;;;;f;;f;0.00000000;;;;;f;0
792;bab3a01e-1bf8-46d3-b464-1725070ae259;CJ120TOLE 15;;110;CACHES JUPE P/PLAT 120 TOLE 15;;p_Lot is null;0;3;;f;f;f;;11;;1;;;;;CACHES JUPE P/PLAT 120 TOLE 15;;;;;;;1477.84930000;0.00000000;0.00000000;0.00000000;0;0;0;60;0;0;;;;;;t;f;f;00000000-0000-0000-0000-000000000000;0.00000000;714;;;;f;f;t;f;f;f;f;f;f;0;0;f;0;0;0;0;0;0;0;;;Unité;f;;;2026-09-03 14:17:29.958059;MASSY;2026-09-03 14:18:07.744944;MASSY;11;;;;f;0.00000000;0.00000000;0;f;t;f;0;0;1;0.0000;0.0000;0.0000;0.0000;f;;f;0.0000;f;f;0;;286;0.00000000;0;f;0.000000000000000;;;f;0.00000000;f;;;;f;;f;0.00000000;;;000323;"";f;0
356;2960d34e-5422-4ade-bb95-2a1bc467a8ad;M500M1;;;MERTE LUX 5 METRES ;;;0;3;;f;f;f;2;5;;;;;;;;;;;;;;475.00000000;0.00000000;0.00000000;500.00000000;5;0;0;0;0;0;0;0.00000000;0.00000000;0.00000000;0.00000000;f;f;f;00000000-0000-0000-0000-000000000000;0.00000000;292;;;;f;f;f;f;f;f;f;f;f;0;0;t;0;0;0;0;0;0;0;;;Unité;f;;;;;2026-02-07 10:07:34.101026;FAHIM;293;;;;f;0.00000000;0.00000000;0;f;f;f;0;0;;0.0000;0.0000;0.0000;0.0000;f;;f;0.0000;f;f;0;;;0.00000000;0;f;0.000000000000000;;;f;0.00000000;f;;;;f;;f;0.00000000;;;;;f;0
329;93398322-f92f-4aed-8bce-c1d55baa8989;IMP004;;;CHAISE IMPERIAL LUXE SKAI CHROMEE;;;0;3;;f;f;f;2;12;;1;;;;;;;;;;;;2387.56000000;0.00000000;0.00000000;0.00000000;42;0;0;2000;0;0;0;0.00000000;0.00000000;1900.00000000;2900.00000000;t;f;f;00000000-0000-0000-0000-000000000000;0.00000000;265;;;;f;f;f;f;f;f;f;f;f;0;0;f;0;0;0;0;0;0;0;;;Unité;f;;;;;2026-02-07 10:07:34.442117;FAHIM;300;;;;f;0.00000000;0.00000000;0;f;t;f;0;0;1;0.0000;0.0000;0.0000;0.0000;f;;f;0.0000;f;f;0;;;0.00000000;0;f;0.000000000000000;;;f;0.00000000;f;;;;f;;f;0.00000000;;;;;f;0
188;714a3364-3e26-47b2-b03b-eb20b3ecdd26;TL102010;;;TOLE 10 2000 X 1000 ;;;0;1;;f;f;f;2;2;;1;;;;;;;;;;;;1369.54780000;0.00000000;0.00000000;2600.00000000;0;0;0;0;0;0;0;0.00000000;0.00000000;0.00000000;0.00000000;f;f;f;00000000-0000-0000-0000-000000000000;0.00000000;157;;;;f;f;f;f;f;f;f;f;f;0;0;f;0;0;0;0;0;0;0;;;Unité;f;;;;;2026-02-07 10:07:35.83182;FAHIM;318;;;;f;0.00000000;0.00000000;0;f;f;f;0;0;1;0.0000;0.0000;0.0000;0.0000;f;;f;0.0000;f;f;0;;;0.00000000;0;f;0.000000000000000;;;f;0.00000000;f;;;;f;;f;0.00000000;;;;;f;0
448;57f886da-568b-4d01-b771-5c1fd7408832;SCHSCLR;;;SOCLE  CHAISE SCOLAIREL EPOXY VT;;;0;3;;f;f;f;2;1;4;1;;;;;fami ;;;;;;;811.14500000;0.00000000;0.00000000;0.00000000;0;0;0;2000;0;0;0;0.00000000;0.00000000;1900.00000000;2900.00000000;t;f;f;00000000-0000-0000-0000-000000000000;0.00000000;371;;;;f;f;f;f;f;f;f;f;f;0;0;f;0;2;0;0;0;0;0;;;Unité;f;;;;;2026-02-07 10:07:33.055579;FAHIM;326;;;;f;0.00000000;0.00000000;0;f;t;f;0;0;1;0.0000;0.0000;0.0000;0.0000;f;;f;0.0000;f;f;0;;;0.00000000;-568;f;0.000000000000000;;;f;0.00000000;f;;;;f;;f;0.00000000;;;;;f;0
755;758a20ed-1fbc-4984-a7c0-7c47a4043004;000618;;;TUBE CARRE 25 X 12;;p_Lot is null;0;1;;f;f;f;;2;;;;;;;TUBE CARRE 25 X 12;;;;;;;0.00000000;0.00000000;0.00000000;635.00000000;0;0;0;0;0;0;;;;;;f;f;f;00000000-0000-0000-0000-000000000000;0.00000000;677;;;677;f;f;f;f;f;f;f;f;f;0;0;f;0;0;0;0;0;0;0;;;;f;;;2026-08-06 11:31:14.115031;FAHIM;;;51;;;;f;0.00000000;0.00000000;0;f;f;f;0;0;1;0.0000;0.0000;0.0000;0.0000;f;;f;0.0000;f;f;0;;;0.00000000;0;f;0.000000000000000;;;f;0.00000000;f;;;;f;;f;0.00000000;;;, ;"";f;0
758;88eff698-133a-4524-b336-3339140d230f;000620;;;TUBE CARRE 30/15;;p_Lot is null;0;1;;f;f;f;;2;;;;;;;TUBE CARRE 30/15;;;;;;;;0.00000000;0.00000000;960.00000000;0;0;0;0;0;0;;;;;;f;f;f;00000000-0000-0000-0000-000000000000;0.00000000;680;;;680;f;f;f;f;f;f;f;f;f;0;0;f;0;0;0;0;0;0;0;;;;f;;;2026-08-16 11:24:59.580101;OULAID-B;;;27;;;;f;0.00000000;0.00000000;0;f;f;f;0;0;1;0.0000;0.0000;0.0000;0.0000;f;;f;0.0000;f;f;0;;;0.00000000;0;f;0.000000000000000;;;f;0.00000000;f;;;;f;;f;0.00000000;;;, ;"";f;0
638;52839b66-f796-4f65-978a-bc8ec88d2ad1;000509;;CH5013;CHAISE OPERATEUR 5013 ;;p_Lot is null;0;3;;f;f;t;;15;11;;;;;;CHAISE OPERATEUR 5013 ;;;;;;;10500.00000000;0.00000000;0.00000000;10500.00000000;0;0;0;0;0;0;;;;;;f;f;f;00000000-0000-0000-0000-000000000000;0.00000000;560;;;560;f;f;t;f;f;f;f;f;f;0;0;f;0;0;0;0;0;0;0;;;;f;;;2026-04-20 15:57:10.907315;MASSY;;;118;;;;f;0.00000000;0.00000000;0;f;f;f;0;0;1;0.0000;0.0000;0.0000;0.0000;f;;f;0.0000;f;f;0;;;0.00000000;0;f;0.000000000000000;;;f;0.00000000;f;;;;f;;f;0.00000000;;;, ;"";f;0
416;b14a021a-240b-4b35-9af2-bca04bb56770;TL5090180;;;TABLE DE LECTURE 50 X 50  90 X 180;;;0;3;;f;f;f;2;13;;;;;;;;;;;;;;3252.59000000;0.00000000;0.00000000;0.00000000;0;0;0;0;0;0;0;0.00000000;0.00000000;0.00000000;0.00000000;t;f;f;00000000-0000-0000-0000-000000000000;0.00000000;341;;;;f;f;f;f;f;f;f;f;f;0;0;f;0;5;0;0;0;0;0;;;Unité;f;;;;;2026-02-07 10:07:33.454352;FAHIM;296;;;;f;0.00000000;0.00000000;0;f;t;f;0;0;;0.0000;0.0000;0.0000;0.0000;f;;f;0.0000;f;f;0;;;0.00000000;0;f;0.000000000000000;;;f;0.00000000;f;;;;f;;f;0.00000000;;;;;f;0
692;ff9052f6-7d47-40e1-b59f-604adba2771e;000561;;;RECHANGE POMPE;;;0;1;;f;f;f;;5;;;;;;;RECHANGE POMPE;;;;;;;2500.00000000;0.00000000;0.00000000;2500.00000000;0;0;0;0;0;0;;;;;;f;f;f;00000000-0000-0000-0000-000000000000;0.00000000;614;;;614;f;f;f;f;f;f;f;f;f;0;0;f;0;1;0;0;0;0;0;;;;f;;;2026-06-14 10:43:01.348674;FAHIM;;;73;;;;f;0.00000000;0.00000000;0;f;f;f;0;0;1;0.0000;0.0000;0.0000;0.0000;f;;f;0.0000;f;f;0;;;0.00000000;0;f;0.000000000000000;;;f;0.00000000;f;;;;f;;f;0.00000000;;;, ;"";f;0
427;75ba26df-fbc0-4c23-adb1-dd9c15d44ad4;PLTRDMLM150;;; PLATAUX ROND  MILAMINE 150;;;0;3;;f;f;f;;15;;;;;;;;;;;;;;7192.23000000;0.00000000;0.00000000;6950.00000000;6;0;0;0;0;0;0;0.00000000;0.00000000;0.00000000;0.00000000;t;f;f;00000000-0000-0000-0000-000000000000;0.00000000;351;;;;f;f;f;f;f;f;f;f;f;0;0;f;0;0;0;0;0;0;0;;;Unité;f;;;;;2026-02-07 10:07:33.332137;FAHIM;291;;;;f;0.00000000;0.00000000;0;f;f;f;0;0;;0.0000;0.0000;0.0000;0.0000;f;;f;0.0000;f;f;0;;;0.00000000;0;f;0.000000000000000;;;f;0.00000000;f;;;;f;;f;0.00000000;;;;;f;0
739;4e9ef9de-7f49-4015-b707-4b4f82473843;000603;;;CONFECTION PIECE EP 6MM;;p_Lot is null;0;1;;f;f;f;;16;;;;;;;CONFECTION PIECE EP 6MM;;;;;;;466.66670000;0.00000000;0.00000000;450.00000000;0;0;0;0;0;0;;;;;;f;f;f;00000000-0000-0000-0000-000000000000;0.00000000;661;;;661;f;f;f;f;f;f;f;f;f;0;0;f;0;12;0;0;0;0;0;;;;f;;;2026-07-21 15:45:29.418293;FAHIM;;;64;;;;f;0.00000000;0.00000000;0;f;f;f;0;0;1;0.0000;0.0000;0.0000;0.0000;f;;f;0.0000;f;f;0;;;0.00000000;0;f;0.000000000000000;;;f;0.00000000;f;;;;f;;f;0.00000000;;;, ;"";f;0
646;85221590-11de-47bc-96a8-ed0c0d32c2b0;000517;;;TRIPLETTE R 60;;p_Lot is null;0;3;;f;f;f;;14;11;;;;;;TRIPLETTE R 60;;;;;;;25000.00000000;0.00000000;0.00000000;25000.00000000;0;0;0;0;0;0;;;;;;f;f;f;00000000-0000-0000-0000-000000000000;0.00000000;568;;;568;f;f;f;f;f;f;f;f;f;0;0;f;0;1;0;0;0;0;0;;;;f;;;2026-04-29 12:22:20.027591;FAHIM;;;111;;;;f;0.00000000;0.00000000;0;f;f;f;0;0;1;0.0000;0.0000;0.0000;0.0000;f;;f;0.0000;f;f;0;;;0.00000000;0;f;0.000000000000000;;;f;0.00000000;f;;;;f;;f;0.00000000;;;, ;"";f;0
725;776cfd40-b45b-404d-8c84-09eb9ffeba57;000592;;;BOULON 8*40;;p_Lot is null;0;1;;f;f;f;;5;;;;;;;BOULON 8*40;;;;;;;10.70750000;0.00000000;0.00000000;11.82000000;0;0;0;0;0;0;;;;;;f;f;f;00000000-0000-0000-0000-000000000000;0.00000000;647;;;647;f;f;f;f;f;f;f;f;f;0;0;f;0;479;0;0;0;0;0;;;;f;;;2026-07-13 11:29:12.39549;FAHIM;;;74;;;;f;0.00000000;0.00000000;0;f;f;f;0;0;1;0.0000;0.0000;0.0000;0.0000;f;;f;0.0000;f;f;0;;;0.00000000;0;f;0.000000000000000;;;f;0.00000000;f;;;;f;;f;0.00000000;;;, ;"";f;0
195;1e310bd6-4895-4ea2-9d3f-07098fdac456;TBR2510;;;"TUBE ROND 25 X 12
";;;0;1;;f;f;f;1;2;9;1;;;;;;;;;;;;532.82610000;0.00000000;0.00000000;520.00000000;236;0;0;0;0;0;0;0.00000000;0.00000000;0.00000000;0.00000000;f;f;f;00000000-0000-0000-0000-000000000000;0.00000000;164;;;;f;f;f;f;f;f;f;f;f;0;0;f;0;661;0;0;0;0;0;;;Unité;f;;;;;2026-02-07 10:07:35.745385;FAHIM;308;;;;f;0.00000000;0.00000000;0;f;f;f;0;0;1;0.0000;0.0000;0.0000;0.0000;f;;f;0.0000;f;f;0;;;0.00000000;0;f;0.000000000000000;;;f;0.00000000;f;;;;f;;f;0.00000000;;;;;f;0
129;a710eb01-7b31-48c0-bcd4-c0417433a0ad;KTR001;;;KITEUR;;;0;1;;f;f;f;2;2;;1;;;;;KITEUR;;;;;;;130.00000000;0.00000000;0.00000000;130.00000000;0;0;0;0;0;0;0;0.00000000;0.00000000;0.00000000;0.00000000;f;f;f;00000000-0000-0000-0000-000000000000;0.00000000;105;;;;f;f;f;f;f;f;f;f;f;0;0;f;0;12;0;0;0;0;0;;;Unité;f;;;;;2026-07-13 10:53:23.751948;FAHIM;297;;;;f;0.00000000;0.00000000;0;f;f;f;0;0;1;0.0000;0.0000;0.0000;0.0000;f;;f;0.0000;f;f;0;;;0.00000000;0;f;0.000000000000000;;;f;0.00000000;f;;;;f;;f;0.00000000;;;129;"";f;0
744;b7a41b6b-5139-4656-8041-57f43b09e752;000608;;;"BOULON POUR FOURCHE
";;p_Lot is null;0;1;;f;f;f;;5;;;;;;;"BOULON POUR FOURCHE
";;;;;;;250.00000000;0.00000000;0.00000000;250.00000000;0;0;0;0;0;0;;;;;;f;f;f;00000000-0000-0000-0000-000000000000;0.00000000;666;;;666;f;f;f;f;f;f;f;f;f;0;0;f;0;20;0;0;0;0;0;;;;f;;;2026-07-29 08:41:51.840338;FAHIM;;;38;;;;f;0.00000000;0.00000000;0;f;f;f;0;0;1;0.0000;0.0000;0.0000;0.0000;f;;f;0.0000;f;f;0;;;0.00000000;0;f;0.000000000000000;;;f;0.00000000;f;;;;f;;f;0.00000000;;;, ;"";f;0
8;95204a1b-3303-44b2-ab8d-fcd90aa4f6c6;BECO1600;;;BUREAU 160 X 70 X 75 PIETMENT METAL ECO  FP 32 MM;;;0;1;;f;f;f;2;15;;1;;;;;;;;;;;;0.00000000;0.00000000;0.00000000;100.00000000;0;0;0;0;0;0;0;0.00000000;0.00000000;0.00000000;0.00000000;f;f;f;00000000-0000-0000-0000-000000000000;0.00000000;9;;;;f;f;f;f;f;f;f;f;f;0;0;f;0;0;0;0;0;0;0;;;Unité;f;;;;;2026-02-07 10:07:37.734615;FAHIM;291;;;;f;0.00000000;0.00000000;0;f;f;f;0;0;1;0.0000;0.0000;0.0000;0.0000;f;;f;0.0000;f;f;0;;;0.00000000;0;f;0.000000000000000;;;f;0.00000000;f;;;;f;;f;0.00000000;;;;;f;0
370;3cf85243-6572-4ae5-a0e1-5415bb735fb8;CJP CRV;;144;CACHE JUPE 144 BUR CURVED;;;0;3;;f;f;f;2;11;;;;;;;;;;;;;;756.30000000;0.00000000;0.00000000;0.00000000;0;0;0;0;0;0;0;0.00000000;0.00000000;0.00000000;0.00000000;f;f;f;00000000-0000-0000-0000-000000000000;0.00000000;301;;;;f;f;t;f;f;f;f;f;f;0;0;t;0;0;0;0;0;0;0;;;Unité;f;;;;;2026-02-07 10:07:33.959282;FAHIM;300;;;;f;0.00000000;0.00000000;0;f;f;f;0;0;;0.0000;0.0000;0.0000;0.0000;f;;f;0.0000;f;f;0;;;0.00000000;0;f;0.000000000000000;;;f;0.00000000;f;;;;f;;f;0.00000000;;;370;"";f;0
377;e247c4b1-57ed-48b0-9058-cfd6cdfb1f7e;KIT006;;; KIT CHAISE IMPERIAL  REMBOURET  SKAI;;;0;3;;f;f;f;2;7;4;1;;;;;;;;;;;;860.66000000;0.00000000;0.00000000;0.00000000;59;0;0;2000;0;0;0;0.00000000;0.00000000;1900.00000000;2900.00000000;t;f;f;00000000-0000-0000-0000-000000000000;0.00000000;307;;;;f;f;f;f;f;f;f;f;f;0;0;t;0;30;0;0;0;0;0;;;Unité;f;;;;;2026-02-07 10:07:33.88347;FAHIM;342;;;;f;0.00000000;0.00000000;0;f;t;f;0;0;1;0.0000;0.0000;0.0000;0.0000;f;;f;0.0000;f;f;0;;;0.00000000;0;f;0.000000000000000;;;f;0.00000000;f;;;;f;;f;0.00000000;;;;;f;0
68;7cb89784-11b8-43ff-ae44-baf617e4f7db;P40000;;;PIED METAL MEGA Z;;;0;3;;f;f;f;2;13;;1;;;;;;;;;;;;2025.94080000;0.00000000;0.00000000;0.00000000;33;0;0;40;0;0;0;0.00000000;0.00000000;0.00000000;0.00000000;t;f;f;00000000-0000-0000-0000-000000000000;0.00000000;56;;;;f;f;f;f;f;f;f;f;f;0;0;f;0;43;0;0;0;0;0;;;Unité;f;;;;;2026-02-07 10:07:37.150034;FAHIM;591;;;;f;0.00000000;0.00000000;0;f;t;f;0;0;1;0.0000;0.0000;0.0000;0.0000;f;;f;0.0000;f;f;0;;;0.00000000;-201;f;0.000000000000000;;;f;0.00000000;f;;;;f;;f;0.00000000;;;;;f;0
55;f105218a-0fef-4f94-80b0-a2baf44250a9;CJPG160;;;CACHE JUPE GAMER   160;;;0;3;;f;f;f;2;11;;1;;;;;;;;;;;;465.03850000;0.00000000;0.00000000;0.00000000;8;0;0;20;0;0;0;0.00000000;0.00000000;0.00000000;0.00000000;t;f;f;00000000-0000-0000-0000-000000000000;0.00000000;47;;;;f;f;f;f;f;f;f;f;f;0;0;f;0;48;0;0;0;0;0;;;Unité;f;;;;;2026-02-07 10:07:37.260695;FAHIM;337;;;;f;0.00000000;0.00000000;0;f;t;f;0;0;1;0.0000;0.0000;0.0000;0.0000;f;;f;0.0000;f;f;0;;;0.00000000;0;f;0.000000000000000;;;f;0.00000000;f;;;;f;;f;0.00000000;;;;;f;0
374;f9eb4c21-e3c0-455b-aca4-39459691aae6;RNFZ140;;;"RENFORT MEGA Z 140
";;;0;3;;f;f;f;2;14;;;;;;;;;;;;;;224.46900000;0.00000000;0.00000000;0.00000000;18;0;0;0;0;0;0;0.00000000;0.00000000;0.00000000;0.00000000;t;f;f;00000000-0000-0000-0000-000000000000;0.00000000;304;;;;f;f;f;f;f;f;f;f;f;0;0;t;0;187;0;0;0;0;0;;;Unité;f;;;;;2026-02-07 10:07:33.921055;FAHIM;411;;;;f;0.00000000;0.00000000;0;f;t;f;0;0;;0.0000;0.0000;0.0000;0.0000;f;;f;0.0000;f;f;0;;;0.00000000;-55;f;0.000000000000000;;;f;0.00000000;f;;;;f;;f;0.00000000;;;;;f;0
652;24b268c8-d796-4732-9299-35b33706aa61;000523;;;MOUSSE 1.5 CM (D20);;p_Lot is null;0;1;;f;f;f;;2;7;;;;;;MOUSSE 1.5 CM (D20);;;;;;;355.41710000;0.00000000;0.00000000;432.18000000;0;0;0;0;0;0;;;;;;f;f;f;00000000-0000-0000-0000-000000000000;0.00000000;574;;;574;f;f;f;f;f;f;f;f;f;0;0;f;0;398;0;0;0;0;0;;;;f;;;2026-05-07 08:27:39.863438;FAHIM;;;118;;;;f;0.00000000;0.00000000;0;f;f;f;0;0;1;0.0000;0.0000;0.0000;0.0000;f;;f;0.0000;f;f;0;;;0.00000000;0;f;0.000000000000000;;;f;0.00000000;f;;;;f;;f;0.00000000;;;, ;"";f;0
535;65beec2b-2843-4bcf-be12-d684b8984e97;STBIS110;;;STRUCTURE TABLE BISTROT HAUTEUR 110;;p_Lot is null;0;3;;f;f;f;;14;;;;;;;STRUCTURE TABLE BISTROT HAUTEUR 110;;;;;;;0.00000000;0.00000000;0.00000000;0.00000000;0;0;0;0;0;0;;;;;;t;f;f;00000000-0000-0000-0000-000000000000;0.00000000;457;;;457;f;f;f;f;f;t;f;f;f;0;0;f;0;0;0;0;0;0;0;;;;f;;;2025-12-03 16:29:05.676259;admin;2026-02-07 10:07:32.016259;FAHIM;238;;;;f;0.00000000;0.00000000;0;f;t;f;0;0;1;0.0000;0.0000;0.0000;0.0000;f;;f;0.0000;f;f;0;;;0.00000000;0;f;0.000000000000000;;;f;0.00000000;f;;;;f;;f;0.00000000;;;, ;"";f;0
244;a52bb6d7-e3f0-4980-9a28-814f350b88b4;CJPZ140;;129.5;CACHE JUPE MEGA Z / Z ONE 140;;;0;3;;f;f;f;2;13;;1;;;;;;;;;;;;599.18300000;0.00000000;0.00000000;0.00000000;9;0;0;60;0;0;0;0.00000000;0.00000000;0.00000000;0.00000000;t;f;f;00000000-0000-0000-0000-000000000000;0.00000000;202;;;;f;f;f;f;f;f;f;f;f;0;0;f;0;160;0;0;0;0;0;;;Unité;f;;;;;2026-02-07 10:07:35.260154;FAHIM;408;;;;f;0.00000000;0.00000000;0;f;t;f;0;0;1;0.0000;0.0000;0.0000;0.0000;f;;f;0.0000;f;f;0;;244;0.00000000;-12;f;0.000000000000000;;;f;0.00000000;f;;;;f;;f;0.00000000;;;244;"";f;0
565;83b8f271-b22d-4d15-94ae-a964aa2ae9b8;ML6500;;;MEULLEUSE ;;p_Lot is null;0;3;;f;f;f;;5;5;;;;;;MEULLEUSE ;;;;;;;5335.50420000;0.00000000;0.00000000;5500.00000000;0;0;0;0;0;0;;;;;;f;f;f;00000000-0000-0000-0000-000000000000;0.00000000;487;;;487;f;f;f;f;f;f;f;t;f;0;0;t;0;8;0;0;0;0;0;;;;f;;;2026-02-05 10:58:32.627907;FAHIM;2026-02-07 10:07:31.594895;FAHIM;189;;;;f;0.00000000;0.00000000;0;f;f;f;0;0;1;0.0000;0.0000;0.0000;0.0000;f;;f;0.0000;f;f;0;;;0.00000000;0;f;0.000000000000000;;;f;0.00000000;f;;;;f;;f;0.00000000;;;, ;"";f;0
470;a36ee984-07f2-4224-910b-acd8e85ebef1;EMBR25;;;EMBOUT RONDS INTERIEURS 25;;;0;1;;f;f;f;2;2;2;;;;;;;;;;;;;2.94120000;0.00000000;0.00000000;2.94117647;5000;0;0;0;0;0;0;0.00000000;0.00000000;0.00000000;0.00000000;f;f;f;00000000-0000-0000-0000-000000000000;0.00000000;392;;;;f;f;f;f;f;f;f;f;f;0;0;t;0;0;0;0;0;0;0;;;Unité;f;;;;;2026-02-07 10:07:32.754874;FAHIM;330;;;;f;0.00000000;0.00000000;0;f;f;f;0;0;;0.0000;0.0000;0.0000;0.0000;f;;f;0.0000;f;f;0;;;0.00000000;0;f;0.000000000000000;;;f;0.00000000;f;;;;f;;f;0.00000000;;;;;f;0
542;2f8fa3eb-72f9-44c3-9eb9-6a455e0ace85;S228;;;METALLIC GOLD S228 PE GLOSSY;;p_Lot is null;0;1;;f;f;f;;8;3;;;;;;METALLIC GOLD S228 PE GLOSSY;;;;;;;2200.00000000;0.00000000;0.00000000;2200.00000000;0;0;0;0;0;0;;;;;;f;f;f;00000000-0000-0000-0000-000000000000;0.00000000;464;;;464;f;f;f;f;f;f;f;f;f;0;0;t;0;0;0;0;0;0;0;;;;f;;;2025-12-10 08:22:37.911377;admin;2026-02-07 10:07:31.922514;FAHIM;236;;;;f;0.00000000;0.00000000;0;f;f;f;0;0;1;0.0000;0.0000;0.0000;0.0000;f;;f;0.0000;f;f;0;;;0.00000000;0;f;0.000000000000000;;;f;0.00000000;f;;;;f;;f;0.00000000;;;, ;"";f;0
685;3fe93914-48b9-4e2f-932b-e570882c13b1;000554;;;CHAISE OPERATEUR BARI (6032A);;;0;1;;f;f;f;;10;;;;;;;CHAISE OPERATEUR BARI (6032A);;;;;;;18500.00000000;0.00000000;0.00000000;18500.00000000;0;0;0;0;0;0;;;;;;f;f;f;00000000-0000-0000-0000-000000000000;0.00000000;607;;;607;f;f;f;f;f;f;f;f;f;0;0;f;0;0;0;0;0;0;0;;;;f;;;2026-06-07 15:49:26.705931;FAHIM;;;84;;;;f;0.00000000;0.00000000;0;f;f;f;0;0;1;0.0000;0.0000;0.0000;0.0000;f;;f;0.0000;f;f;0;;;0.00000000;0;f;0.000000000000000;;;f;0.00000000;f;;;;f;;f;0.00000000;;;, ;"";f;0
795;8f0c2908-40b9-44a3-8540-0963d5b7980c;000656;;;PLATEAU 100 X 80 MDF;;;0;1;;f;f;f;;17;;;;;;;PLATEAU 100 X 80 MDF;;;;;;;3200.00000000;0.00000000;0.00000000;3200.00000000;0;0;0;0;0;0;;;;;;f;f;f;00000000-0000-0000-0000-000000000000;0.00000000;717;;;717;f;f;f;f;f;f;f;f;f;0;0;f;0;0;0;0;0;0;0;;;;f;;;2026-09-03 14:41:12.907434;FAHIM;;;10;;;;f;0.00000000;0.00000000;0;f;f;f;0;0;1;0.0000;0.0000;0.0000;0.0000;f;;f;0.0000;f;f;0;;;0.00000000;0;f;0.000000000000000;;;f;0.00000000;f;;;;f;;f;0.00000000;;;, ;"";f;0
363;d1c6cc92-4971-4db7-bdc7-004a6c0e6c13;TL6040180X80;;;TABLE DE LECTURE 60X40 180X80;;;0;3;;f;f;f;2;10;;;;;;;;;;;;;;2483.64000000;0.00000000;0.00000000;0.00000000;0;0;0;0;0;0;0;0.00000000;0.00000000;0.00000000;0.00000000;t;f;f;00000000-0000-0000-0000-000000000000;0.00000000;297;;;;f;f;f;f;f;f;f;f;f;0;0;t;0;0;0;0;0;0;0;;;Unité;f;;;;;2026-02-07 10:07:34.008367;FAHIM;291;;;;f;0.00000000;0.00000000;0;f;t;f;0;0;;0.0000;0.0000;0.0000;0.0000;f;;f;0.0000;f;f;0;;;0.00000000;0;f;0.000000000000000;;;f;0.00000000;f;;;;f;;f;0.00000000;;;;;f;0
632;afe0f165-8694-46cd-8619-835c99836295;000503;;;STRUCTURE METALIQUE POUR BUREAU 1M60;;p_Lot is null;0;3;;f;f;f;;14;11;;;;;;STRUCTURE METALIQUE POUR BUREAU 1M60;;;;;;;0.00000000;0.00000000;0.00000000;0.00000000;0;0;0;0;0;0;;;;;;f;f;f;00000000-0000-0000-0000-000000000000;0.00000000;554;;;554;f;f;f;f;f;f;f;f;f;0;0;f;0;0;0;0;0;0;0;;;;f;;;2026-04-07 12:46:27.186321;OULAID-B;;;125;;;;f;0.00000000;0.00000000;0;f;f;f;0;0;1;0.0000;0.0000;0.0000;0.0000;f;;f;0.0000;f;f;0;;;0.00000000;-20;f;0.000000000000000;;;f;0.00000000;f;;;;f;;f;0.00000000;;;, ;"";f;0
529;f643a1f1-81d7-49f9-be5c-79dc4859d299;DG20;;;DOUBLETTE G 20;;;0;1;;f;f;f;;12;;;;;;;DOUBLETTE G 20;;;;;;;2351.16000000;0.00000000;0.00000000;0.00000000;0;10;15;50;45;0;;;;;;t;f;f;00000000-0000-0000-0000-000000000000;0.00000000;451;;;451;f;f;f;f;f;f;f;f;f;0;0;f;0;0;0;0;0;0;0;;;;f;;;2025-12-02 10:42:23.741626;LINA;2026-02-07 10:07:32.102051;FAHIM;265;;;;f;0.00000000;0.00000000;0;f;t;f;0;0;1;0.0000;0.0000;0.0000;0.0000;f;;f;0.0000;f;f;0;;;0.00000000;0;f;0.000000000000000;;;f;0.00000000;f;;;;f;;f;0.00000000;;;000060;"";f;0
728;eafcda37-1d5a-4961-9e56-27c01db3a26a;RATR240;;;RENFORT ATLAS POUR TR 240;;p_Lot is null;0;3;;f;f;t;;10;;;;;;;RENFORT ATLAS POUR TR 240;;;;;;;0.00000000;0.00000000;0.00000000;0.00000000;0;0;0;0;0;0;;;;;;t;f;f;00000000-0000-0000-0000-000000000000;0.00000000;650;;;650;f;f;t;f;f;f;f;f;f;0;0;f;0;0;0;0;0;0;0;;;;f;;;2026-07-15 14:51:22.074387;FAHIM;2026-07-26 10:48:05.100367;MASSY;47;;;;f;0.00000000;0.00000000;0;f;t;f;0;0;1;0.0000;0.0000;0.0000;0.0000;f;;f;0.0000;f;f;0;;;0.00000000;0;f;0.000000000000000;;;f;0.00000000;f;;;;f;;f;0.00000000;;;000259;"";f;0
38;31993afe-ce67-4b82-b003-1eb3757ccf54;TABSUP0001;;;SUPPORT TABLE BASSE;;;0;1;;f;f;f;2;2;;1;;;;;;;;;;;;0.00000000;0.00000000;0.00000000;100.00000000;0;0;0;0;0;0;0;0.00000000;0.00000000;0.00000000;0.00000000;f;f;f;00000000-0000-0000-0000-000000000000;0.00000000;34;;;;f;f;f;f;f;f;f;f;f;0;0;f;0;0;0;0;0;0;0;;;Unité;f;;;;;2026-02-07 10:07:37.420172;FAHIM;291;;;;f;0.00000000;0.00000000;0;f;f;f;0;0;1;0.0000;0.0000;0.0000;0.0000;f;;f;0.0000;f;f;0;;;0.00000000;0;f;0.000000000000000;;;f;0.00000000;f;;;;f;;f;0.00000000;;;;;f;0
128;4a60f47b-3cb3-4598-b8f6-11168f5cea74;MAN001;;;MANO;;;0;1;;f;f;f;2;2;;1;;;;;;;;;;;;8800.00000000;0.00000000;0.00000000;8800.00000000;0;0;0;0;0;0;0;0.00000000;0.00000000;0.00000000;0.00000000;f;f;f;00000000-0000-0000-0000-000000000000;0.00000000;104;;;;f;f;f;f;f;f;f;f;f;0;0;f;0;1;0;0;0;0;0;;;Unité;f;;;;;2026-02-07 10:07:36.521743;FAHIM;294;;;;f;0.00000000;0.00000000;0;f;f;f;0;0;1;0.0000;0.0000;0.0000;0.0000;f;;f;0.0000;f;f;0;;;0.00000000;0;f;0.000000000000000;;;f;0.00000000;f;;;;f;;f;0.00000000;;;;;f;0
456;791f3ee8-d341-4ff1-81c3-8d3f53825783;STRTSHB;;; STRUCTURE METALIQUE TABLE SCOLAIRE HB;;;0;1;;f;f;f;2;14;;1;;;;;;;;;;;;1467.34000000;0.00000000;0.00000000;100.00000000;0;0;0;0;0;0;0;0.00000000;0.00000000;0.00000000;0.00000000;t;f;f;00000000-0000-0000-0000-000000000000;0.00000000;379;;;;f;f;f;f;f;f;f;f;f;0;0;f;0;0;0;0;0;0;0;;;Unité;f;;;;;2026-02-07 10:07:32.919363;FAHIM;291;;;;f;0.00000000;0.00000000;0;f;t;f;0;0;1;0.0000;0.0000;0.0000;0.0000;f;;f;0.0000;f;f;0;;;0.00000000;0;f;0.000000000000000;;;f;0.00000000;f;;;;f;;f;0.00000000;;;;;f;0
300;72023c42-92fc-432c-bd3c-f324f6f998ed;MCHM160;;;MECHE M 16;;;0;1;;f;f;f;2;2;;1;;;;;;;;;;;;1890.21610000;0.00000000;0.00000000;3000.00000000;4;0;0;0;0;0;0;0.00000000;0.00000000;0.00000000;0.00000000;f;f;f;00000000-0000-0000-0000-000000000000;0.00000000;241;;;;f;f;f;f;f;f;f;f;f;0;0;f;0;18;0;0;0;0;0;;;Unité;f;;;;;2026-02-07 10:07:34.768922;FAHIM;308;;;;f;0.00000000;0.00000000;0;f;f;f;0;0;1;0.0000;0.0000;0.0000;0.0000;f;;f;0.0000;f;f;0;;;0.00000000;0;f;0.000000000000000;;;f;0.00000000;f;;;;f;;f;0.00000000;;;;;f;0
353;00639bc6-34a8-40db-9cc9-9a93bfaad824;IMP0008;;;CHAISE VISITEURE G 23;;;0;3;;f;f;f;2;12;;;;;;;;;;;;;;5200.00000000;0.00000000;0.00000000;5200.00000000;0;0;0;0;0;0;0;0.00000000;0.00000000;0.00000000;0.00000000;f;f;f;00000000-0000-0000-0000-000000000000;0.00000000;289;;;;f;f;f;f;f;f;f;f;f;0;0;f;0;0;0;0;0;0;0;;;Unité;f;;;;;2026-02-07 10:07:34.137364;FAHIM;316;;;;f;0.00000000;0.00000000;0;f;f;f;0;0;;0.0000;0.0000;0.0000;0.0000;f;;f;0.0000;f;f;0;;;0.00000000;-58;f;0.000000000000000;;;f;0.00000000;f;;;;f;;f;0.00000000;;;;;f;0
722;1d20b827-a5dd-4ced-a068-655e22de70b3;000590;;;"CHAISE LUGE B 6001
";;p_Lot is null;0;3;;f;f;f;;10;;;;;;;"CHAISE LUGE B 6001
";;;;;;;15000.00000000;0.00000000;0.00000000;15000.00000000;0;0;0;0;0;0;;;;;;f;f;f;00000000-0000-0000-0000-000000000000;0.00000000;644;;;644;f;f;f;f;f;f;f;f;f;0;0;f;0;0;0;0;0;0;0;;;;f;;;2026-07-09 14:43:11.543211;FAHIM;;;88;;;;f;0.00000000;0.00000000;0;f;f;f;0;0;1;0.0000;0.0000;0.0000;0.0000;f;;f;0.0000;f;f;0;;;0.00000000;-9;f;0.000000000000000;;;f;0.00000000;f;;;;f;;f;0.00000000;;;, ;"";f;0
216;2c851a24-494a-4b96-85a4-9f336c49c083;TB503015;;;TUBE RECTANGLE 50 X 30 X 15 ;;;0;1;;f;f;f;2;2;9;1;;;;;TUBE RECTANGLE 50 X 30 X 15 ;;;;;;;0.00000000;0.00000000;0.00000000;850.00000000;0;0;0;0;0;0;0;0.00000000;0.00000000;0.00000000;0.00000000;f;f;f;00000000-0000-0000-0000-000000000000;0.00000000;185;;;;f;f;f;f;f;f;f;f;f;0;0;f;0;0;0;0;0;0;0;;;Unité;f;;;;;2026-02-07 10:07:35.450981;FAHIM;303;;;;f;0.00000000;0.00000000;0;f;f;f;0;0;1;0.0000;0.0000;0.0000;0.0000;f;;f;0.0000;f;f;0;;;0.00000000;0;f;0.000000000000000;;;f;0.00000000;f;;;;f;;f;0.00000000;;;216;"";f;0
202;71edb369-a84b-4bfb-8654-9141e462f013;TB 503010;;;TUBE 50 X 30 X 10;;;0;1;;f;f;f;1;2;9;1;;;;;;;;;;;;776.59150000;0.00000000;0.00000000;850.00000000;411.7;0;0;0;0;0;0;0.00000000;0.00000000;0.00000000;0.00000000;f;f;f;00000000-0000-0000-0000-000000000000;0.00000000;171;;;;f;f;f;f;f;f;f;f;f;0;0;f;0;1161.6;0;0;0;0;0;;;Unité;f;;;;;2026-02-07 10:07:35.657604;FAHIM;407;;;;f;0.00000000;0.00000000;0;f;f;f;0;0;1;0.0000;0.0000;0.0000;0.0000;f;;f;0.0000;f;f;0;;;0.00000000;0;f;0.000000000000000;;;f;0.00000000;f;;;;f;;f;0.00000000;;;;;f;0
707;3dd440d3-3ac9-4181-b90c-cd931c6d9ff1;000576;;;SAC EMBALAGE 55 * 55 sans impression;;;0;3;;f;f;f;;2;;;;;;;SAC EMBALAGE 55 * 55 sans impression;;;;;;;3.68910000;0.00000000;0.00000000;3.68907563;0;0;0;0;0;0;;;;;;f;f;f;00000000-0000-0000-0000-000000000000;0.00000000;629;;;629;f;f;f;f;f;f;f;f;f;0;0;f;0;23590;0;0;0;0;0;;;;f;;;2026-06-29 08:46:27.759144;FAHIM;;;76;;;;f;0.00000000;0.00000000;0;f;f;f;0;0;1;0.0000;0.0000;0.0000;0.0000;f;;f;0.0000;f;f;0;;;0.00000000;0;f;0.000000000000000;;;f;0.00000000;f;;;;f;;f;0.00000000;;;, ;"";f;0
305;274dfcd1-a33b-4e7e-801b-db7de3cc10b0;TL0571125;;; TOLE 057 1250 X 1000;;;0;1;;f;f;f;2;2;;1;;;;;;;;;;;;748.27690000;0.00000000;0.00000000;752.10084034;333.5;0;0;0;0;0;0;0.00000000;0.00000000;0.00000000;0.00000000;f;f;f;00000000-0000-0000-0000-000000000000;0.00000000;246;;;;f;f;f;f;f;f;f;f;f;0;0;f;0;317;0;0;0;0;0;;;Unité;f;;;;;2026-02-07 10:07:34.682882;FAHIM;342;;;;f;0.00000000;0.00000000;0;f;f;f;0;0;1;0.0000;0.0000;0.0000;0.0000;f;;f;0.0000;f;f;0;;;0.00000000;0;f;0.000000000000000;;;f;0.00000000;f;;;;f;;f;0.00000000;;;;;f;0
80;0435c20b-e3d5-4d4e-ac27-4f4b96ae1d1f;P35403;;;BUREAU PIED METAL AVEC TROIS TIROIRS FIXE;;;0;3;;f;f;f;2;13;;1;;;;;BUREAU PIED METAL AVEC TROIS TIROIRS FIXE;;;;;;;1.00000000;0.00000000;0.00000000;0.00000000;0;0;0;0;0;0;0;0.00000000;0.00000000;0.00000000;0.00000000;f;f;f;00000000-0000-0000-0000-000000000000;0.00000000;64;;;;f;f;f;f;f;f;f;f;f;0;0;f;0;0;0;0;0;0;0;;;Unité;f;;;;;2026-02-07 13:19:46.919549;MASSY;292;;;;f;0.00000000;0.00000000;0;f;f;f;0;0;1;0.0000;0.0000;0.0000;0.0000;f;;f;0.0000;f;f;0;;;0.00000000;0;f;0.000000000000000;;;f;0.00000000;f;;;;f;;f;0.00000000;;;80;"";f;0
551;04ea380f-8932-43f2-958c-9248eb4e9213;PLT120;;;PLATEAU POUR BUREAU 120;;;0;1;;f;f;f;;10;;;;;;;PLATEAU POUR BUREAU 120;;;;;;;4000.00000000;0.00000000;0.00000000;4000.00000000;0;0;0;0;0;0;;;;;;f;f;f;00000000-0000-0000-0000-000000000000;0.00000000;473;;;473;f;f;f;f;f;f;f;f;f;0;0;f;0;0;0;0;0;0;0;;;;f;;;2025-12-21 12:44:42.282599;FAHIM;2026-02-07 10:07:31.794716;FAHIM;256;;;;f;0.00000000;0.00000000;0;f;f;f;0;0;1;0.0000;0.0000;0.0000;0.0000;f;;f;0.0000;f;f;0;;;0.00000000;0;f;0.000000000000000;;;f;0.00000000;f;;;;f;;f;0.00000000;;;000082;"";f;0
318;482bf894-46a4-41d4-8c16-abdecee31365;CRTRS;;;CRAIE TRACEUR;;;0;1;;f;f;f;2;7;;1;;;;;;;;;;;;27.50000000;0.00000000;0.00000000;27.50000000;0;0;0;0;0;0;0;0.00000000;0.00000000;0.00000000;0.00000000;f;f;f;00000000-0000-0000-0000-000000000000;0.00000000;257;;;;f;f;f;f;f;f;f;f;f;0;0;f;0;120;0;0;0;0;0;;;Unité;f;;;;;2026-02-07 10:07:34.542622;FAHIM;295;;;;f;0.00000000;0.00000000;0;f;f;f;0;0;1;0.0000;0.0000;0.0000;0.0000;f;;f;0.0000;f;f;0;;;0.00000000;0;f;0.000000000000000;;;f;0.00000000;f;;;;f;;f;0.00000000;;;;;f;0
312;f29d7d19-06c4-4f53-b62d-b2e7fafddbc5;EMB3030;;; EMBOUT 30 X 30 ;;;0;1;;f;f;f;1;3;;1;;;;;;;;;;;;5.50000000;0.00000000;0.00000000;12.99000000;2000;0;0;0;0;0;0;0.00000000;0.00000000;0.00000000;0.00000000;f;f;f;00000000-0000-0000-0000-000000000000;0.00000000;252;;;;f;f;f;f;f;f;f;f;f;0;0;f;0;2096;0;0;0;0;0;;;Unité;f;;;;;2026-02-07 10:07:34.606477;FAHIM;311;;;;f;0.00000000;0.00000000;0;f;f;f;0;0;1;0.0000;0.0000;0.0000;0.0000;f;;f;0.0000;f;f;0;;;0.00000000;0;f;0.000000000000000;;;f;0.00000000;f;;;;f;;f;0.00000000;;;;;f;0
683;d017448b-7f06-44eb-82ae-d8023a59cd54;000552;;;TABLE BASSE ZED SONOMA PIED METALIQUE ;;p_Lot is null;0;1;;f;f;f;;10;;;;;;;TABLE BASSE ZED SONOMA PIED METALIQUE ;;;;;;;5605.00000000;0.00000000;0.00000000;5900.00000000;0;0;0;0;0;0;;;;;;f;f;f;00000000-0000-0000-0000-000000000000;0.00000000;605;;;605;f;f;f;f;f;f;f;f;f;0;0;f;0;0;0;0;0;0;0;;;;f;;;2026-06-07 12:38:10.464276;OULAID-B;;;104;;;;f;0.00000000;0.00000000;0;f;f;f;0;0;1;0.0000;0.0000;0.0000;0.0000;f;;f;0.0000;f;f;0;;;0.00000000;0;f;0.000000000000000;;;f;0.00000000;f;;;;f;;f;0.00000000;;;, ;"";f;0
179;74c812e8-e0cc-40cf-a0ac-bc6240d97a68;TBOV402010;;;TUBE OVAL LAC 40 X 20 X 12;;;0;1;;f;f;f;3;2;9;1;;;;;;;;;;;;610.68770000;0.00000000;0.00000000;567.23000000;1668;0;0;0;0;0;0;0.00000000;0.00000000;0.00000000;0.00000000;f;f;f;00000000-0000-0000-0000-000000000000;0.00000000;148;;;;f;f;f;f;f;f;f;f;f;0;0;t;0;3582.6;0;0;0;0;0;;;Unité;f;;;;;2026-02-07 10:07:35.947433;FAHIM;398;;;;f;0.00000000;0.00000000;0;f;f;f;0;0;1;0.0000;0.0000;0.0000;0.0000;f;;f;0.0000;f;f;0;;;0.00000000;0;f;0.000000000000000;;;f;0.00000000;f;;;;f;;f;0.00000000;;;;;f;0
571;a54171b3-f712-44a8-9548-a496adc32eca;KIT CHCNDG21G20;;;KIT CHAISE VISITEUR CANADA +G021+G020;;p_Lot is null;0;3;;f;f;f;;12;;;;;;;KIT CHAISE VISITEUR CANADA +G021+G020;;;;;;;2426.05000000;0.00000000;0.00000000;0.00000000;0;0;0;0;0;0;;;;;;t;f;f;00000000-0000-0000-0000-000000000000;0.00000000;493;;;;f;f;f;f;f;f;f;f;f;0;0;f;0;0;0;0;0;0;0;;;Unité;f;;;2026-02-08 14:20:03.105052;MASSY;2026-02-08 14:21:40.347733;MASSY;177;;;;f;0.00000000;0.00000000;0;f;t;f;0;0;;0.0000;0.0000;0.0000;0.0000;f;;f;0.0000;f;f;0;;444;0.00000000;0;f;0.000000000000000;;;f;0.00000000;f;;;;f;;f;0.00000000;;;000102;"";f;0
110;460af188-0ab3-4623-9c73-712ba83f851a;BLM630;;;"VIS RLF   M6 X 30
";;;0;1;;f;f;f;1;2;;1;;;;;;;;;;;;2.96830000;0.00000000;0.00000000;2.95000000;28625;0;0;0;0;0;0;0.00000000;0.00000000;0.00000000;0.00000000;f;f;f;00000000-0000-0000-0000-000000000000;0.00000000;86;;;;f;f;f;f;f;f;f;f;f;0;0;f;0;44198;0;0;0;0;0;;;Unité;f;;;;;2026-02-07 10:07:36.749623;FAHIM;327;;;;f;0.00000000;0.00000000;0;f;f;f;0;0;1;0.0000;0.0000;0.0000;0.0000;f;;f;0.0000;f;f;0;;;0.00000000;0;f;0.000000000000000;;;f;0.00000000;f;;;;f;;f;0.00000000;;;;;f;0
299;b617b03f-b430-46ee-9ffd-20d8d5bc60bc;P34001;;; PIED METAL ECO M 41;;;0;3;;f;f;f;2;13;;1;;;;;;;;;;;;1510.85000000;0.00000000;0.00000000;0.00000000;56;0;0;300;0;0;0;0.00000000;0.00000000;0.00000000;0.00000000;t;f;f;00000000-0000-0000-0000-000000000000;0.00000000;240;;;;f;f;f;f;f;f;f;f;f;0;0;f;0;0;0;0;0;0;0;;;Unité;f;;;;;2026-02-07 10:07:34.780576;FAHIM;306;;;;f;0.00000000;0.00000000;0;f;t;f;0;0;1;0.0000;0.0000;0.0000;0.0000;f;;f;0.0000;f;f;0;;;0.00000000;-8;f;0.000000000000000;;;f;0.00000000;f;;;;f;;f;0.00000000;;;;;f;0
95;80d36b91-dcf0-4c88-a7b4-b7af833a497b;SUPMB0002;;;SUPPORT MEUBLE TV;;;0;3;;f;f;f;2;13;;1;;;;;;;;;;;;1.00000000;0.00000000;0.00000000;0.00000000;0;0;0;0;0;0;0;0.00000000;0.00000000;0.00000000;0.00000000;f;f;f;00000000-0000-0000-0000-000000000000;0.00000000;72;;;;f;f;f;f;f;f;f;f;f;0;0;f;0;0;0;0;0;0;0;;;Unité;f;;;;;2026-02-07 10:07:36.929374;FAHIM;291;;;;f;0.00000000;0.00000000;0;f;f;f;0;0;1;0.0000;0.0000;0.0000;0.0000;f;;f;0.0000;f;f;0;;;0.00000000;0;f;0.000000000000000;;;f;0.00000000;f;;;;f;;f;0.00000000;;;;;f;0
585;9a820d1d-99de-48a7-995c-1a3648a13e63;TL48120;;;TABLE DE LECTURE 40 X 40 M 80 120 SOUDEE;;p_Lot is null;0;3;;f;f;f;;13;;;;;;;TABLE DE LECTURE 40 X 40 M 80 120 SOUDEE;;;;;;;2968.56810000;0.00000000;0.00000000;0.00000000;0;0;0;0;0;0;;;;;;t;f;f;00000000-0000-0000-0000-000000000000;0.00000000;507;;;;f;f;f;f;f;f;f;f;f;0;0;f;0;0;0;0;0;0;0;;;Unité;f;;;2026-02-12 15:11:46.086295;FAHIM;2026-02-12 15:15:04.051264;FAHIM;190;;;;f;0.00000000;0.00000000;0;f;t;f;0;0;;0.0000;0.0000;0.0000;0.0000;f;;f;0.0000;f;f;0;;;0.00000000;0;f;0.000000000000000;;;f;0.00000000;f;;;;f;;f;0.00000000;;;000116;"";f;0
669;10146167-66df-4e64-8b50-fdbbef449aff;000539;;;CISEAUX ;;;0;1;;f;f;f;;5;5;;;;;;CISEAUX ;;;;;;;900.00000000;0.00000000;0.00000000;900.00000000;0;0;0;0;0;0;;;;;;f;f;f;00000000-0000-0000-0000-000000000000;0.00000000;591;;;591;f;f;f;f;f;f;f;f;f;0;0;f;0;3;0;0;0;0;0;;;;f;;;2026-05-31 15:18:00.771294;FAHIM;2026-05-31 15:21:36.432193;FAHIM;99;;;;f;0.00000000;0.00000000;0;f;f;f;0;0;1;0.0000;0.0000;0.0000;0.0000;f;;f;0.0000;f;f;0;;;0.00000000;0;f;0.000000000000000;;;f;0.00000000;f;;;;f;;f;0.00000000;;;000200;"";f;0
560;2f39b0c2-a8d1-484b-b9e3-7f8b0f5069f7;CJPAD098;;;CACHE JUPE ADIDAS 120;;;0;1;;f;f;f;;11;;;;;;;CACHE JUPE ADIDAS 120;;;;;;;0.00000000;0.00000000;0.00000000;0.00000000;0;0;0;0;0;0;;;;;;t;f;f;00000000-0000-0000-0000-000000000000;0.00000000;482;;;482;f;f;f;f;f;f;f;f;f;0;0;f;0;0;0;0;0;0;0;;;;f;;;2026-01-03 13:23:17.364393;MASSY;2026-02-07 10:07:31.683078;FAHIM;210;;;;f;0.00000000;0.00000000;0;f;t;f;0;0;1;0.0000;0.0000;0.0000;0.0000;f;;f;0.0000;f;f;0;;;0.00000000;0;f;0.000000000000000;;;f;0.00000000;f;;;;f;;f;0.00000000;;;, ;"";f;0
641;8ed8ddff-f69e-434b-b157-b698fdd0d894;000512;;;ARMOIRE BASSE ;;p_Lot is null;0;3;;f;f;f;;10;11;;;;;;ARMOIRE BASSE ;;;;;;;0.00000000;0.00000000;0.00000000;0.00000000;0;0;0;0;0;0;;;;;;f;f;f;00000000-0000-0000-0000-000000000000;0.00000000;563;;;563;f;f;f;f;f;f;f;f;f;0;0;f;0;0;0;0;0;0;0;;;;f;;;2026-04-26 09:29:37.09414;FAHIM;;;109;;;;f;0.00000000;0.00000000;0;f;f;f;0;0;1;0.0000;0.0000;0.0000;0.0000;f;;f;0.0000;f;f;0;;;0.00000000;0;f;0.000000000000000;;;f;0.00000000;f;;;;f;;f;0.00000000;;;, ;"";f;0
302;aaae27aa-ef48-444e-b856-17b0a5f7dbaf;FIL30/3;;; FIL 30/3;;;0;1;;f;f;f;2;7;;1;;;;;;;;;;;;225.00000000;0.00000000;0.00000000;100.00000000;38.4;0;0;0;0;0;0;0.00000000;0.00000000;0.00000000;0.00000000;f;f;f;00000000-0000-0000-0000-000000000000;0.00000000;243;;;;f;f;f;f;f;f;f;f;f;0;0;f;0;0;0;0;0;0;0;;;Unité;f;;;;;2026-02-07 10:07:34.721041;FAHIM;394;;;;f;0.00000000;0.00000000;0;f;f;f;0;0;1;0.0000;0.0000;0.0000;0.0000;f;;f;0.0000;f;f;0;;;0.00000000;0;f;0.000000000000000;;;f;0.00000000;f;;;;f;;f;0.00000000;;;;;f;0
693;80d4e7b2-8449-40e5-9f66-110050173a60;000562;;;REGULATEUR DE L'AIR;;p_Lot is null;0;1;;f;f;f;;5;;;;;;;REGULATEUR DE L'AIR;;;;;;;4500.00000000;0.00000000;0.00000000;4500.00000000;0;0;0;0;0;0;;;;;;f;f;f;00000000-0000-0000-0000-000000000000;0.00000000;615;;;615;f;f;f;f;f;f;f;f;f;0;0;f;0;2;0;0;0;0;0;;;;f;;;2026-06-14 10:43:52.845439;FAHIM;;;75;;;;f;0.00000000;0.00000000;0;f;f;f;0;0;1;0.0000;0.0000;0.0000;0.0000;f;;f;0.0000;f;f;0;;;0.00000000;0;f;0.000000000000000;;;f;0.00000000;f;;;;f;;f;0.00000000;;;, ;"";f;0
175;9537ff8e-279d-41be-b9e7-a3621b01d76c;TL0572000;;;TOLE 057 1000 X 2000;;;0;1;;f;f;f;2;2;;1;;;;;;;;;;;;1174.89010000;0.00000000;0.00000000;1210.08403361;213.59;0;0;0;0;0;0;0.00000000;0.00000000;0.00000000;0.00000000;f;f;f;00000000-0000-0000-0000-000000000000;0.00000000;144;;;;f;f;f;f;f;f;f;f;f;0;0;f;0;239.7500000000001;0;0;0;0;0;;;Unité;f;;;;;2026-02-07 10:07:35.997827;FAHIM;474;;;;f;0.00000000;0.00000000;0;f;f;f;0;0;1;0.0000;0.0000;0.0000;0.0000;f;;f;0.0000;f;f;0;;;0.00000000;0;f;0.000000000000000;;;f;0.00000000;f;;;;f;;f;0.00000000;;;;;f;0
94;6769fe3f-513d-465f-af3d-b06a83e07f26;P35600;;MAXI 160;STRUCTURE METALIQUE  MAXI M60  160;;;0;3;;f;f;f;2;14;;1;;;;;;;;;;;;2927.68000000;0.00000000;0.00000000;0.00000000;0;0;0;0;0;0;0;0.00000000;0.00000000;0.00000000;0.00000000;t;f;f;00000000-0000-0000-0000-000000000000;0.00000000;71;;;;t;f;f;f;f;f;f;f;f;0;0;f;0;0;0;0;0;0;0;;;Unité;f;;;;;2026-02-07 10:07:36.941546;FAHIM;291;;;;f;0.00000000;0.00000000;0;f;t;f;0;0;1;0.0000;0.0000;0.0000;0.0000;f;;f;0.0000;f;f;0;;;0.00000000;0;f;0.000000000000000;;;f;0.00000000;f;;;;f;;f;0.00000000;;;;;f;0
622;88439af7-c854-4419-9a47-ac2abc2949e8;PLBND50;;;POLYBANDE 50G;;p_Lot is null;0;3;;f;f;f;;7;;;;;;;POLYBANDE 50G;;;;;;;42.01680000;0.00000000;0.00000000;42.01680672;0;0;0;0;0;0;;;;;;t;f;f;00000000-0000-0000-0000-000000000000;0.00000000;544;;;544;f;f;f;f;f;f;f;f;f;0;0;f;0;1400;0;0;0;0;0;;;;f;;;2026-04-04 10:50:04.066712;MASSY;;;136;;;;f;0.00000000;0.00000000;0;f;t;f;0;0;1;0.0000;0.0000;0.0000;0.0000;f;;f;0.0000;f;f;0;;;0.00000000;0;f;0.000000000000000;;;f;0.00000000;f;;;;f;;f;0.00000000;;;, ;"";f;0
99;8faa4236-c4f2-4c5d-ae91-39821beab507;CMOB001;;;CAISSON MOBILE;;;0;3;;f;f;f;2;15;;1;;;;;;;;;;;;6175.00000000;0.00000000;0.00000000;6500.00000000;0;0;0;0;0;0;0;0.00000000;0.00000000;0.00000000;0.00000000;t;f;f;00000000-0000-0000-0000-000000000000;0.00000000;76;;;;f;f;f;f;f;f;f;f;f;0;0;f;0;0;0;0;0;0;0;;;Unité;f;;;;;2026-02-07 10:07:36.877649;FAHIM;350;;;;f;0.00000000;0.00000000;0;f;t;f;0;0;1;0.0000;0.0000;0.0000;0.0000;f;;f;0.0000;f;f;0;;;0.00000000;-15;f;0.000000000000000;;;f;0.00000000;f;;;;f;;f;0.00000000;;;99;"";f;0
732;8fb54fc9-c0d3-47d7-a92c-0effbf6edbc2;000596;;;PRODUIT DE CHARGEMENT CARTE A PUCE;;p_Lot is null;0;1;;f;f;f;;16;;;;;;;PRODUIT DE CHARGEMENT CARTE A PUCE;;;;;;;0.00000000;0.00000000;0.00000000;0.00000000;0;0;0;0;0;0;;;;;;f;f;f;00000000-0000-0000-0000-000000000000;0.00000000;654;;;654;f;f;f;f;f;f;f;f;f;0;0;f;0;0;0;0;0;0;0;;;;f;;;2026-07-16 09:39:29.044243;FAHIM;;;46;;;;f;0.00000000;0.00000000;0;f;f;f;0;0;1;0.0000;0.0000;0.0000;0.0000;f;;f;0.0000;f;f;0;;;0.00000000;0;f;0.000000000000000;;;f;0.00000000;f;;;;f;;f;0.00000000;;;, ;"";f;0
28;afa3a2aa-5eff-4ff5-a8e8-20c8a851aa96;RAL1013;;;PEINTURE POUDRE EPOXY  BLANC GIVREE;;;0;1;;f;f;f;2;2;;1;;;;;;;;;;;;804.51130000;0.00000000;0.00000000;890.00000000;174.2;0;0;0;0;0;0;0.00000000;0.00000000;0.00000000;0.00000000;f;f;f;00000000-0000-0000-0000-000000000000;0.00000000;25;;;;f;f;f;f;f;f;f;f;f;0;0;t;0;642.2;0;0;0;0;0;;;Unité;f;;;;;2026-02-07 10:07:37.529019;FAHIM;326;;;;f;0.00000000;0.00000000;0;f;f;f;0;0;1;0.0000;0.0000;0.0000;0.0000;f;;f;0.0000;f;f;0;;;0.00000000;0;f;0.000000000000000;;;f;0.00000000;f;;;;f;;f;0.00000000;;;;;f;0
180;ee9e13c3-d165-4a70-af64-12f71c54747b;TBRD3210;;;TUBE ROND 32 X 10;;;0;1;;f;f;f;1;2;9;1;;;;;;;;;;;;548.94370000;0.00000000;0.00000000;520.00000000;187;0;0;0;0;0;0;0.00000000;0.00000000;0.00000000;0.00000000;f;f;f;00000000-0000-0000-0000-000000000000;0.00000000;149;;;;f;f;f;f;f;f;f;f;f;0;0;f;0;627;0;0;0;0;0;;;Unité;f;;;;;2026-02-07 10:07:35.934872;FAHIM;318;;;;f;0.00000000;0.00000000;0;f;f;f;0;0;1;0.0000;0.0000;0.0000;0.0000;f;;f;0.0000;f;f;0;;;0.00000000;0;f;0.000000000000000;;;f;0.00000000;f;;;;f;;f;0.00000000;;;;;f;0
127;473a6d62-65ab-4a65-ae32-784a91af6339;DQM115;;;DISQUE A MEULER 115;;;0;3;;f;f;f;1;2;5;1;;;;;DISQUE A MEULER 115;;;;;;;270.00000000;0.00000000;0.00000000;100.00000000;95;25;40;150;120;0;0;0.00000000;0.00000000;0.00000000;0.00000000;f;f;f;00000000-0000-0000-0000-000000000000;0.00000000;103;;;;f;f;f;f;f;f;f;t;f;0;0;t;0;114;0;0;0;0;0;;;Unité;t;FAHIM;2026-02-07 12:21:16.112112;;;2026-02-07 12:29:34.249634;FAHIM;305;;;;f;0.00000000;0.00000000;0;f;f;f;0;0;1;0.0000;0.0000;0.0000;0.0000;f;;f;0.0000;f;f;0;;;0.00000000;0;f;0.000000000000000;;;f;0.00000000;f;;;;f;;f;0.00000000;;;127;"";f;0
390;6f1fd410-ab67-4808-a5ba-ea8b5f3991fb;TBC303012;;;TUBE CARRE  30 X 30 X 12;;;0;1;;f;f;f;1;2;9;1;;;;;;;;;;;;590.00000000;0.00000000;0.00000000;590.00000000;2.7;0;0;0;0;0;0;0.00000000;0.00000000;0.00000000;0.00000000;f;f;f;00000000-0000-0000-0000-000000000000;0.00000000;320;;;;f;f;f;f;f;f;f;f;f;0;0;f;0;177.6;0;0;0;0;0;;;Unité;f;;;;;2026-02-07 10:07:33.718133;FAHIM;386;;;;f;0.00000000;0.00000000;0;f;f;f;0;0;1;0.0000;0.0000;0.0000;0.0000;f;;f;0.0000;f;f;0;;;0.00000000;0;f;0.000000000000000;;;f;0.00000000;f;;;;f;;f;0.00000000;;;;;f;0
62;11589b62-4c5b-4226-983c-5d9f9148cfc5;P34000;;;PIED METAL ECO M 60 ;;;0;3;;f;f;f;2;13;;1;;;;;;;;;;;;1607.85430000;0.00000000;0.00000000;4000.00000000;28;0;0;300;0;0;0;0.00000000;0.00000000;0.00000000;0.00000000;t;f;f;00000000-0000-0000-0000-000000000000;0.00000000;52;;;;f;f;f;f;f;f;f;f;f;0;0;f;0;530;0;0;0;0;0;;;Unité;f;;;;;2026-02-07 10:07:37.199374;FAHIM;740;;;;f;0.00000000;0.00000000;0;f;t;f;0;0;1;0.0000;0.0000;0.0000;0.0000;f;;f;0.0000;f;f;0;;;0.00000000;-1920;f;0.000000000000000;;;f;0.00000000;f;;;;f;;f;0.00000000;;;;;f;0
30;5a520ad9-8aab-4b30-b7bd-59d73424117c;RAL7024;;;PEINTURE POUDRE EPOXY GRIS ENTRACIER ;;;0;1;;f;f;f;2;2;;1;;;;;;;;;;;;815.41050000;0.00000000;0.00000000;820.00000000;401.81;100;150;500;0;0;0;0.00000000;0.00000000;0.00000000;0.00000000;f;f;f;00000000-0000-0000-0000-000000000000;0.00000000;27;;;;f;f;f;f;f;f;f;f;f;0;0;t;0;492.289;0;0;0;0;0;;;Unité;f;;;;;2026-03-02 23:03:46.403251;FAHIM;982;;;;f;0.00000000;0.00000000;0;f;f;f;0;0;1;0.0000;0.0000;0.0000;0.0000;f;;f;0.0000;f;f;0;;;0.00000000;0;f;0.000000000000000;;;f;0.00000000;f;;;;f;;f;0.00000000;;;30;"";f;0
699;6ee6f656-e8fe-492e-aed2-a2da7aeb17a0;000568;;;SOUS TRAITANCE ACCOUDOIR (canada, G 21);;;0;1;;f;f;f;;16;;;;;;;SOUS TRAITANCE ACCOUDOIR (canada, G 21);;;;;;;0.00000000;0.00000000;0.00000000;0.00000000;0;0;0;0;0;0;;;;;;f;f;f;00000000-0000-0000-0000-000000000000;0.00000000;621;;;621;f;f;f;f;f;f;f;f;f;0;0;f;0;205;0;0;0;0;0;;;;f;;;2026-06-17 13:40:33.672927;FAHIM;;;71;;;;f;0.00000000;0.00000000;0;f;f;f;0;0;1;0.0000;0.0000;0.0000;0.0000;f;;f;0.0000;f;f;0;;;0.00000000;0;f;0.000000000000000;;;f;0.00000000;f;;;;f;;f;0.00000000;;;, ;"";f;0
204;9129258f-a563-4ca0-b2f9-1f80e2eab875;TBC505012;;;TUBE  50 X 50 X12;;;0;1;;f;f;f;2;2;9;1;;;;;;;;;;;;0.00000000;0.00000000;0.00000000;1445.38000000;0;0;0;0;0;0;0;0.00000000;0.00000000;0.00000000;0.00000000;f;f;f;00000000-0000-0000-0000-000000000000;0.00000000;173;;;;f;f;f;f;f;f;f;f;f;0;0;f;0;0;0;0;0;0;0;;;Unité;f;;;;;2026-02-07 10:07:35.631897;FAHIM;291;;;;f;0.00000000;0.00000000;0;f;f;f;0;0;1;0.0000;0.0000;0.0000;0.0000;f;;f;0.0000;f;f;0;;;0.00000000;0;f;0.000000000000000;;;f;0.00000000;f;;;;f;;f;0.00000000;;;;;f;0
122;c8a50079-09c6-4c2d-ac7b-5ed8a8dcaea4;DQM230;;;DISQUE A MEULER 230;;;0;1;;f;f;f;1;2;;1;;;;;;;;;;;;350.00000000;0.00000000;0.00000000;100.00000000;5;0;0;0;0;0;0;0.00000000;0.00000000;0.00000000;0.00000000;f;f;f;00000000-0000-0000-0000-000000000000;0.00000000;98;;;;f;f;f;f;f;f;f;f;f;0;0;f;0;0;0;0;0;0;0;;;Unité;f;;;;;2026-02-07 10:07:36.598023;FAHIM;309;;;;f;0.00000000;0.00000000;0;f;f;f;0;0;1;0.0000;0.0000;0.0000;0.0000;f;;f;0.0000;f;f;0;;;0.00000000;0;f;0.000000000000000;;;f;0.00000000;f;;;;f;;f;0.00000000;;;;;f;0
514;1731cb20-009b-48a7-8031-8da9ae358ff5;CJP68;;90;CACHE JUPE 68;;;0;3;;f;f;f;;11;;1;;;;;CACHE JUPE 68;;;;;;;547.20430000;0.00000000;0.00000000;0.00000000;0;0;0;20;0;0;;;;;;t;f;f;00000000-0000-0000-0000-000000000000;0.00000000;436;;;;f;f;t;f;f;f;f;f;f;0;0;f;0;43;0;0;0;0;0;;;Unité;f;;;2025-11-29 09:05:48.124309;admin;2026-03-11 12:19:53.208046;FAHIM;338;;;;f;0.00000000;0.00000000;0;f;t;f;0;0;1;0.0000;0.0000;0.0000;0.0000;f;;f;0.0000;f;f;0;;483;0.00000000;-238;f;0.000000000000000;;;f;0.00000000;f;;;;f;;f;0.00000000;;;000045;"";f;0
623;3ded8cd9-a32f-4c74-a4b7-54781bf64e91;TR BOIS;;;TABLE ROND PI BOIS BAROK ;;p_Lot is null;0;3;;f;f;t;;10;;;;;;;TABLE ROND PI BOIS BAROK ;;;;;;;11176.47060000;0.00000000;0.00000000;11764.70588235;0;0;0;0;0;0;;;;;;f;f;f;00000000-0000-0000-0000-000000000000;0.00000000;545;;;545;f;f;t;f;f;f;f;f;f;0;0;f;0;0;0;0;0;0;0;;;;f;;;2026-04-04 10:57:22.698349;MASSY;;;135;;;;f;0.00000000;0.00000000;0;f;f;f;0;0;1;0.0000;0.0000;0.0000;0.0000;f;;f;0.0000;f;f;0;;;0.00000000;-1;t;0.000000000000000;;;f;0.00000000;f;;;;f;;f;0.00000000;;;, ;"";f;0
762;5d09c521-bcdd-4e8c-86a9-ade12930e4a5;PMCARRM48;;;PIED METAL ECO FORME O M 48 SOUDEE ;;p_Lot is null;0;3;;f;f;f;;13;;1;;;;;PIED METAL ECO FORME O M 48 SOUDEE ;;;;;;;1479.26850000;0.00000000;0.00000000;0.00000000;0;0;0;300;0;0;;;;;;t;f;f;00000000-0000-0000-0000-000000000000;0.00000000;684;;;;f;f;f;f;f;f;f;f;f;0;0;f;0;0;0;0;0;0;0;;;Unité;f;;;2026-08-22 16:38:03.489517;MASSY;2026-08-22 16:39:10.604637;MASSY;20;;;;f;0.00000000;0.00000000;0;f;t;f;0;0;1;0.0000;0.0000;0.0000;0.0000;f;;f;0.0000;f;f;0;;;0.00000000;0;f;0.000000000000000;;;f;0.00000000;f;;;;f;;f;0.00000000;;;000293;"";f;0
531;43082587-224d-4f18-8d19-81a76f0a2063;PTR120;;;PIED METAL TABLE RONDE 120;;p_Lot is null;0;1;;f;f;t;;13;;;;;;;PIED METAL TABLE RONDE 120;;;;;;;0.00000000;0.00000000;0.00000000;0.00000000;0;0;0;0;0;0;;;;;;t;f;f;00000000-0000-0000-0000-000000000000;0.00000000;453;;;453;f;f;f;f;f;f;f;f;f;0;0;f;0;0;0;0;0;0;0;;;;f;;;2025-12-02 11:37:57.181998;admin;2026-08-05 13:49:19.363988;FAHIM;240;;;;f;0.00000000;0.00000000;0;f;t;f;0;0;1;0.0000;0.0000;0.0000;0.0000;f;;f;0.0000;f;f;0;;;0.00000000;0;f;0.000000000000000;;;f;0.00000000;f;;;;f;;f;0.00000000;;;000062;"";f;0
454;8e89c53d-04af-47d3-b82a-67e2a3395b31;PSLAB4030C;;;PIED METAL LABO  M 55    SOUDEE            ;;;0;3;;f;f;f;2;13;;1;;;;;;;;;;;;1729.19000000;0.00000000;0.00000000;0.00000000;0;0;0;50;0;0;0;0.00000000;0.00000000;4500.00000000;5000.00000000;t;f;f;00000000-0000-0000-0000-000000000000;0.00000000;377;;;;f;f;f;f;f;f;f;f;f;0;0;f;0;0;0;0;0;0;0;;;Unité;f;;;;;2026-02-07 10:07:32.945124;FAHIM;291;;;;f;0.00000000;0.00000000;0;f;t;f;0;0;1;0.0000;0.0000;0.0000;0.0000;f;;f;0.0000;f;f;0;;;0.00000000;0;f;0.000000000000000;;;f;0.00000000;f;;;;f;;f;0.00000000;;;;;f;0
628;8a35c958-805b-4ed3-affb-45dd20c1a09d;000499;;;BUREAU DIRECTIONEL SIMPLE;;p_Lot is null;0;1;;f;f;f;;15;11;;;;;;BUREAU DIRECTIONEL SIMPLE;;;;;;;0.00000000;0.00000000;0.00000000;0.00000000;0;0;0;0;0;0;;;;;;f;f;f;00000000-0000-0000-0000-000000000000;0.00000000;550;;;550;f;f;f;f;f;f;f;f;f;0;0;f;0;0;0;0;0;0;0;;;;f;;;2026-04-07 11:20:47.713633;FAHIM;;;125;;;;f;0.00000000;0.00000000;0;f;f;f;0;0;1;0.0000;0.0000;0.0000;0.0000;f;;f;0.0000;f;f;0;;;0.00000000;0;f;0.000000000000000;;;f;0.00000000;f;;;;f;;f;0.00000000;;;, ;"";f;0
439;7dc3fe74-d110-4200-84ba-bc01db2b88af;SUPRET;;; SUPPORT RETOUR TABLE DE REUNION;;;0;1;;f;f;f;2;10;;1;;;;; SUPPORT RETOUR TABLE DE REUNION;;;;;;;156.59390000;0.00000000;0.00000000;100.00000000;0;0;0;0;0;0;0;0.00000000;0.00000000;0.00000000;0.00000000;t;f;f;00000000-0000-0000-0000-000000000000;0.00000000;362;;;;f;f;f;f;f;f;f;f;f;0;0;f;0;30;0;0;0;0;0;;;Unité;f;;;;;2026-08-11 09:21:02.164998;FAHIM;324;;;;f;0.00000000;0.00000000;0;f;t;f;0;0;1;0.0000;0.0000;0.0000;0.0000;f;;f;0.0000;f;f;0;;439;0.00000000;-196;f;0.000000000000000;;;f;0.00000000;f;;;;f;;f;0.00000000;;;439;"";f;0
675;420571ba-1f1b-4748-b3dc-08b36a380e9f;000544;;;RECTANGLE 40/30/10;;p_Lot is null;0;1;;f;f;f;;2;9;;;;;;RECTANGLE 40/30/10;;;;;;;;0.00000000;0.00000000;745.00000000;0;0;0;0;0;0;;;;;;f;f;f;00000000-0000-0000-0000-000000000000;0.00000000;597;;;597;f;f;f;f;f;f;f;f;f;0;0;t;0;0;0;0;0;0;0;;;;f;;;2026-06-04 13:51:44.998114;OULAID-B;2026-06-04 13:52:03.149889;OULAID-B;92;;;;f;0.00000000;0.00000000;0;f;f;f;0;0;1;0.0000;0.0000;0.0000;0.0000;f;;f;0.0000;f;f;0;;;0.00000000;0;f;0.000000000000000;;;f;0.00000000;f;;;;f;;f;0.00000000;;;000206;"";f;0
670;5ffc9248-93d1-4a61-9f70-2856da51d2b6;B14070;;;BUREAUX MINI MAX BAROK 140*70 PIEDS METALIQUE CARRE ;;p_Lot is null;0;1;;f;f;f;;10;;;;;;;BUREAUX MINI MAX BAROK 140*70 PIEDS METALIQUE CARRE ;;;;;;;11162.50000000;0.00000000;0.00000000;11750.00000000;0;0;0;0;0;0;;;;;;f;f;f;00000000-0000-0000-0000-000000000000;0.00000000;592;;;592;f;f;f;f;f;f;f;f;f;0;0;f;0;0;0;0;0;0;0;;;;f;;;2026-06-01 10:19:14.03543;FAHIM;;;96;;;;f;0.00000000;0.00000000;0;f;f;f;0;0;1;0.0000;0.0000;0.0000;0.0000;f;;f;0.0000;f;f;0;;;0.00000000;-4;f;0.000000000000000;;;f;0.00000000;f;;;;f;;f;0.00000000;;;, ;"";f;0
117;aaa4a34d-b486-483d-b973-a37d9f058c1f;BLM820;;;"BOULON M8X20
";;;0;1;;f;f;f;2;2;;1;;;;;;;;;;;;15.00000000;0.00000000;0.00000000;100.00000000;917;0;0;0;0;0;0;0.00000000;0.00000000;0.00000000;0.00000000;f;f;f;00000000-0000-0000-0000-000000000000;0.00000000;93;;;;f;f;f;f;f;f;f;f;f;0;0;f;0;2045;0;0;0;0;0;;;Unité;f;;;;;2026-02-07 10:07:36.662834;FAHIM;300;;;;f;0.00000000;0.00000000;0;f;f;f;0;0;1;0.0000;0.0000;0.0000;0.0000;f;;f;0.0000;f;f;0;;;0.00000000;0;f;0.000000000000000;;;f;0.00000000;f;;;;f;;f;0.00000000;;;;;f;0
438;bce6524f-62e5-4eb1-87cf-21614368b371;TBOV30160.8;;;TUBE OVAL LAC  6M  32 X 16 X 0.8;;;0;1;;f;f;f;3;2;9;1;;;;;;;;;;;;361.34000000;0.00000000;0.00000000;361.34000000;450;0;0;0;0;0;0;0.00000000;0.00000000;0.00000000;0.00000000;f;f;f;00000000-0000-0000-0000-000000000000;0.00000000;361;;;;f;f;f;f;f;f;f;f;f;0;0;f;0;255;0;0;0;0;0;;;Unité;f;;;;;2026-02-07 10:07:33.179527;FAHIM;303;;;;f;0.00000000;0.00000000;0;f;f;f;0;0;1;0.0000;0.0000;0.0000;0.0000;f;;f;0.0000;f;f;0;;;0.00000000;0;f;0.000000000000000;;;f;0.00000000;f;;;;f;;f;0.00000000;;;;;f;0
185;72f9fe87-e25f-4bce-b68d-49950e8e0eef;TB604018;;;TUBE  60 X 40 X 18;;;0;1;;f;f;f;2;2;9;1;;;;;;;;;;;;0.00000000;0.00000000;0.00000000;100.00000000;0;0;0;0;0;0;0;0.00000000;0.00000000;0.00000000;0.00000000;f;f;f;00000000-0000-0000-0000-000000000000;0.00000000;154;;;;f;f;f;f;f;f;f;f;f;0;0;f;0;0;0;0;0;0;0;;;Unité;f;;;;;2026-02-07 10:07:35.871909;FAHIM;291;;;;f;0.00000000;0.00000000;0;f;f;f;0;0;1;0.0000;0.0000;0.0000;0.0000;f;;f;0.0000;f;f;0;;;0.00000000;0;f;0.000000000000000;;;f;0.00000000;f;;;;f;;f;0.00000000;;;;;f;0
545;995980fb-698a-4b28-b148-4396345d6aae;PEINTEUR ;;CHROME M80;PEINTEUR CHROMEE M80;;;0;3;;f;f;f;;2;;;;;;;PEINTEUR CHROMEE M80;;;;;;;1286.98090000;0.00000000;0.00000000;1300.00000000;0;0;0;0;0;0;;;;;;f;f;f;00000000-0000-0000-0000-000000000000;0.00000000;467;;;467;f;f;f;f;f;f;f;f;f;0;0;f;0;1.4;0;0;0;0;0;;;;f;;;2025-12-14 11:01:25.328768;MASSY;2026-02-07 10:07:31.882702;FAHIM;250;;;;f;0.00000000;0.00000000;0;f;f;f;0;0;1;0.0000;0.0000;0.0000;0.0000;f;;f;0.0000;f;f;0;;;0.00000000;0;f;0.000000000000000;;;f;0.00000000;f;;;;f;;f;0.00000000;;;, ;"";f;0
708;a913c46f-07a2-41e7-9283-c14c8d6fa659;000577;;;"BUREAU 2.20 M EN BOIS AVEC 2 PORTES CLAVIER
";;;0;3;;f;f;f;;10;;;;;;;"BUREAU 2.20 M EN BOIS AVEC 2 PORTES CLAVIER
";;;;;;;20000.00000000;0.00000000;0.00000000;20000.00000000;0;0;0;0;0;0;;;;;;f;f;f;00000000-0000-0000-0000-000000000000;0.00000000;630;;;630;f;f;f;f;f;f;f;f;f;0;0;f;0;0;0;0;0;0;0;;;;f;;;2026-06-29 14:25:35.280749;FAHIM;;;63;;;;f;0.00000000;0.00000000;0;f;f;f;0;0;1;0.0000;0.0000;0.0000;0.0000;f;;f;0.0000;f;f;0;;;0.00000000;-1;f;0.000000000000000;;;f;0.00000000;f;;;;f;;f;0.00000000;;;, ;"";f;0
697;0bc1bc0a-3272-4dc1-9392-2e93a3cafcef;RNFRZ160S;;;"RENFORT MEGA Z 160 S
";;p_Lot is null;0;3;;f;f;f;;14;;;;;;;"RENFORT MEGA Z 160 S
";;;;;;;259.39570000;0.00000000;0.00000000;0.00000000;0;0;0;0;0;0;;;;;;t;f;f;00000000-0000-0000-0000-000000000000;0.00000000;619;;;;f;f;f;f;f;f;f;f;f;0;0;f;0;0;0;0;0;0;0;;;Unité;f;;;2026-06-14 14:25:10.04529;FAHIM;2026-06-14 14:25:32.164456;FAHIM;71;;;;f;0.00000000;0.00000000;0;f;t;f;0;0;;0.0000;0.0000;0.0000;0.0000;f;;f;0.0000;f;f;0;;;0.00000000;0;f;0.000000000000000;;;f;0.00000000;f;;;;f;;f;0.00000000;;;000228;"";f;0
487;008c16ed-b27d-44b3-9352-3349e0f9f3d4;STRTABMANGERM110*110;;;STRUCTURE TABLE A MANGER M 110*110;;;0;3;;f;f;f;;13;;1;;;;;STRUCTURE TABLE A MANGER M 110*110;;;;;;;2687.53620000;0.00000000;0.00000000;0.00000000;0;0;0;0;0;0;;;;;;t;f;f;00000000-0000-0000-0000-000000000000;0.00000000;409;;;;f;f;f;f;f;f;f;f;f;0;0;f;0;0;0;0;0;0;0;;;Unité;f;;;2025-10-25 13:09:42.58902;MASSY;2026-02-07 10:07:32.628028;FAHIM;288;;;;f;0.00000000;0.00000000;0;f;t;f;0;0;1;0.0000;0.0000;0.0000;0.0000;f;;f;0.0000;f;f;0;;;0.00000000;-1;f;0.000000000000000;;;f;0.00000000;f;;;;f;;f;0.00000000;;;000018;"";f;0
553;8cc1de3d-79ac-4577-9fc9-112aa00e14d8;CJPBOIS140;;;CACHE JUPE BOIS 140;;p_Lot is null;0;1;;f;f;f;;15;;;;;;;CACHE JUPE BOIS 140;;;;;;;1000.00000000;0.00000000;0.00000000;1000.00000000;0;0;0;0;0;0;;;;;;f;f;f;00000000-0000-0000-0000-000000000000;0.00000000;475;;;475;f;f;t;f;f;f;f;f;f;0;0;f;0;0;0;0;0;0;0;;;;f;;;2025-12-21 12:54:56.63784;FAHIM;2026-02-07 10:07:31.765284;FAHIM;244;;;;f;0.00000000;0.00000000;0;f;f;f;0;0;1;0.0000;0.0000;0.0000;0.0000;f;;f;0.0000;f;f;0;;;0.00000000;0;f;0.000000000000000;;;f;0.00000000;f;;;;f;;f;0.00000000;;;000084;"";f;0
309;ce146c6b-160c-4f45-b07d-9f38b5e6666d;EMB5050;;; EMBOUT 50 X 50 ;;;0;1;;f;f;f;2;3;;1;;;;;;;;;;;;14.35030000;0.00000000;0.00000000;15.00000000;627;0;0;0;0;0;0;0.00000000;0.00000000;0.00000000;0.00000000;f;f;f;00000000-0000-0000-0000-000000000000;0.00000000;250;;;;f;f;f;f;f;f;f;f;f;0;0;f;0;1790;0;0;0;0;0;;;Unité;f;;;;;2026-02-07 10:07:34.632514;FAHIM;325;;;;f;0.00000000;0.00000000;0;f;f;f;0;0;1;0.0000;0.0000;0.0000;0.0000;f;;f;0.0000;f;f;0;;;0.00000000;0;f;0.000000000000000;;;f;0.00000000;f;;;;f;;f;0.00000000;;;;;f;0
349;1cf57283-eb77-4594-a6f8-09aec69b7d08;ECO ASS;;SOUDAGE ;ECO ASSAMBLAGE;;;0;1;;f;f;f;2;2;;;;;;;;;;;;;;0.00000000;0.00000000;0.00000000;0.00000000;0;0;0;0;0;0;0;0.00000000;0.00000000;0.00000000;0.00000000;t;f;f;00000000-0000-0000-0000-000000000000;0.00000000;285;;;;f;f;f;f;f;f;f;f;f;0;0;t;0;0;0;0;0;0;0;;;Unité;f;;;;;2026-02-07 10:07:34.185971;FAHIM;291;;;;f;0.00000000;0.00000000;0;f;t;f;0;0;;0.0000;0.0000;0.0000;0.0000;f;;f;0.0000;f;f;0;;;0.00000000;0;f;0.000000000000000;;;f;0.00000000;f;;;;f;;f;0.00000000;;;;;f;0
286;00e3621b-18de-477c-9a8a-79e386383d24;CJP098N;;110;CACHES JUPE P/PLAT 120;;;0;3;;f;f;f;2;11;;1;;;;;CACHES JUPE P/PLAT 120;;;;;;;671.79700000;0.00000000;0.00000000;1200.00000000;410;0;0;60;0;0;0;0.00000000;0.00000000;0.00000000;0.00000000;t;f;f;00000000-0000-0000-0000-000000000000;0.00000000;234;;;;f;f;f;f;f;f;f;f;f;0;0;f;0;94;0;0;10;0;0;;;Unité;f;;;;;2026-02-22 15:02:28.081804;FAHIM;592;;;;f;0.00000000;0.00000000;0;f;t;f;0;0;1;0.0000;0.0000;0.0000;0.0000;f;;f;0.0000;f;f;0;;286;0.00000000;-1065;f;0.000000000000000;;;f;0.00000000;f;;;;f;;f;0.00000000;;;286;"";f;0
676;0575e6b4-1b01-4182-9f81-c544096a5b70;000545;;;RECTANGLE 50/30/09;;p_Lot is null;0;1;;f;f;f;;2;9;;;;;;RECTANGLE 50/30/09;;;;;;;;0.00000000;0.00000000;850.00000000;0;0;0;0;0;0;;;;;;f;f;f;00000000-0000-0000-0000-000000000000;0.00000000;598;;;598;f;f;f;f;f;f;f;f;f;0;0;f;0;0;0;0;0;0;0;;;;f;;;2026-06-04 13:52:58.926079;OULAID-B;;;98;;;;f;0.00000000;0.00000000;0;f;f;f;0;0;1;0.0000;0.0000;0.0000;0.0000;f;;f;0.0000;f;f;0;;;0.00000000;0;f;0.000000000000000;;;f;0.00000000;f;;;;f;;f;0.00000000;;;, ;"";f;0
155;393d8ccf-a888-471c-97a6-6970e66cee23;MCHM9;;;MECHE M9;;;0;1;;f;f;f;2;2;;1;;;;;;;;;;;;466.31430000;0.00000000;0.00000000;500.00000000;28;0;0;0;0;0;0;0.00000000;0.00000000;0.00000000;0.00000000;f;f;f;00000000-0000-0000-0000-000000000000;0.00000000;131;;;;f;f;f;f;f;f;f;f;f;0;0;f;0;35;0;0;0;0;0;;;Unité;t;FAHIM;2026-02-07 11:42:20.421599;;;2026-02-07 11:50:38.595842;FAHIM;382;;;;f;0.00000000;0.00000000;0;f;f;f;0;0;1;0.0000;0.0000;0.0000;0.0000;f;;f;0.0000;f;f;0;;;0.00000000;0;f;0.000000000000000;;;f;0.00000000;f;;;;f;;f;0.00000000;;;;;f;0
446;4a19dac2-82f9-442b-a759-dadcbea22af7;EMB002;;;CARTONE EMBALAGE CHAISE CANADA ;;;0;3;;f;f;f;;2;;;;;;;;;;;;;;281.51000000;0.00000000;0.00000000;281.51000000;0;0;0;0;0;0;0;0.00000000;0.00000000;0.00000000;0.00000000;f;f;f;00000000-0000-0000-0000-000000000000;0.00000000;369;;;;f;f;f;f;f;f;f;f;f;0;0;t;0;794.5;0;0;0;0;0;;;Unité;f;;;;;2026-02-07 10:07:33.080929;FAHIM;366;;;;f;0.00000000;0.00000000;0;f;f;f;0;0;;0.0000;0.0000;0.0000;0.0000;f;;f;0.0000;f;f;0;;;0.00000000;0;f;0.000000000000000;;;f;0.00000000;f;;;;f;;f;0.00000000;;;446;"";f;0
417;2ee976f5-1893-4da1-b34b-6634c380b0ba;P41000;;M 60;PIED METAL Z ONE;;;0;3;;f;f;f;2;13;;1;;;;;;;;;;;;1737.29330000;0.00000000;0.00000000;0.00000000;27;0;0;40;0;0;0;0.00000000;0.00000000;0.00000000;0.00000000;t;f;f;00000000-0000-0000-0000-000000000000;0.00000000;342;;;;f;f;f;f;f;f;f;f;f;0;0;f;0;18;0;0;0;0;0;;;Unité;f;;;;;2026-02-07 10:07:33.442798;FAHIM;313;;;;f;0.00000000;0.00000000;0;f;t;f;0;0;1;0.0000;0.0000;0.0000;0.0000;f;;f;0.0000;f;f;0;;;0.00000000;0;f;0.000000000000000;;;f;0.00000000;f;;;;f;;f;0.00000000;;;;;f;0
710;24b4e8e6-0bf7-4624-bdc2-4c2ce36b9b3f;000579;;;TABLES ET BANCS D'AMPHI;;;0;3;;f;f;f;;10;;;;;;;TABLES ET BANCS D'AMPHI;;;;;;;0.00000000;0.00000000;0.00000000;0.00000000;0;0;0;0;0;0;;;;;;f;f;f;00000000-0000-0000-0000-000000000000;0.00000000;632;;;632;f;f;f;f;f;f;f;f;f;0;0;f;0;0;0;0;0;0;0;;;;f;;;2026-07-01 16:04:21.150415;FAHIM;;;57;;;;f;0.00000000;0.00000000;0;f;f;f;0;0;1;0.0000;0.0000;0.0000;0.0000;f;;f;0.0000;f;f;0;;;0.00000000;0;f;0.000000000000000;;;f;0.00000000;f;;;;f;;f;0.00000000;;;, ;"";f;0
587;628dbbd8-fbc7-4576-beb9-5ba8d79fd588;RET MLM GLB ;;RTR MLM GLB;RETOUR MLM POUR BUR GALBI ;;;0;1;;f;f;t;;15;;;;;;;RETOUR MLM POUR BUR GALBI ;;;;;;;9000.00000000;0.00000000;0.00000000;9000.00000000;0;0;0;0;0;0;;;;;;t;f;f;00000000-0000-0000-0000-000000000000;0.00000000;509;;;509;f;f;t;f;f;f;f;f;f;0;0;f;0;0;0;0;0;0;0;;;;f;;;2026-02-14 14:02:59.868725;MASSY;;;188;;;;f;0.00000000;0.00000000;0;f;t;f;0;0;1;0.0000;0.0000;0.0000;0.0000;f;;f;0.0000;f;f;0;;;0.00000000;0;f;0.000000000000000;;;f;0.00000000;f;;;;f;;f;0.00000000;;;, ;"";f;0
639;aae71d7d-e22b-438e-bfa4-4cb35ac49628;000510;;;PLATEAU 90*80;;p_Lot is null;0;1;;f;f;f;;10;;;;;;;PLATEAU 90*80;;;;;;;2150.00000000;0.00000000;0.00000000;2150.00000000;0;0;0;0;0;0;;;;;;f;f;f;00000000-0000-0000-0000-000000000000;0.00000000;561;;;561;f;f;f;f;f;f;f;f;f;0;0;f;0;0;0;0;0;0;0;;;;f;;;2026-04-22 12:05:01.735196;FAHIM;;;120;;;;f;0.00000000;0.00000000;0;f;f;f;0;0;1;0.0000;0.0000;0.0000;0.0000;f;;f;0.0000;f;f;0;;;0.00000000;0;f;0.000000000000000;;;f;0.00000000;f;;;;f;;f;0.00000000;;;, ;"";f;0
389;3f38f5bc-1f4b-49ea-9694-c3e2a37043f3;RCGAZ00;;;RECHARGE GAZ ;;;2;3;;f;f;f;;2;;;;;;;;;;;;;;2500.00000000;0.00000000;0.00000000;2500.00000000;0;0;0;0;0;0;0;0.00000000;0.00000000;0.00000000;0.00000000;f;f;f;00000000-0000-0000-0000-000000000000;0.00000000;319;;;;t;f;f;f;f;f;f;f;f;0;0;t;0;0;0;0;0;0;0;;;Unité;f;;;;;2026-02-07 10:07:33.730936;FAHIM;293;;;;f;0.00000000;0.00000000;0;f;f;f;0;0;;0.0000;0.0000;0.0000;0.0000;f;;f;0.0000;f;f;0;;;0.00000000;0;f;0.000000000000000;;;f;0.00000000;f;;;;f;;f;0.00000000;;;;;f;0
717;58324332-3e01-4712-b259-39ee3f357798;P TR PIANO 120/280;;160;PIED METAL TABLE DE REUNION /STATION PIANO M 100 120 / 280;;;0;3;;f;f;f;;13;;1;;;;;PIED METAL TABLE DE REUNION /STATION PIANO M 100 120 / 280;;;;;;;3513.13950000;0.00000000;0.00000000;0.00000000;0;0;0;40;0;0;;;;;;t;f;f;00000000-0000-0000-0000-000000000000;0.00000000;639;;;;f;f;t;f;f;f;f;f;f;0;0;f;0;4;0;0;0;0;0;;;Unité;f;;;2026-07-08 13:03:30.983325;MASSY;2026-07-08 13:07:39.203641;MASSY;59;;;;f;0.00000000;0.00000000;0;f;t;f;0;0;1;0.0000;0.0000;0.0000;0.0000;f;;f;0.0000;f;f;0;;495;0.00000000;0;f;0.000000000000000;;;f;0.00000000;f;;;;f;;f;0.00000000;;;000248;"";f;0
604;f03f520e-52b7-4f3e-b265-8d8b7abcafde;P50DMT140;;;TABLE DE LECTURE DMT 50 X 50 PLAT 70 X 140 ;;p_Lot is null;0;1;;f;f;f;;6;;;;;;;TABLE DE LECTURE DMT 50 X 50 PLAT 70 X 140 ;;;;;;;3000.00000000;0.00000000;0.00000000;0.00000000;0;0;0;0;0;0;;;;;;f;f;f;00000000-0000-0000-0000-000000000000;0.00000000;526;;;526;f;f;f;f;f;f;f;f;f;0;0;f;0;0;0;0;0;0;0;;;;f;;;2026-03-11 10:04:22.591417;FAHIM;2026-03-11 12:04:16.868248;FAHIM;154;;;;f;0.00000000;0.00000000;0;f;f;f;0;0;1;0.0000;0.0000;0.0000;0.0000;f;;f;0.0000;f;f;0;;;0.00000000;0;f;0.000000000000000;;;f;0.00000000;f;;;;f;;f;0.00000000;;;000135;"";f;0
799;a133cf40-2962-4475-aea3-b24affef83ae;000660;;;SKAI IMP 0.6;;;0;3;;f;f;f;;2;;;;;;;SKAI IMP 0.6;;;;;;;330.00000000;0.00000000;0.00000000;330.00000000;0;0;0;0;0;0;;;;;;f;f;f;00000000-0000-0000-0000-000000000000;0.00000000;721;;;721;f;f;f;f;f;f;f;f;f;0;0;f;0;905;0;0;0;0;0;;;;f;;;2026-09-06 10:03:38.960219;FAHIM;;;11;;;;f;0.00000000;0.00000000;0;f;f;f;0;0;1;0.0000;0.0000;0.0000;0.0000;f;;f;0.0000;f;f;0;;;0.00000000;0;f;0.000000000000000;;;f;0.00000000;f;;;;f;;f;0.00000000;;;, ;"";f;0
691;1f08a90a-22c6-4fc6-985e-e74fb60ff6ae;000560;;;MASQ LUNETTE ;;p_Lot is null;0;1;;f;f;f;;5;;;;;;;MASQ LUNETTE ;;;;;;;3000.00000000;0.00000000;0.00000000;3000.00000000;0;0;0;0;0;0;;;;;;f;f;f;00000000-0000-0000-0000-000000000000;0.00000000;613;;;613;f;f;f;f;f;f;f;f;f;0;0;f;0;1;0;0;0;0;0;;;;f;;;2026-06-14 10:42:09.697171;FAHIM;;;73;;;;f;0.00000000;0.00000000;0;f;f;f;0;0;1;0.0000;0.0000;0.0000;0.0000;f;;f;0.0000;f;f;0;;;0.00000000;0;f;0.000000000000000;;;f;0.00000000;f;;;;f;;f;0.00000000;;;, ;"";f;0
767;bc551803-e9f8-48b8-9d17-e7bdd65f7cb0;TRATLASPCENT5050;;; TABLE DE REUNION ATLAS AVEC P CENTRAL 50x50 M 90 X 280 ;;p_Lot is null;0;3;;f;f;f;;13;;1;;;;; TABLE DE REUNION ATLAS AVEC P CENTRAL 50x50 M 90 X 280 ;;;;;;;4062.39180000;0.00000000;0.00000000;0.00000000;0;0;0;0;0;0;;;;;;t;f;f;00000000-0000-0000-0000-000000000000;0.00000000;689;;;;f;f;f;f;f;f;f;f;f;0;0;f;0;0;0;0;0;0;0;;;Unité;f;;;2026-08-23 12:42:42.124439;MASSY;2026-08-23 12:43:42.885136;MASSY;20;;;;f;0.00000000;0.00000000;0;f;t;f;0;0;1;0.0000;0.0000;0.0000;0.0000;f;;f;0.0000;f;f;0;;;0.00000000;0;f;0.000000000000000;;;f;0.00000000;f;;;;f;;f;0.00000000;;;000298;"";f;0
97;0cdfedff-a80f-42db-b2be-1ceaa4c999ec;TABB0001;;;PIED METAL DE TABLE BREIFING;;;0;3;;f;f;f;2;13;;1;;;;;PIED METAL DE TABLE BREIFING;;;;;;;1955.80810000;0.00000000;0.00000000;0.00000000;29;0;0;30;0;0;0;0.00000000;0.00000000;0.00000000;0.00000000;f;f;f;00000000-0000-0000-0000-000000000000;0.00000000;74;;;;f;f;f;f;f;f;f;f;f;0;0;f;0;47;0;0;3;0;0;;;Unité;f;;;;;2026-02-07 10:07:36.90372;FAHIM;429;;;;f;0.00000000;0.00000000;0;f;t;f;0;0;1;0.0000;0.0000;0.0000;0.0000;f;;f;0.0000;f;f;0;;;0.00000000;-35;f;0.000000000000000;;;f;0.00000000;f;;;;f;;f;0.00000000;;;97;"";f;0
702;e872bb7d-1058-4ade-8544-1348597c73dc;000571;;;CLICHE PHOTOPOLYMERE;;p_Lot is null;0;1;;f;f;f;;3;;;;;;;CLICHE PHOTOPOLYMERE;;;;;;;12500.00000000;0.00000000;0.00000000;12500.00000000;0;0;0;0;0;0;;;;;;f;f;f;00000000-0000-0000-0000-000000000000;0.00000000;624;;;624;f;f;f;f;f;f;f;f;f;0;0;f;0;1;0;0;0;0;0;;;;f;;;2026-06-24 16:25:09.685119;FAHIM;;;82;;;;f;0.00000000;0.00000000;0;f;f;f;0;0;1;0.0000;0.0000;0.0000;0.0000;f;;f;0.0000;f;f;0;;;0.00000000;0;f;0.000000000000000;;;f;0.00000000;f;;;;f;;f;0.00000000;;;, ;"";f;0
787;d64144cf-25d7-491c-bb0e-3094af829aed;000648;;;MASQUE ;;p_Lot is null;0;1;;f;f;f;;5;;;;;;;MASQUE ;;;;;;;450.00000000;0.00000000;0.00000000;450.00000000;0;0;0;0;0;0;;;;;;f;f;f;00000000-0000-0000-0000-000000000000;0.00000000;709;;;709;f;f;f;f;f;f;f;f;f;0;0;f;0;3;0;0;0;0;0;;;;f;;;2026-08-30 16:24:51.282852;FAHIM;;;15;;;;f;0.00000000;0.00000000;0;f;f;f;0;0;1;0.0000;0.0000;0.0000;0.0000;f;;f;0.0000;f;f;0;;;0.00000000;0;f;0.000000000000000;;;f;0.00000000;f;;;;f;;f;0.00000000;;;, ;"";f;0
205;9bec43d4-8edd-461d-b7cc-ade5e697187f;TBR3020;;;TUBE  30 X 20;;;0;1;;f;f;f;1;2;9;1;;;;;;;;;;;;750.00000000;0.00000000;0.00000000;100.00000000;10;0;0;0;0;0;0;0.00000000;0.00000000;0.00000000;0.00000000;f;f;f;00000000-0000-0000-0000-000000000000;0.00000000;174;;;;f;f;f;f;f;f;f;f;f;0;0;f;0;0;0;0;0;0;0;;;Unité;f;;;;;2026-02-07 10:07:35.619407;FAHIM;294;;;;f;0.00000000;0.00000000;0;f;f;f;0;0;1;0.0000;0.0000;0.0000;0.0000;f;;f;0.0000;f;f;0;;;0.00000000;0;f;0.000000000000000;;;f;0.00000000;f;;;;f;;f;0.00000000;;;;;f;0
197;6c57617b-0d44-4a12-83c9-031d5867af2a;TBRD1612;;;TUBE ROND 16 X 12;;;0;3;;f;f;f;1;2;9;1;;;;;;;;;;;;410.22750000;0.00000000;0.00000000;277.31092437;620.8;0;0;0;0;0;0;0.00000000;0.00000000;0.00000000;0.00000000;f;f;f;00000000-0000-0000-0000-000000000000;0.00000000;166;;;;f;f;f;f;f;f;f;f;f;0;0;f;0;2304;0;0;0;0;0;;;Unité;f;;;;;2026-02-07 10:07:35.7206;FAHIM;413;;;;f;0.00000000;0.00000000;0;f;f;f;0;0;1;0.0000;0.0000;0.0000;0.0000;f;;f;0.0000;f;f;0;;;0.00000000;0;f;0.000000000000000;;;f;0.00000000;f;;;;f;;f;0.00000000;;;;;f;0
187;7e2e06bc-384a-41e2-81de-17098a276e7a;TBOV63216;;;TUBE OVAL LAC  6M  32 X 16 X 12;;;0;1;;f;f;f;3;2;9;1;;;;;;;;;;;;438.50470000;0.00000000;0.00000000;428.57142857;443.95;0;0;0;0;0;0;0.00000000;0.00000000;0.00000000;0.00000000;f;f;f;00000000-0000-0000-0000-000000000000;0.00000000;156;;;;f;f;f;f;f;f;f;f;f;0;0;f;0;1066.55;0;0;0;0;0;;;Unité;f;;;;;2026-02-07 10:07:35.846077;FAHIM;357;;;;f;0.00000000;0.00000000;0;f;f;f;0;0;1;0.0000;0.0000;0.0000;0.0000;f;;f;0.0000;f;f;0;;;0.00000000;0;f;0.000000000000000;;;f;0.00000000;f;;;;f;;f;0.00000000;;;;;f;0
447;72f49974-3ff1-4936-8eb3-12f4c9d04d0f;STSCLRGM;;;STRUCTURE METALIQUE TABLE SCOLAIRE GM;;;0;1;;f;f;f;2;14;;1;;;;;;;;;;;;960.56230000;0.00000000;0.00000000;100.00000000;0;0;0;0;0;0;0;0.00000000;0.00000000;0.00000000;0.00000000;t;f;f;00000000-0000-0000-0000-000000000000;0.00000000;370;;;;f;f;f;f;f;f;f;f;f;0;0;f;0;100;0;0;0;0;0;;;Unité;f;;;;;2026-02-07 10:07:33.068786;FAHIM;297;;;;f;0.00000000;0.00000000;0;f;t;f;0;0;1;0.0000;0.0000;0.0000;0.0000;f;;f;0.0000;f;f;0;;;0.00000000;-200;f;0.000000000000000;;;f;0.00000000;f;;;;f;;f;0.00000000;;;;;f;0
750;0b00895f-3fcc-4857-8d72-61422a2ea0ea;000614;;;FRAISE DECOUPE ARDEN 6*22;;;0;1;;f;f;f;;5;;;;;;;FRAISE DECOUPE ARDEN 6*22;;;;;;;1300.00000000;0.00000000;0.00000000;1300.00000000;0;0;0;0;0;0;;;;;;f;f;f;00000000-0000-0000-0000-000000000000;0.00000000;672;;;672;f;f;f;f;f;f;f;f;f;0;0;f;0;5;0;0;0;0;0;;;;f;;;2026-08-03 09:56:06.449722;FAHIM;;;34;;;;f;0.00000000;0.00000000;0;f;f;f;0;0;1;0.0000;0.0000;0.0000;0.0000;f;;f;0.0000;f;f;0;;;0.00000000;0;f;0.000000000000000;;;f;0.00000000;f;;;;f;;f;0.00000000;;;, ;"";f;0
114;90de699d-c9f0-4d04-ae66-6aa343e6d935;MCHM11;;;MECHE M11;;;0;1;;f;f;f;2;2;;1;;;;;;;;;;;;750.00000000;0.00000000;0.00000000;100.00000000;16;0;0;0;0;0;0;0.00000000;0.00000000;0.00000000;0.00000000;f;f;f;00000000-0000-0000-0000-000000000000;0.00000000;90;;;;f;f;f;f;f;f;f;f;f;0;0;f;0;15;0;0;0;0;0;;;Unité;f;;;;;2026-02-07 10:07:36.700262;FAHIM;374;;;;f;0.00000000;0.00000000;0;f;f;f;0;0;1;0.0000;0.0000;0.0000;0.0000;f;;f;0.0000;f;f;0;;;0.00000000;0;f;0.000000000000000;;;f;0.00000000;f;;;;f;;f;0.00000000;;;;;f;0
351;572d90ba-9d31-4b8b-96f6-34919dbac16c;ECO COP;;COUPE;ECO COUPE ;;;0;1;;f;f;f;2;2;;;;;;;;;;;;;;0.00000000;0.00000000;0.00000000;0.00000000;0;0;0;0;0;0;0;0.00000000;0.00000000;0.00000000;0.00000000;t;f;f;00000000-0000-0000-0000-000000000000;0.00000000;287;;;;f;f;f;f;f;f;f;f;f;0;0;t;0;0;0;0;0;0;0;;;Unité;f;;;;;2026-02-07 10:07:34.161889;FAHIM;291;;;;f;0.00000000;0.00000000;0;f;t;f;0;0;;0.0000;0.0000;0.0000;0.0000;f;;f;0.0000;f;f;0;;;0.00000000;0;f;0.000000000000000;;;f;0.00000000;f;;;;f;;f;0.00000000;;;;;f;0
534;0ba66266-a7af-4c9a-b45f-f278b82d9cd4;CHG 021;;;CHAISE VISITEUR G 021 ;;p_Lot is null;0;1;;f;f;f;;12;;;;;;;CHAISE VISITEUR G 021 ;;;;;;;2562.22040000;0.00000000;0.00000000;0.00000000;0;0;0;0;0;0;;;;;;t;f;f;00000000-0000-0000-0000-000000000000;0.00000000;456;;;456;f;f;f;f;f;f;f;f;f;0;0;f;0;21;0;0;0;0;0;;;;f;;;2025-12-02 16:33:00.023687;admin;2026-02-07 10:07:32.031585;FAHIM;393;;;;f;0.00000000;0.00000000;0;f;t;f;0;0;1;0.0000;0.0000;0.0000;0.0000;f;;f;0.0000;f;f;0;;490;0.00000000;-503;f;0.000000000000000;;;f;0.00000000;f;;;;f;;f;0.00000000;;;000065;"";f;0
511;2b8d9480-5925-48b3-9b81-c3c302e7b94b;IMP009;;;CHAISE IMPERIAL QUADRUPLETTE LUXE TISSU EPOXY ;;;0;3;;f;f;f;;12;;1;;;;;CHAISE IMPERIAL QUADRUPLETTE LUXE TISSU EPOXY ;;;;;;;8191.34660000;0.00000000;0.00000000;0.00000000;0;0;0;0;0;0;;;;;;t;f;f;00000000-0000-0000-0000-000000000000;0.00000000;433;;;;f;f;f;f;f;f;f;f;f;0;0;f;0;10;0;0;0;0;0;;;Unité;f;;;2025-11-27 15:27:26.930628;admin;2026-02-07 10:07:32.324189;FAHIM;261;;;;f;0.00000000;0.00000000;0;f;t;f;0;0;1;0.0000;0.0000;0.0000;0.0000;f;;f;0.0000;f;f;0;;;0.00000000;0;f;0.000000000000000;;;f;0.00000000;f;;;;f;;f;0.00000000;;;000042;"";f;0
194;c20da7e8-e313-46b5-b060-ae275cddc293;FRP4008;;;FER PLAT 40 X 8;;;0;1;;f;f;f;1;2;;1;;;;;;;;;;;;2650.00000000;0.00000000;0.00000000;100.00000000;1;0;0;0;0;0;0;0.00000000;0.00000000;0.00000000;0.00000000;f;f;f;00000000-0000-0000-0000-000000000000;0.00000000;163;;;;f;f;f;f;f;f;f;f;f;0;0;f;0;0;0;0;0;0;0;;;Unité;f;;;;;2026-02-07 10:07:35.758056;FAHIM;293;;;;f;0.00000000;0.00000000;0;f;f;f;0;0;1;0.0000;0.0000;0.0000;0.0000;f;;f;0.0000;f;f;0;;;0.00000000;0;f;0.000000000000000;;;f;0.00000000;f;;;;f;;f;0.00000000;;;;;f;0
126;64b1c068-9f8a-4c6b-b102-6c422e134dd9;CBLC001;;;CABLE POUR CEINTREUSE;;;0;1;;f;f;f;2;2;;1;;;;;;;;;;;;168.06720000;0.00000000;0.00000000;168.06722689;0;0;0;0;0;0;0;0.00000000;0.00000000;0.00000000;0.00000000;f;f;f;00000000-0000-0000-0000-000000000000;0.00000000;102;;;;f;f;f;f;f;f;f;f;f;0;0;t;0;5;0;0;0;0;0;;;Unité;f;;;;;2026-02-07 10:07:36.547325;FAHIM;294;;;;f;0.00000000;0.00000000;0;f;f;f;0;0;1;0.0000;0.0000;0.0000;0.0000;f;;f;0.0000;f;f;0;;;0.00000000;0;f;0.000000000000000;;;f;0.00000000;f;;;;f;;f;0.00000000;;;;;f;0
430;70ddcf0b-5c57-44db-86a8-bebb1aa54569;PLTMDF12070;;; PLATAUX MDF 120X70 GRIS;;;0;3;;f;f;f;;15;;;;;;;;;;;;;;2941.18000000;0.00000000;0.00000000;2941.18000000;17;0;0;0;0;0;0;0.00000000;0.00000000;0.00000000;0.00000000;f;f;f;00000000-0000-0000-0000-000000000000;0.00000000;354;;;;f;f;f;f;f;f;f;f;f;0;0;f;0;0;0;0;0;0;0;;;Unité;f;;;;;2026-02-07 10:07:33.266227;FAHIM;293;;;;f;0.00000000;0.00000000;0;f;f;f;0;0;;0.0000;0.0000;0.0000;0.0000;f;;f;0.0000;f;f;0;;;0.00000000;0;f;0.000000000000000;;;f;0.00000000;f;;;;f;;f;0.00000000;;;;;f;0
506;b8dc827c-05ba-41f3-a215-957a67dbbffe;STR CURVIA M100;;;STRUCTURE METALIQUE TABLE DE REUNION CURVIA M 100;"";;0;1;;f;f;f;;14;4;;;;;;STRUCTURE METALIQUE TABLE DE REUNION CURVIA M 100;;;;;;;0.00000000;0.00000000;0.00000000;0.00000000;0;0;0;0;0;0;;;;;;f;f;f;00000000-0000-0000-0000-000000000000;0.00000000;428;;;428;f;f;f;f;f;f;f;f;f;0;0;f;0;0;0;0;0;0;0;;;;f;;;2025-11-20 13:20:45.835278;admin;2026-02-07 10:07:32.38735;FAHIM;252;;;;f;0.00000000;0.00000000;0;f;t;f;0;0;1;0.0000;0.0000;0.0000;0.0000;f;;f;0.0000;f;f;0;;;0.00000000;0;f;0.000000000000000;;;f;0.00000000;f;;;;f;;f;0.00000000;;;000037;"";f;0
316;55ccb3bc-0c25-4784-8081-0ac60f7197d1;TL20 1x2;;; TOLE 20 1000 X 2000;;;0;1;;f;f;f;1;2;;1;;;;; TOLE 20 1000 X 2000;;;;;;;3639.91460000;0.00000000;0.00000000;3260.00000000;5.3;0;0;0;0;0;0;0.00000000;0.00000000;0.00000000;0.00000000;f;f;f;00000000-0000-0000-0000-000000000000;0.00000000;255;;;;f;f;f;f;f;f;f;f;f;0;0;t;0;16.866;0;0;0;0;0;;;Unité;f;;;;;2026-02-07 10:07:34.569368;FAHIM;312;;;;f;0.00000000;0.00000000;0;f;f;f;0;0;1;0.0000;0.0000;0.0000;0.0000;f;;f;0.0000;f;f;0;;;0.00000000;0;f;0.000000000000000;;;f;0.00000000;f;;;;f;;f;0.00000000;;;316;"";f;0
520;5e49fbdb-cf72-40a4-a8b7-9ed20f5da714;000425;;;PIED METAL TABLE BASSE ECO ;;;0;1;;f;f;f;;13;;;;;;;PIED METAL TABLE BASSE ECO ;;;;;;;0.00000000;0.00000000;0.00000000;0.00000000;0;0;0;0;0;0;;;;;;t;f;f;00000000-0000-0000-0000-000000000000;0.00000000;442;;;442;f;f;f;f;f;f;f;f;f;0;0;f;0;23;0;0;0;0;0;;;;f;;;2025-12-01 12:37:52.335828;LINA;2026-09-02 09:38:25.964304;FAHIM;284;;;;f;0.00000000;0.00000000;0;f;t;f;0;0;1;0.0000;0.0000;0.0000;0.0000;f;;f;0.0000;f;f;0;;;0.00000000;-35;f;0.000000000000000;;;f;0.00000000;f;;;;f;;f;0.00000000;;;000051;"";f;0
132;df8508c0-aba2-48f2-badb-28a441622353;INSM6;;;INSERT  M6;;;0;1;;f;f;f;1;2;;1;;;;;;;;;;;;3.75920000;0.00000000;0.00000000;3.78151261;12160;0;0;0;0;0;0;0.00000000;0.00000000;0.00000000;0.00000000;f;f;f;00000000-0000-0000-0000-000000000000;0.00000000;108;;;;f;f;f;f;f;f;f;f;f;0;0;f;0;0;0;0;0;0;0;;;Unité;f;;;;;2026-02-07 10:07:36.470423;FAHIM;643;;;;f;0.00000000;0.00000000;0;f;f;f;0;0;1;0.0000;0.0000;0.0000;0.0000;f;;f;0.0000;f;f;0;;;0.00000000;0;f;0.000000000000000;;;f;0.00000000;f;;;;f;;f;0.00000000;;;;;f;0
688;bfd0b51a-f19f-4d25-8a83-99fc6ebe50b8;000557;;;MOUSSE 6 cm (160*190*6) VISCOSE;;p_Lot is null;0;1;;f;f;f;;2;;;;;;;MOUSSE 6 cm (160*190*6) VISCOSE;;;;;;;9000.00000000;0.00000000;0.00000000;9000.00000000;0;0;0;0;0;0;;;;;;f;f;f;00000000-0000-0000-0000-000000000000;0.00000000;610;;;610;f;f;f;f;f;f;f;f;f;0;0;f;0;1;0;0;0;0;0;;;;f;;;2026-06-10 09:24:46.19594;FAHIM;2026-07-20 13:51:20.854109;MASSY;77;;;;f;0.00000000;0.00000000;0;f;f;f;0;0;1;0.0000;0.0000;0.0000;0.0000;f;;f;0.0000;f;f;0;;;0.00000000;0;f;0.000000000000000;;;f;0.00000000;f;;;;f;;f;0.00000000;;;000219;"";f;0
336;6a2193fa-8957-428f-918b-c7f651698d6c;PRM827;;;PIED REGLABLES M8 27 ;;;0;1;;f;f;f;1;2;;1;;;;;;;;;;;;10.92440000;0.00000000;0.00000000;10.92436975;2522;0;0;0;0;0;0;0.00000000;0.00000000;0.00000000;0.00000000;f;f;f;00000000-0000-0000-0000-000000000000;0.00000000;272;;;;f;f;f;f;f;f;f;f;f;0;0;f;0;2201;0;0;0;0;0;;;Unité;t;FAHIM;2026-02-07 13:08:32.214772;;;2026-02-07 13:16:50.306014;FAHIM;323;;;;f;0.00000000;0.00000000;0;f;f;f;0;0;1;0.0000;0.0000;0.0000;0.0000;f;;f;0.0000;f;f;0;;;0.00000000;0;f;0.000000000000000;;;f;0.00000000;f;;;;f;;f;0.00000000;;;;;f;0
378;9bd25461-fe6b-49bc-a3e8-c0efe0907b11;STBT30;;;"SUPPORT TABLE BASSE 30*30 
";;;0;3;;f;f;f;2;14;;;;;;;;;;;;;;1474.50000000;0.00000000;0.00000000;0.00000000;0;0;0;0;0;0;0;0.00000000;0.00000000;0.00000000;0.00000000;t;f;f;00000000-0000-0000-0000-000000000000;0.00000000;308;;;;f;f;f;f;f;f;f;f;f;0;0;t;0;0;0;0;0;0;0;;;Unité;f;;;;;2026-02-07 10:07:33.870474;FAHIM;291;;;;f;0.00000000;0.00000000;0;f;t;f;0;0;;0.0000;0.0000;0.0000;0.0000;f;;f;0.0000;f;f;0;;;0.00000000;0;f;0.000000000000000;;;f;0.00000000;f;;;;f;;f;0.00000000;;;;;f;0
721;5235f4ba-11bd-42c2-9c53-65bc088bf0bf;000589;;;CHAISE ZIRCON 8001 C;;;0;3;;f;f;f;;10;;;;;;;CHAISE ZIRCON 8001 C;;;;;;;14100.00000000;0.00000000;0.00000000;14100.00000000;0;0;0;0;0;0;;;;;;f;f;f;00000000-0000-0000-0000-000000000000;0.00000000;643;;;643;f;f;f;f;f;f;f;f;f;0;0;f;0;0;0;0;0;0;0;;;;f;;;2026-07-09 14:42:36.777875;FAHIM;;;66;;;;f;0.00000000;0.00000000;0;f;f;f;0;0;1;0.0000;0.0000;0.0000;0.0000;f;;f;0.0000;f;f;0;;;0.00000000;-7;f;0.000000000000000;;;f;0.00000000;f;;;;f;;f;0.00000000;;;, ;"";f;0
742;864e99da-57c3-4914-b78f-81402f268744;000606;;;ELECTROVANNE;;;0;1;;f;f;f;;5;;;;;;;ELECTROVANNE;;;;;;;73000.00000000;0.00000000;0.00000000;73000.00000000;0;0;0;0;0;0;;;;;;f;f;f;00000000-0000-0000-0000-000000000000;0.00000000;664;;;664;f;f;f;f;f;f;f;f;f;0;0;f;0;1;0;0;0;0;0;;;;f;;;2026-07-26 15:22:03.101405;FAHIM;;;41;;;;f;0.00000000;0.00000000;0;f;f;f;0;0;1;0.0000;0.0000;0.0000;0.0000;f;;f;0.0000;f;f;0;;;0.00000000;0;f;0.000000000000000;;;f;0.00000000;f;;;;f;;f;0.00000000;;;, ;"";f;0
724;62e226ac-9d5c-4f61-8cde-58b1e3eb5fff;000591;;;LAME KITEUR;;p_Lot is null;0;1;;f;f;f;;5;;;;;;;LAME KITEUR;;;;;;;4.00000000;0.00000000;0.00000000;4.00000000;0;0;0;0;0;0;;;;;;f;f;f;00000000-0000-0000-0000-000000000000;0.00000000;646;;;646;f;f;f;f;f;f;f;f;f;0;0;f;0;100;0;0;0;0;0;;;;f;;;2026-07-13 10:57:15.292473;FAHIM;;;58;;;;f;0.00000000;0.00000000;0;f;f;f;0;0;1;0.0000;0.0000;0.0000;0.0000;f;;f;0.0000;f;f;0;;;0.00000000;0;f;0.000000000000000;;;f;0.00000000;f;;;;f;;f;0.00000000;;;, ;"";f;0
352;66255475-4e3d-4a95-91f8-5c54d5984577;TRS0001;;;TRANSPORT;;;2;1;;f;f;f;2;16;;;;;;;;;;;;;;20000.00000000;0.00000000;0.00000000;20000.00000000;0;0;0;0;0;0;0;0.00000000;0.00000000;0.00000000;0.00000000;f;f;f;00000000-0000-0000-0000-000000000000;0.00000000;288;;;;t;f;f;f;f;f;f;f;f;0;0;t;0;0;0;0;0;0;0;;;Unité;f;;;;;2026-02-07 10:07:34.149441;FAHIM;306;;;;f;0.00000000;0.00000000;0;f;f;f;0;0;;0.0000;0.0000;0.0000;0.0000;f;;f;0.0000;f;f;0;;;0.00000000;-2;f;0.000000000000000;;;f;0.00000000;f;;;;f;;f;0.00000000;;;;;f;0
788;6eee34d0-e07c-418a-ac46-e850f66db350;000649;;;CERCLE RECTANGLE 4M 60X40;;p_Lot is null;0;3;;f;f;f;;16;;;;;;;CERCLE RECTANGLE 4M 60X40;;;;;;;500.00000000;0.00000000;0.00000000;500.00000000;0;0;0;0;0;0;;;;;;f;f;f;00000000-0000-0000-0000-000000000000;0.00000000;710;;;710;f;f;f;f;f;f;f;f;f;0;0;f;0;48;0;0;0;0;0;;;;f;;;2026-09-01 11:12:52.381195;FAHIM;;;17;;;;f;0.00000000;0.00000000;0;f;f;f;0;0;1;0.0000;0.0000;0.0000;0.0000;f;;f;0.0000;f;f;0;;;0.00000000;0;f;0.000000000000000;;;f;0.00000000;f;;;;f;;f;0.00000000;;;, ;"";f;0
457;51d90c9a-aaf7-4aa3-b4b3-c875e36a88cd;P3845;;;"PIED METAL TRAPEZ     M 45 ROTEUR
";;;0;3;;f;f;f;2;13;;1;;;;;;;;;;;;2645.59000000;0.00000000;0.00000000;0.00000000;0;0;0;40;0;0;0;0.00000000;0.00000000;0.00000000;0.00000000;t;f;f;00000000-0000-0000-0000-000000000000;0.00000000;380;;;;f;f;f;f;f;f;f;f;f;0;0;f;0;0;0;0;0;0;0;;;Unité;f;;;;;2026-02-07 10:07:32.906445;FAHIM;291;;;;f;0.00000000;0.00000000;0;f;t;f;0;0;1;0.0000;0.0000;0.0000;0.0000;f;;f;0.0000;f;f;0;;;0.00000000;0;f;0.000000000000000;;;f;0.00000000;f;;;;f;;f;0.00000000;;;;;f;0
764;24e3d51e-6d58-44ce-908c-51f93bd3086d;TABCAF6060TL40;;;TABLE CAFETERIA 70 X 70 ;;p_Lot is null;0;3;;f;f;f;;6;11;;;;;;TABLE CAFETERIA 70 X 70 ;;;;;;;3135.63250000;0.00000000;0.00000000;0.00000000;0;0;0;0;0;0;;;;;;t;f;f;00000000-0000-0000-0000-000000000000;0.00000000;686;;;686;f;f;t;f;f;f;f;f;f;0;0;f;0;0;0;0;0;0;0;;;;f;;;2026-08-23 12:03:28.908081;MASSY;2026-08-23 12:04:30.36816;MASSY;19;;;;f;0.00000000;0.00000000;0;f;t;f;0;0;1;0.0000;0.0000;0.0000;0.0000;f;;f;0.0000;f;f;0;;;0.00000000;0;f;0.000000000000000;;;f;0.00000000;f;;;;f;;f;0.00000000;;;000295;"";f;0
395;8eeb7e79-76ef-4826-8768-ff3119721ea4;PLTMLM 16080;;;PLATAUX MILAMINE 160X80;;;0;3;;f;f;f;;15;;;;;;;;;;;;;;3930.00000000;0.00000000;0.00000000;3930.00000000;0;0;0;0;0;0;0;0.00000000;0.00000000;0.00000000;0.00000000;f;f;f;00000000-0000-0000-0000-000000000000;0.00000000;325;;;;f;f;f;f;f;f;f;f;f;0;0;f;0;4;0;0;0;0;0;;;Unité;f;;;;;2026-02-07 10:07:33.655775;FAHIM;292;;;;f;0.00000000;0.00000000;0;f;f;f;0;0;;0.0000;0.0000;0.0000;0.0000;f;;f;0.0000;f;f;0;;;0.00000000;0;f;0.000000000000000;;;f;0.00000000;f;;;;f;;f;0.00000000;;;;;f;0
703;baea18b2-db25-4fac-acf0-ca9357e2296b;000572;;;CHAISE PRESTIGE T 6001;;p_Lot is null;0;3;;f;f;f;;10;;;;;;;CHAISE PRESTIGE T 6001;;;;;;;15300.00000000;0.00000000;0.00000000;15300.00000000;0;0;0;0;0;0;;;;;;f;f;f;00000000-0000-0000-0000-000000000000;0.00000000;625;;;625;f;f;f;f;f;f;f;f;f;0;0;f;0;0;0;0;0;0;0;;;;f;;;2026-06-28 10:56:23.359375;FAHIM;2026-07-09 14:39:39.653016;FAHIM;82;;;;f;0.00000000;0.00000000;0;f;f;f;0;0;1;0.0000;0.0000;0.0000;0.0000;f;;f;0.0000;f;f;0;;;0.00000000;-8;f;0.000000000000000;;;f;0.00000000;f;;;;f;;f;0.00000000;;;000234;"";f;0
567;ea2cee60-aeeb-4831-ba40-5da9b89f76eb;TRM360 X140 BAROK;;;TABLE DE REUNION 360 X 140 BAROK PIED METALIQUE ;;p_Lot is null;0;3;;f;f;f;;15;;;;;;;TABLE DE REUNION 360 X 140 BAROK PIED METALIQUE ;;;;;;;25661.55960000;0.00000000;0.00000000;0.00000000;0;0;0;0;0;0;;;;;;t;f;f;00000000-0000-0000-0000-000000000000;0.00000000;489;;;489;f;f;t;f;f;f;f;f;f;0;0;f;0;0;0;0;0;0;0;;;;f;;;2026-02-07 12:27:09.964803;MASSY;2026-02-07 12:43:29.22429;MASSY;182;;;;f;0.00000000;0.00000000;0;f;t;f;0;0;1;0.0000;0.0000;0.0000;0.0000;f;;f;0.0000;f;f;0;;505;0.00000000;0;f;0.000000000000000;;;f;0.00000000;f;;;;f;;f;0.00000000;;;000098;"";f;0
477;b5d020c0-6457-4512-a9eb-637b025aaeb1;CJPZ120S;;99.5;CACHE JUPE MEGA Z / Z ONE 120 S;;;0;3;;f;f;f;;13;;1;;;;;CACHE JUPE MEGA Z / Z ONE 120 S;;;;;;;0.02400000;0.00000000;0.00000000;0.00000000;0;0;0;60;0;0;;;;;;t;f;f;00000000-0000-0000-0000-000000000000;0.00000000;399;;;;f;f;f;f;f;f;f;f;f;0;0;f;0;65;0;0;0;0;0;;;Unité;f;;;2025-10-19 15:17:31.794714;FAHIM;2026-02-07 10:07:32.704722;FAHIM;319;;;;f;0.00000000;0.00000000;0;f;t;f;0;0;1;0.0000;0.0000;0.0000;0.0000;f;;f;0.0000;f;f;0;;;0.00000000;-25;f;0.000000000000000;;;f;0.00000000;f;;;;f;;f;0.00000000;;;000008;"";f;0
735;798d16af-44bd-475e-b6ff-8bfe2bacd8d6;000599;;;BAHUT ZAINE SONOMA 160*100*40;;p_Lot is null;0;1;;f;f;f;;10;;;;;;;BAHUT ZAINE SONOMA 160*100*40;;;;;;;22800.00000000;0.00000000;0.00000000;24000.00000000;0;0;0;0;0;0;;;;;;f;f;f;00000000-0000-0000-0000-000000000000;0.00000000;657;;;657;f;f;f;f;f;f;f;f;f;0;0;f;0;0;0;0;0;0;0;;;;f;;;2026-07-19 16:00:55.269783;FAHIM;;;48;;;;f;0.00000000;0.00000000;0;f;f;f;0;0;1;0.0000;0.0000;0.0000;0.0000;f;;f;0.0000;f;f;0;;;0.00000000;0;f;0.000000000000000;;;f;0.00000000;f;;;;f;;f;0.00000000;;;, ;"";f;0
660;afc1330b-654b-4d96-9ea3-6593bc885f9f;TL5080180;;;TABLE DE LECTURE 50 X 50 80 X 180 ;;p_Lot is null;0;3;;f;f;f;;13;;;;;;;TABLE DE LECTURE 50 X 50 80 X 180 ;;;;;;;2654.77790000;0.00000000;0.00000000;0.00000000;0;0;0;0;0;0;;;;;;t;f;f;00000000-0000-0000-0000-000000000000;0.00000000;582;;;;f;f;f;f;f;f;f;f;f;0;0;f;0;0;0;0;0;0;0;;;Unité;f;;;2026-05-13 13:09:08.45304;MASSY;2026-05-13 13:10:11.975863;MASSY;103;;;;f;0.00000000;0.00000000;0;f;t;f;0;0;;0.0000;0.0000;0.0000;0.0000;f;;f;0.0000;f;f;0;;;0.00000000;-85;f;0.000000000000000;;;f;0.00000000;f;;;;f;;f;0.00000000;;;000191;"";f;0
595;ae1cc0fb-3384-4db3-a430-01616cb120ec;P34180;;ECO 180;STRUCTURE METALIQUE ECO M60 180 ;;;0;3;;f;f;f;;14;;1;;;;;STRUCTURE METALIQUE ECO M60 180 ;;;;;;;3132.68000000;0.00000000;0.00000000;0.00000000;0;0;0;0;0;0;;;;;;t;f;f;00000000-0000-0000-0000-000000000000;0.00000000;517;;;;t;f;f;f;f;f;f;f;f;0;0;f;0;0;0;0;0;0;0;;;Unité;f;;;2026-02-18 13:22:21.76496;FAHIM;2026-02-18 13:23:13.413514;FAHIM;167;;;;f;0.00000000;0.00000000;0;f;t;f;0;0;1;0.0000;0.0000;0.0000;0.0000;f;;f;0.0000;f;f;0;;;0.00000000;0;f;0.000000000000000;;;f;0.00000000;f;;;;f;;f;0.00000000;;;000126;"";f;0
658;260b667c-9ac8-4cc1-be5c-c7a44a1a4dcd;000529;;;PIED A COULISSE 200;;p_Lot is null;0;1;;f;f;f;;5;5;;;;;;PIED A COULISSE 200;;;;;;;1560.00000000;0.00000000;0.00000000;1560.00000000;0;0;0;0;0;0;;;;;;f;f;f;00000000-0000-0000-0000-000000000000;0.00000000;580;;;580;f;f;f;f;f;f;f;f;f;0;0;f;0;1;0;0;0;0;0;;;;f;;;2026-05-12 11:00:45.776177;FAHIM;;;116;;;;f;0.00000000;0.00000000;0;f;f;f;0;0;1;0.0000;0.0000;0.0000;0.0000;f;;f;0.0000;f;f;0;;;0.00000000;0;f;0.000000000000000;;;f;0.00000000;f;;;;f;;f;0.00000000;;;, ;"";f;0
513;f44eaf55-481c-436c-b502-cc675a3ffe17;P34500;;;PIED METAL ECO M 50;;;0;3;;f;f;f;;13;;1;;;;;PIED METAL ECO M 50;;;;;;;1713.02380000;0.00000000;0.00000000;0.00000000;0;0;0;300;0;0;;;;;;t;f;f;00000000-0000-0000-0000-000000000000;0.00000000;435;;;;f;f;f;f;f;f;f;f;f;0;0;f;0;0;0;0;0;0;0;;;Unité;f;;;2025-11-29 09:02:32.874447;admin;2026-02-07 10:07:32.298274;FAHIM;248;;;;f;0.00000000;0.00000000;0;f;t;f;0;0;1;0.0000;0.0000;0.0000;0.0000;f;;f;0.0000;f;f;0;;;0.00000000;0;f;0.000000000000000;;;f;0.00000000;f;;;;f;;f;0.00000000;;;000044;"";f;0
586;9c15104d-7d73-414d-9f3c-5461a353ca81;PLT MLM 160 GLB;;PLT;PLATAUX MLM 160*70 GALBI ;;;0;1;;f;f;t;;15;;;;;;;PLATAUX MLM 160*70 GALBI ;;;;;;;8300.00000000;0.00000000;0.00000000;8300.00000000;0;0;0;0;0;0;;;;;;t;f;f;00000000-0000-0000-0000-000000000000;0.00000000;508;;;508;f;f;t;f;f;f;f;f;f;0;0;f;0;0;0;0;0;0;0;;;;f;;;2026-02-14 14:00:34.135869;MASSY;;;186;;;;f;0.00000000;0.00000000;0;f;t;f;0;0;1;0.0000;0.0000;0.0000;0.0000;f;;f;0.0000;f;f;0;;;0.00000000;0;f;0.000000000000000;;;f;0.00000000;f;;;;f;;f;0.00000000;;;, ;"";f;0
406;73dc2ca3-e92e-43e2-abca-05bf85c16d8f;RFRT180;;;RENFORT ECO MAXI 180;;;0;3;;f;f;f;2;10;;1;;;;;;;;;;;;421.34960000;0.00000000;0.00000000;100.00000000;12;0;0;100;0;0;0;0.00000000;0.00000000;0.00000000;0.00000000;t;f;f;00000000-0000-0000-0000-000000000000;0.00000000;333;;;;f;f;f;f;f;f;f;f;f;0;0;f;0;119;0;0;0;0;0;;;Unité;f;;;;;2026-02-07 10:07:33.554453;FAHIM;316;;;;f;0.00000000;0.00000000;0;f;t;f;0;0;1;0.0000;0.0000;0.0000;0.0000;f;;f;0.0000;f;f;0;;;0.00000000;-25;f;0.000000000000000;;;f;0.00000000;f;;;;f;;f;0.00000000;;;;;f;0
76;090c3f00-419a-4903-988a-a82b0f555120;P36060;;;PIED METAL MAXI SLIM M 60;;;0;3;;f;f;f;2;13;;1;;;;;;;;;;;;2638.71000000;0.00000000;0.00000000;0.00000000;14;0;0;40;0;0;0;0.00000000;0.00000000;0.00000000;0.00000000;t;f;f;00000000-0000-0000-0000-000000000000;0.00000000;61;;;;f;f;f;f;f;f;f;f;f;0;0;f;0;14;0;0;0;0;0;;;Unité;f;;;;;2026-02-07 10:07:37.089786;FAHIM;342;;;;f;0.00000000;0.00000000;0;f;t;f;0;0;1;0.0000;0.0000;0.0000;0.0000;f;;f;0.0000;f;f;0;;;0.00000000;0;f;0.000000000000000;;;f;0.00000000;f;;;;f;;f;0.00000000;;;;;f;0
460;f9532a7d-9d20-4f1e-b182-208937288e8a;TR6040MIXT;;; TABLE DE REUNION ATLAS AVEC P CENTRAL M 120 X 360;;;0;3;;f;f;f;2;13;;1;;;;;;;;;;;;4838.74000000;0.00000000;0.00000000;0.00000000;0;0;0;0;0;0;0;0.00000000;0.00000000;0.00000000;0.00000000;t;f;f;00000000-0000-0000-0000-000000000000;0.00000000;383;;;;f;f;f;f;f;f;f;f;f;0;0;f;0;0;0;0;0;0;0;;;Unité;f;;;;;2026-02-07 10:07:32.868464;FAHIM;291;;;;f;0.00000000;0.00000000;0;f;t;f;0;0;1;0.0000;0.0000;0.0000;0.0000;f;;f;0.0000;f;f;0;;;0.00000000;-2;f;0.000000000000000;;;f;0.00000000;f;;;;f;;f;0.00000000;;;;;f;0
334;0b1da4a3-1157-4b7c-8cb1-51ea575f230e;ACCK002;;;ACCODOIRE K02;;;0;1;;f;f;f;2;2;2;;;;;;;;;;;;;50.00000000;0.00000000;0.00000000;0.00000000;575;0;0;0;0;0;0;0.00000000;0.00000000;0.00000000;0.00000000;f;f;f;00000000-0000-0000-0000-000000000000;0.00000000;270;;;;f;f;f;f;f;f;f;f;f;0;0;t;0;0;0;0;0;0;0;;;Unité;f;;;;;2026-02-07 10:07:34.380646;FAHIM;309;;;;f;0.00000000;0.00000000;0;f;f;f;0;0;;0.0000;0.0000;0.0000;0.0000;f;;f;0.0000;f;f;0;;;0.00000000;0;f;0.000000000000000;;;f;0.00000000;f;;;;f;;f;0.00000000;;;;;f;0
203;edd50196-78c0-4045-a2d5-26c277cb56f4;TB603018;;;TUBE 60 X30 X 18;;;0;3;;f;f;f;2;2;9;1;;;;;;;;;;;;0.00000000;0.00000000;0.00000000;100.00000000;0;0;0;0;0;0;0;0.00000000;0.00000000;0.00000000;0.00000000;f;f;f;00000000-0000-0000-0000-000000000000;0.00000000;172;;;;f;f;f;f;f;f;f;f;f;0;0;t;0;0;0;0;0;0;0;;;Unité;f;;;;;2026-02-07 10:07:35.644055;FAHIM;291;;;;f;0.00000000;0.00000000;0;f;f;f;0;0;1;0.0000;0.0000;0.0000;0.0000;f;;f;0.0000;f;f;0;;;0.00000000;0;f;0.000000000000000;;;f;0.00000000;f;;;;f;;f;0.00000000;;;;;f;0
441;1a62274d-9d00-4975-b004-c89a6042219f;CHG21R400;;;CHAISE VISITEURE G 21 R 400;;;0;3;;f;f;f;2;12;;;;;;;;;;;;;;3202.47000000;0.00000000;0.00000000;3200.00000000;1;0;0;0;0;0;0;0.00000000;0.00000000;0.00000000;0.00000000;f;f;f;00000000-0000-0000-0000-000000000000;0.00000000;364;;;;f;f;f;f;f;f;f;f;f;0;0;f;0;0;0;0;0;0;0;;;Unité;f;;;;;2026-02-07 10:07:33.141931;FAHIM;291;;;;f;0.00000000;0.00000000;0;f;f;f;0;0;;0.0000;0.0000;0.0000;0.0000;f;;f;0.0000;f;f;0;;;0.00000000;0;f;0.000000000000000;;;f;0.00000000;f;;;;f;;f;0.00000000;;;;;f;0
552;3e25e3a8-a751-4537-8b69-ce939f271a62;ENSMBUR160;;;ENSEMBLE BUREAU 160;;;0;1;;f;f;f;;15;;;;;;;ENSEMBLE BUREAU 160;;;;;;;49000.00000000;0.00000000;0.00000000;49000.00000000;0;0;0;0;0;0;;;;;;f;f;f;00000000-0000-0000-0000-000000000000;0.00000000;474;;;474;f;f;t;f;f;f;f;f;f;0;0;f;0;0;0;0;0;0;0;;;;f;;;2025-12-21 12:45:28.006006;FAHIM;2026-02-07 10:07:31.779563;FAHIM;233;;;;f;0.00000000;0.00000000;0;f;f;f;0;0;1;0.0000;0.0000;0.0000;0.0000;f;;f;0.0000;f;f;0;;;0.00000000;0;f;0.000000000000000;;;f;0.00000000;f;;;;f;;f;0.00000000;;;000083;"";f;0
393;92365fba-d0a4-4383-8227-c120f442b2f5;FRPT163;;;FER PLAT 16/3;;;0;3;;f;f;f;;6;;;;;;;;;;;;;;379.92880000;0.00000000;0.00000000;380.00000000;6;0;0;0;0;0;0;0.00000000;0.00000000;0.00000000;0.00000000;f;f;f;00000000-0000-0000-0000-000000000000;0.00000000;323;;;;f;f;f;f;f;f;f;f;f;0;0;t;0;90;0;0;0;0;0;;;Unité;f;;;;;2026-02-07 10:07:33.681105;FAHIM;315;;;;f;0.00000000;0.00000000;0;f;f;f;0;0;;0.0000;0.0000;0.0000;0.0000;f;;f;0.0000;f;f;0;;;0.00000000;0;f;0.000000000000000;;;f;0.00000000;f;;;;f;;f;0.00000000;;;;;f;0
591;4dd87999-3869-4fd4-b9eb-82654f07dee8;TL0571168;;;TOLE 057 1680 X 1000;;;0;3;;f;f;f;;2;;1;;;;;TOLE 057 1680 X 1000;;;;;;;1008.40340000;0.00000000;0.00000000;1008.40336134;0;0;0;0;0;0;;;;;;t;f;f;00000000-0000-0000-0000-000000000000;0.00000000;513;;;;f;f;f;f;f;f;f;f;f;0;0;f;0;850;0;0;0;0;0;;;Unité;f;;;2026-02-17 09:15:40.812355;MASSY;2026-02-17 09:16:40.960582;MASSY;182;;;;f;0.00000000;0.00000000;0;f;t;f;0;0;1;0.0000;0.0000;0.0000;0.0000;f;;f;0.0000;f;f;0;;;0.00000000;0;f;0.000000000000000;;;f;0.00000000;f;;;;f;;f;0.00000000;;;000122;"";f;0
219;b4113141-c51f-4e59-a967-0b6a71794e77;COR001;;;CORNIERE;;;0;1;;f;f;f;1;2;;1;;;;;;;;;;;;776.21360000;0.00000000;0.00000000;750.00000000;3;0;0;0;0;0;0;0.00000000;0.00000000;0.00000000;0.00000000;f;f;f;00000000-0000-0000-0000-000000000000;0.00000000;188;;;;f;f;f;f;f;f;f;f;f;0;0;t;0;99;0;0;0;0;0;;;Unité;f;;;;;2026-02-07 10:07:35.412961;FAHIM;306;;;;f;0.00000000;0.00000000;0;f;f;f;0;0;1;0.0000;0.0000;0.0000;0.0000;f;;f;0.0000;f;f;0;;;0.00000000;0;f;0.000000000000000;;;f;0.00000000;f;;;;f;;f;0.00000000;;;;;f;0
557;2dc84949-be08-4e80-8323-99d18efdea26;STRPMSM120;;;STRUCTURE EXAGONAL STATION 3 POSTES;;p_Lot is null;0;1;;f;f;f;;14;;;;;;;STRUCTURE EXAGONAL STATION 3 POSTES;;;;;;;0.00000000;0.00000000;0.00000000;0.00000000;0;0;0;0;0;0;;;;;;f;f;f;00000000-0000-0000-0000-000000000000;0.00000000;479;;;479;f;f;f;f;f;f;f;f;f;0;0;f;0;0;0;0;0;0;0;;;;f;;;2025-12-25 15:12:33.981756;LINA;2026-02-07 10:07:31.697424;FAHIM;218;;;;f;0.00000000;0.00000000;0;f;t;f;0;0;1;0.0000;0.0000;0.0000;0.0000;f;;f;0.0000;f;f;0;;;0.00000000;0;f;0.000000000000000;;;f;0.00000000;f;;;;f;;f;0.00000000;;;000088;"";f;0
273;3cf9a981-d98b-47ac-ad69-43b76e72cd56;PSTR800;;;PIED METAL TABLE DE REUNION    ECO   M 80    SOUDEE;;;0;3;;f;f;f;2;13;;1;;;;;;;;;;;;2721.60350000;0.00000000;0.00000000;0.00000000;0;0;0;0;0;0;0;0.00000000;0.00000000;0.00000000;0.00000000;t;f;f;00000000-0000-0000-0000-000000000000;0.00000000;225;;;;f;f;f;f;f;f;f;f;f;0;0;f;0;0;0;0;0;0;0;;;Unité;f;;;;;2026-02-07 10:07:34.971263;FAHIM;291;;;;f;0.00000000;0.00000000;0;f;t;f;0;0;1;0.0000;0.0000;0.0000;0.0000;f;;f;0.0000;f;f;0;;;0.00000000;0;f;0.000000000000000;;;f;0.00000000;f;;;;f;;f;0.00000000;;;;;f;0
778;7e9b962e-5ada-4de2-bde4-8e7cb3d5cea5;000639;;;MEULEUSE GM;;p_Lot is null;0;1;;f;f;f;;5;;;;;;;MEULEUSE GM;;;;;;;9500.00000000;0.00000000;0.00000000;9500.00000000;0;0;0;0;0;0;;;;;;f;f;f;00000000-0000-0000-0000-000000000000;0.00000000;700;;;700;f;f;f;f;f;f;f;f;f;0;0;f;0;2;0;0;0;0;0;;;;f;;;2026-08-30 12:28:23.005527;FAHIM;;;15;;;;f;0.00000000;0.00000000;0;f;f;f;0;0;1;0.0000;0.0000;0.0000;0.0000;f;;f;0.0000;f;f;0;;;0.00000000;0;f;0.000000000000000;;;f;0.00000000;f;;;;f;;f;0.00000000;;;, ;"";f;0
521;cf3c75b3-5bef-4d77-97eb-47737a28bbfc;DCANADA;;;DOUBLETTE CANADA ;;;0;1;;f;f;f;;12;;;;;;;DOUBLETTE CANADA ;;;;;;;4235.73950000;0.00000000;0.00000000;0.00000000;0;0;0;0;0;0;;;;;;t;f;f;00000000-0000-0000-0000-000000000000;0.00000000;443;;;443;f;f;f;f;f;f;f;f;f;0;0;f;0;1;0;0;0;0;0;;;;f;;;2025-12-01 12:44:10.937202;LINA;2026-02-07 10:07:32.199537;FAHIM;249;;;;f;0.00000000;0.00000000;0;f;t;f;0;0;1;0.0000;0.0000;0.0000;0.0000;f;;f;0.0000;f;f;0;;;0.00000000;0;f;0.000000000000000;;;f;0.00000000;f;;;;f;;f;0.00000000;;;000052;"";f;0
502;7aeab67c-e921-4602-817e-107e9555ba94;D14;;;DEPLIANT A4 3VOLET RECTO VERSO ;;p_Lot is null;0;1;;f;f;f;;16;;;;;;;DEPLIANT A4 3VOLET RECTO VERSO ;;;;;;;0.00000000;0.00000000;0.00000000;0.00000000;0;0;0;0;0;0;;;;;;f;f;f;00000000-0000-0000-0000-000000000000;0.00000000;424;;;424;f;f;f;f;f;f;f;f;f;0;0;f;0;0;0;0;0;0;0;;;;f;;;2025-11-16 09:59:49.263681;LINA;2026-02-07 10:07:32.437017;FAHIM;254;;;;f;0.00000000;0.00000000;0;f;f;f;0;0;1;0.0000;0.0000;0.0000;0.0000;f;;f;0.0000;f;f;0;;;0.00000000;0;f;0.000000000000000;;;f;0.00000000;f;;;;f;;f;0.00000000;;;, ;"";f;0
192;2658f432-8b89-43a6-ad03-8d3a83e77c72;TB603010;;;TUBE 60 X 30 X 10;;;0;1;;f;f;f;1;2;9;1;;;;;;;;;;;;854.98970000;0.00000000;0.00000000;907.56302521;1549.83;0;0;0;0;0;0;0.00000000;0.00000000;0.00000000;0.00000000;f;f;f;00000000-0000-0000-0000-000000000000;0.00000000;161;;;;f;f;f;f;f;f;f;f;f;0;0;t;0;3977.3600000000006;0;0;0;0;0;;;Unité;f;;;;;2026-02-07 10:07:35.782915;FAHIM;595;;;;f;0.00000000;0.00000000;0;f;f;f;0;0;1;0.0000;0.0000;0.0000;0.0000;f;;f;0.0000;f;f;0;;;0.00000000;0;f;0.000000000000000;;;f;0.00000000;f;;;;f;;f;0.00000000;;;;;f;0
450;b3a5a27c-a723-496a-8694-458cefae0d5e;PSLAB88;;;PIED METAL LABO  M 88    SOUDEE            ;;;0;3;;f;f;f;2;13;;1;;;;;;;;;;;;3109.98000000;0.00000000;0.00000000;0.00000000;0;0;0;50;0;0;0;0.00000000;0.00000000;4500.00000000;5000.00000000;t;f;f;00000000-0000-0000-0000-000000000000;0.00000000;373;;;;f;f;f;f;f;f;f;f;f;0;0;f;0;0;0;0;0;0;0;;;Unité;f;;;;;2026-02-07 10:07:33.031462;FAHIM;291;;;;f;0.00000000;0.00000000;0;f;t;f;0;0;1;0.0000;0.0000;0.0000;0.0000;f;;f;0.0000;f;f;0;;;0.00000000;0;f;0.000000000000000;;;f;0.00000000;f;;;;f;;f;0.00000000;;;;;f;0
42;0769fa5d-e191-4047-8e2f-6bbb7d5a980f;CJPS0128;;140S;"CACHES JUPE P/PLAT S 140
";;;0;3;;f;f;f;2;11;;1;;;;;"CACHES JUPE P/PLAT S 140
";;;;;;;621.40860000;0.00000000;0.00000000;489.91596639;41;0;0;250;0;0;0;0.00000000;0.00000000;0.00000000;0.00000000;t;f;f;00000000-0000-0000-0000-000000000000;0.00000000;38;;;;f;f;f;f;f;f;f;f;f;0;0;f;0;111;0;0;0;0;0;;;Unité;f;;;;;2026-02-22 15:00:54.123577;FAHIM;353;;;;f;0.00000000;0.00000000;0;f;t;f;0;0;1;0.0000;0.0000;0.0000;0.0000;f;;f;0.0000;f;f;0;;42;0.00000000;-7;f;0.000000000000000;;;f;0.00000000;f;;;;f;;f;0.00000000;;;42;"";f;0
715;23488ef7-6814-4070-a12b-25bb53ead74c;000583;;;SUPPORT RETOUR;;;0;3;;f;f;f;;10;;;;;;;SUPPORT RETOUR;;;;;;;0.00000000;0.00000000;0.00000000;0.00000000;0;0;0;0;0;0;;;;;;f;f;f;00000000-0000-0000-0000-000000000000;0.00000000;637;;;637;f;f;f;f;f;f;f;f;f;0;0;f;0;0;0;0;0;0;0;;;;f;;;2026-07-07 16:55:50.255941;FAHIM;;;54;;;;f;0.00000000;0.00000000;0;f;f;f;0;0;1;0.0000;0.0000;0.0000;0.0000;f;;f;0.0000;f;f;0;;;0.00000000;0;f;0.000000000000000;;;f;0.00000000;f;;;;f;;f;0.00000000;;;, ;"";f;0
59;a952ec50-04fb-4f5f-88b3-b25e2e884636;P39075;;;PIED METAL ECO SLIM      M75;;;0;3;;f;f;f;2;13;;1;;;;;;;;;;;;2762.80000000;0.00000000;0.00000000;0.00000000;7;0;0;40;0;0;0;0.00000000;0.00000000;0.00000000;0.00000000;t;f;f;00000000-0000-0000-0000-000000000000;0.00000000;50;;;;f;f;f;f;f;f;f;f;f;0;0;f;0;0;0;0;0;0;0;;;Unité;f;;;;;2026-02-07 10:07:37.224663;FAHIM;309;;;;f;0.00000000;0.00000000;0;f;t;f;0;0;1;0.0000;0.0000;0.0000;0.0000;f;;f;0.0000;f;f;0;;;0.00000000;0;f;0.000000000000000;;;f;0.00000000;f;;;;f;;f;0.00000000;;;;;f;0
338;b61f7c81-2dc0-4dc9-bc81-5d44b00d62e3;TBOVF63216;;;TUBE OVAL LAF  6M  32 X 16 X 12;;;0;1;;f;f;f;3;2;9;1;;;;;;;;;;;;649.64000000;0.00000000;0.00000000;531.09000000;1103.5;0;0;0;0;0;0;0.00000000;0.00000000;0.00000000;0.00000000;f;f;f;00000000-0000-0000-0000-000000000000;0.00000000;274;;;;f;f;f;f;f;f;f;f;f;0;0;f;0;0;0;0;0;0;0;;;Unité;f;;;;;2026-02-07 10:07:34.326941;FAHIM;291;;;;f;0.00000000;0.00000000;0;f;f;f;0;0;1;0.0000;0.0000;0.0000;0.0000;f;;f;0.0000;f;f;0;;;0.00000000;0;f;0.000000000000000;;;f;0.00000000;f;;;;f;;f;0.00000000;;;;;f;0
621;9ea55f22-163c-4f74-b648-1388df470313;000497;;;"PORTE CLAVIER 49*30*10
";;;0;3;;f;f;f;;10;;;;;;;"PORTE CLAVIER 49*30*10
";;;;;;;850.00000000;0.00000000;0.00000000;850.00000000;0;0;0;0;0;0;;;;;;f;f;f;00000000-0000-0000-0000-000000000000;0.00000000;543;;;543;f;f;f;f;f;f;f;f;f;0;0;f;0;0;0;0;0;0;0;;;;f;;;2026-04-01 15:37:25.298072;FAHIM;;;142;;;;f;0.00000000;0.00000000;0;f;f;f;0;0;1;0.0000;0.0000;0.0000;0.0000;f;;f;0.0000;f;f;0;;;0.00000000;0;f;0.000000000000000;;;f;0.00000000;f;;;;f;;f;0.00000000;;;, ;"";f;0
734;f8e2a6be-c3e9-48c6-8788-d0044e7b69bc;000598;;;DILUANT PLAST ;;p_Lot is null;0;1;;f;f;f;;2;;;;;;;DILUANT PLAST ;;;;;;;1200.00000000;0.00000000;0.00000000;1180.00000000;0;0;0;0;0;0;;;;;;f;f;f;00000000-0000-0000-0000-000000000000;0.00000000;656;;;656;f;f;f;f;f;f;f;f;f;0;0;f;0;7;0;0;0;0;0;;;;f;;;2026-07-16 16:17:32.143099;FAHIM;2026-07-21 16:11:01.721594;FAHIM;53;;;;f;0.00000000;0.00000000;0;f;f;f;0;0;1;0.0000;0.0000;0.0000;0.0000;f;;f;0.0000;f;f;0;;;0.00000000;0;f;0.000000000000000;;;f;0.00000000;f;;;;f;;f;0.00000000;;;000265;"";f;0
607;84207f61-f6b0-4b1e-8cf7-49f41c51141f;RLFM640N;;;"VIS RLF M6 X 40 NOIR
";;p_Lot is null;0;1;;f;f;f;;2;;1;;;;;"VIS RLF M6 X 40 NOIR
";;;;;;;8.50000000;0.00000000;0.00000000;8.50000000;0;0;0;0;0;0;;;;;;f;f;f;00000000-0000-0000-0000-000000000000;0.00000000;529;;;;f;f;f;f;f;f;f;f;f;0;0;f;0;22080;0;0;0;0;0;;;Unité;f;;;2026-03-15 10:48:26.57255;MASSY;2026-03-15 10:49:30.85688;MASSY;161;;;;f;0.00000000;0.00000000;0;f;f;f;0;0;1;0.0000;0.0000;0.0000;0.0000;f;;f;0.0000;f;f;0;;;0.00000000;0;f;0.000000000000000;;;f;0.00000000;f;;;;f;;f;0.00000000;;;000138;"";f;0
394;d996dd02-2c67-4d4a-b5d8-add114bbdefa;ECOOOOO;;POUD;ECO XXXXXXXXXXXXXXXXXXXXXXXXXXXXXXXXXXXXX;;;0;1;;f;f;f;2;10;;;;;;;;;;;;;;0.00000000;0.00000000;0.00000000;0.00000000;0;0;0;0;0;0;0;0.00000000;0.00000000;0.00000000;0.00000000;t;f;f;00000000-0000-0000-0000-000000000000;0.00000000;324;;;;f;f;f;f;f;f;f;f;f;0;0;t;0;0;0;0;0;0;0;;;Unité;f;;;;;2026-02-07 10:07:33.668453;FAHIM;291;;;;f;0.00000000;0.00000000;0;f;t;f;0;0;;0.0000;0.0000;0.0000;0.0000;f;;f;0.0000;f;f;0;;;0.00000000;0;f;0.000000000000000;;;f;0.00000000;f;;;;f;;f;0.00000000;;;;;f;0
207;b91a9933-9cf1-41bf-a41e-434ba644dc30;TBRD20;;;TUBE ROND DIAM 20;;;0;1;;f;f;f;2;2;9;1;;;;;;;;;;;;0.00000000;0.00000000;0.00000000;100.00000000;0;0;0;0;0;0;0;0.00000000;0.00000000;0.00000000;0.00000000;f;f;f;00000000-0000-0000-0000-000000000000;0.00000000;176;;;;f;f;f;f;f;f;f;f;f;0;0;f;0;0;0;0;0;0;0;;;Unité;f;;;;;2026-02-07 10:07:35.59463;FAHIM;291;;;;f;0.00000000;0.00000000;0;f;f;f;0;0;1;0.0000;0.0000;0.0000;0.0000;f;;f;0.0000;f;f;0;;;0.00000000;0;f;0.000000000000000;;;f;0.00000000;f;;;;f;;f;0.00000000;;;;;f;0
74;ac1e2edb-c95f-499d-b3ca-3e23f85f5fce;P39060;;;PIED METAL ECO SLIM      M 60 ;;;0;3;;f;f;f;2;13;;1;;;;;;;;;;;;2643.69000000;0.00000000;0.00000000;0.00000000;0;0;0;40;0;0;0;0.00000000;0.00000000;0.00000000;0.00000000;t;f;f;00000000-0000-0000-0000-000000000000;0.00000000;59;;;;f;f;f;f;f;f;f;f;f;0;0;f;0;0;0;0;0;0;0;;;Unité;f;;;;;2026-02-07 10:07:37.113675;FAHIM;291;;;;f;0.00000000;0.00000000;0;f;t;f;0;0;1;0.0000;0.0000;0.0000;0.0000;f;;f;0.0000;f;f;0;;;0.00000000;0;f;0.000000000000000;;;f;0.00000000;f;;;;f;;f;0.00000000;;;;;f;0
418;c257ab4a-0751-4762-8a0b-97fd5eb29cd1;RNFZ1595;;180;"RENFORT Z ONE 180
";;;0;3;;f;f;f;2;14;;;;;;;"RENFORT Z ONE 180
";;;;;;;243.16530000;0.00000000;0.00000000;0.00000000;0;0;0;0;0;0;0;0.00000000;0.00000000;0.00000000;0.00000000;t;f;f;00000000-0000-0000-0000-000000000000;0.00000000;343;;;;f;f;f;f;f;f;f;f;f;0;0;t;0;13;0;0;0;0;0;;;Unité;f;;;;;2026-02-22 13:11:39.197125;FAHIM;303;;;;f;0.00000000;0.00000000;0;f;t;f;0;0;;0.0000;0.0000;0.0000;0.0000;f;;f;0.0000;f;f;0;;418;0.00000000;0;f;0.000000000000000;;;f;0.00000000;f;;;;f;;f;0.00000000;;;418;"";f;0
509;ae97c519-c041-4696-9f34-93ae7bbacfab;STR CURVIA C;;;"STRUCTURE METALIQUE CURVIA FORME "" C """;"";;0;1;;f;f;f;;14;4;;;;;;"STRUCTURE METALIQUE CURVIA FORME "" C """;;;;;;;0.00000000;0.00000000;0.00000000;0.00000000;0;0;0;0;0;0;;;;;;f;f;f;00000000-0000-0000-0000-000000000000;0.00000000;431;;;431;f;f;f;f;f;f;f;f;f;0;0;f;0;0;0;0;0;0;0;;;;f;;;2025-11-20 15:18:59.114731;admin;2026-02-07 10:07:32.34948;FAHIM;252;;;;f;0.00000000;0.00000000;0;f;t;f;0;0;1;0.0000;0.0000;0.0000;0.0000;f;;f;0.0000;f;f;0;;;0.00000000;0;f;0.000000000000000;;;f;0.00000000;f;;;;f;;f;0.00000000;;;000040;"";f;0
6;807e2cf5-f096-4759-af9a-86e92db523a8;TB603014;;;TUBE 60 X 30 X 14;;;0;1;;f;f;f;2;2;9;1;;;;;;;;;;;;1380.00000000;0.00000000;0.00000000;100.00000000;4;0;0;0;0;0;0;0.00000000;0.00000000;0.00000000;0.00000000;f;f;f;00000000-0000-0000-0000-000000000000;0.00000000;7;;;;f;f;f;f;f;f;f;f;f;0;0;f;0;0;0;0;0;0;0;;;Unité;f;;;;;2026-02-07 10:07:37.758651;FAHIM;376;;;;f;0.00000000;0.00000000;0;f;f;f;0;0;1;0.0000;0.0000;0.0000;0.0000;f;;f;0.0000;f;f;0;;;0.00000000;0;f;0.000000000000000;;;f;0.00000000;f;;;;f;;f;0.00000000;;;;;f;0
463;8eed3546-f1ee-4f79-97d8-a4db8d845186;BLM630N;;;"VIS RLF   M6 X 30 NOIR
";;;0;1;;f;f;f;1;2;;1;;;;;;;;;;;;5.80420000;0.00000000;0.00000000;6.60000000;20160;0;0;0;0;0;0;0.00000000;0.00000000;0.00000000;0.00000000;f;f;f;00000000-0000-0000-0000-000000000000;0.00000000;386;;;;f;f;f;f;f;f;f;f;f;0;0;f;0;13260;0;0;0;0;0;;;Unité;f;;;;;2026-02-07 10:07:32.831897;FAHIM;390;;;;f;0.00000000;0.00000000;0;f;f;f;0;0;1;0.0000;0.0000;0.0000;0.0000;f;;f;0.0000;f;f;0;;;0.00000000;0;f;0.000000000000000;;;f;0.00000000;f;;;;f;;f;0.00000000;;;;;f;0
246;0a7e24a7-7d38-437b-97ca-9524f3654b75;CJPZ160;;149.5;CACHE JUPE MEGA Z / Z ONE 160;;;0;3;;f;f;f;2;13;;1;;;;;;;;;;;;576.36410000;0.00000000;0.00000000;0.00000000;7;0;0;40;0;0;0;0.00000000;0.00000000;0.00000000;0.00000000;t;f;f;00000000-0000-0000-0000-000000000000;0.00000000;204;;;;f;f;f;f;f;f;f;f;f;0;0;f;0;129;0;0;0;0;0;;;Unité;f;;;;;2026-02-07 10:07:35.234583;FAHIM;369;;;;f;0.00000000;0.00000000;0;f;t;f;0;0;1;0.0000;0.0000;0.0000;0.0000;f;;f;0.0000;f;f;0;;246;0.00000000;-14;f;0.000000000000000;;;f;0.00000000;f;;;;f;;f;0.00000000;;;246;"";f;0
488;272c5228-cfff-4dc0-9653-7087706de57a;000409;;;PLATAUX MILAMINE 580 X 120 ;;;0;3;;f;f;f;;15;;;;;;;PLATAUX MILAMINE 580 X 120 ;;;;;;;4500.00000000;0.00000000;0.00000000;0.00000000;0;0;0;0;0;0;;;;;;f;f;f;00000000-0000-0000-0000-000000000000;0.00000000;410;;;;f;f;f;f;f;f;f;f;f;0;0;f;0;0;0;0;0;0;0;;;Unité;f;;;2025-10-29 13:27:12.248731;admin;2026-02-07 10:07:32.614645;FAHIM;271;;;;f;0.00000000;0.00000000;0;f;f;f;0;0;;0.0000;0.0000;0.0000;0.0000;f;;f;0.0000;f;f;0;;;0.00000000;0;f;0.000000000000000;;;f;0.00000000;f;;;;f;;f;0.00000000;;;000019;"";f;0
347;55dba70f-6a6b-468b-9e50-cf356279053e;6030535H;;; PIECE 535 HAUT ;;;0;3;;f;f;f;2;2;;;;;;;;;;;;;;0.00000000;0.00000000;0.00000000;0.00000000;0;0;0;0;0;0;0;0.00000000;0.00000000;0.00000000;0.00000000;f;f;f;00000000-0000-0000-0000-000000000000;0.00000000;283;;;;f;f;f;f;f;f;f;f;f;0;0;t;0;0;0;0;0;0;0;;;Unité;f;;;;;2026-02-07 10:07:34.209966;FAHIM;291;;;;f;0.00000000;0.00000000;0;f;f;f;0;0;;0.0000;0.0000;0.0000;0.0000;f;;f;0.0000;f;f;0;;;0.00000000;0;f;0.000000000000000;;;f;0.00000000;f;;;;f;;f;0.00000000;;;;;f;0
29;0e247d48-5d84-458c-80e3-2a7a1e8c93ee;RALG;;;PEINTURE POUDRE EPOXY GRIS MOUCHETE;;;0;1;;f;f;f;2;2;;1;;;;;;;;;;;;850.00000000;0.00000000;0.00000000;100.00000000;0;0;0;0;0;0;0;0.00000000;0.00000000;0.00000000;0.00000000;f;f;f;00000000-0000-0000-0000-000000000000;0.00000000;26;;;;f;f;f;f;f;f;f;f;f;0;0;t;0;0;0;0;0;0;0;;;Unité;f;;;;;2026-02-07 10:07:37.516873;FAHIM;291;;;;f;0.00000000;0.00000000;0;f;f;f;0;0;1;0.0000;0.0000;0.0000;0.0000;f;;f;0.0000;f;f;0;;;0.00000000;0;f;0.000000000000000;;;f;0.00000000;f;;;;f;;f;0.00000000;;;;;f;0
354;af3c85e2-83f2-4731-9ae4-97e4139cd006;TC;;;TUBE CONTACTE POUR TOURCHE A SOUDER M6;;;0;3;;f;f;f;2;5;;;;;;;;;;;;;;237.50000000;0.00000000;0.00000000;250.00000000;10;0;0;0;0;0;0;0.00000000;0.00000000;0.00000000;0.00000000;f;f;f;00000000-0000-0000-0000-000000000000;0.00000000;290;;;;f;f;f;f;f;f;f;f;f;0;0;t;0;0;0;0;0;0;0;;;Unité;f;;;;;2026-02-07 10:07:34.124966;FAHIM;291;;;;f;0.00000000;0.00000000;0;f;f;f;0;0;;0.0000;0.0000;0.0000;0.0000;f;;f;0.0000;f;f;0;;;0.00000000;0;f;0.000000000000000;;;f;0.00000000;f;;;;f;;f;0.00000000;;;;;f;0
516;f9c9afdd-8c96-4d6f-a3cb-0e34ae246fac;DBLT G21;;;DOUBLETTE G21;;;0;3;;f;f;f;;12;;;;;;;DOUBLETTE G21;;;;;;;6302.52100000;0.00000000;0.00000000;0.00000000;0;0;0;0;0;0;;;;;;t;f;f;00000000-0000-0000-0000-000000000000;0.00000000;438;;;438;f;f;f;f;f;t;f;f;f;0;0;f;0;3;0;0;0;0;0;;;;f;;;2025-11-29 16:58:15.116646;admin;2026-02-07 10:07:32.261258;FAHIM;259;;;;f;0.00000000;0.00000000;0;f;t;f;0;0;1;0.0000;0.0000;0.0000;0.0000;f;;f;0.0000;f;f;0;;484;0.00000000;0;f;0.000000000000000;;;f;0.00000000;f;;;;f;;f;0.00000000;;;000047;"";f;0
713;21f8589d-e4d0-4df7-b05b-64bf31eb726c;000581;;;BUREAU 120 3 TIROIRES FIXEE SONOMA;;p_Lot is null;0;1;;f;f;f;;10;;;;;;;BUREAU 120 3 TIROIRES FIXEE SONOMA;;;;;;;9500.00000000;0.00000000;0.00000000;9500.00000000;0;0;0;0;0;0;;;;;;f;f;f;00000000-0000-0000-0000-000000000000;0.00000000;635;;;635;f;f;f;f;f;f;f;f;f;0;0;f;0;1;0;0;0;0;0;;;;f;;;2026-07-06 14:22:35.166355;FAHIM;;;59;;;;f;0.00000000;0.00000000;0;f;f;f;0;0;1;0.0000;0.0000;0.0000;0.0000;f;;f;0.0000;f;f;0;;;0.00000000;-2;f;0.000000000000000;;;f;0.00000000;f;;;;f;;f;0.00000000;;;, ;"";f;0
141;5f98e8d0-51ed-4e8d-a1eb-850873fda40d;DQC115;;;DISQUE A COUPER INOX 115;;;0;3;;f;f;f;1;2;;1;;;;;DISQUE A COUPER INOX 115;;;;;;;124.29200000;0.00000000;0.00000000;120.00000000;75;20;30;60;40;0;0;0.00000000;0.00000000;0.00000000;0.00000000;f;f;f;00000000-0000-0000-0000-000000000000;0.00000000;117;;;;f;f;f;f;f;f;f;t;f;0;0;t;0;90;0;0;0;0;0;;;Unité;t;FAHIM;2026-02-07 12:27:05.47331;;;2026-02-07 12:35:23.616791;FAHIM;302;;;;f;0.00000000;0.00000000;0;f;f;f;0;0;1;0.0000;0.0000;0.0000;0.0000;f;;f;0.0000;f;f;0;;;0.00000000;0;f;0.000000000000000;;;f;0.00000000;f;;;;f;;f;0.00000000;;;141;"";f;1
580;66e421d5-6ade-4bbd-a92f-e017702b29ab;000461;;;BOIS MULTIPLE 10 MM 122 X 244;;p_Lot is null;0;1;;f;f;f;;17;;;;;;;BOIS MULTIPLE 10 MM 122 X 244;;;;;;;3200.00000000;0.00000000;0.00000000;3200.00000000;0;0;0;0;0;0;;;;;;f;f;f;00000000-0000-0000-0000-000000000000;0.00000000;502;;;502;f;f;f;f;f;f;f;f;f;0;0;f;0;145;0;0;0;0;0;;;;f;;;2026-02-11 10:38:25.657355;FAHIM;2026-02-11 11:14:16.536109;FAHIM;202;;;;f;0.00000000;0.00000000;0;f;f;f;0;0;1;0.0000;0.0000;0.0000;0.0000;f;;f;0.0000;f;f;0;;;0.00000000;0;f;0.000000000000000;;;f;0.00000000;f;;;;f;;f;0.00000000;;;000111;"";f;0
698;ec1337ca-af7d-4064-a747-7a9bbb2ddfcb;RNFRZ180S;;;"RENFORT MEGA Z 180 S
 ";;;0;3;;f;f;f;;14;;;;;;;"RENFORT MEGA Z 180 S
 ";;;;;;;350.14980000;0.00000000;0.00000000;0.00000000;0;0;0;0;0;0;;;;;;t;f;f;00000000-0000-0000-0000-000000000000;0.00000000;620;;;;f;f;f;f;f;f;f;f;f;0;0;f;0;0;0;0;0;0;0;;;Unité;f;;;2026-06-14 14:25:39.615209;FAHIM;2026-06-14 14:26:05.836898;FAHIM;71;;;;f;0.00000000;0.00000000;0;f;t;f;0;0;;0.0000;0.0000;0.0000;0.0000;f;;f;0.0000;f;f;0;;;0.00000000;0;f;0.000000000000000;;;f;0.00000000;f;;;;f;;f;0.00000000;;;000229;"";f;0
720;a030e677-625e-4e02-b1fd-c111420d464a;000588;;;CHAISE EXECTUF B 26;;;0;3;;f;f;f;;10;;;;;;;CHAISE EXECTUF B 26;;;;;;;9800.00000000;0.00000000;0.00000000;9800.00000000;0;0;0;0;0;0;;;;;;f;f;f;00000000-0000-0000-0000-000000000000;0.00000000;642;;;642;f;f;f;f;f;f;f;f;f;0;0;f;0;0;0;0;0;0;0;;;;f;;;2026-07-09 14:42:08.996912;FAHIM;;;58;;;;f;0.00000000;0.00000000;0;f;f;f;0;0;1;0.0000;0.0000;0.0000;0.0000;f;;f;0.0000;f;f;0;;;0.00000000;-1;f;0.000000000000000;;;f;0.00000000;f;;;;f;;f;0.00000000;;;, ;"";f;0
769;8499493e-7eca-4336-8be3-c9ea0953f8a4;PMATLAS 60406030;;;STUCTURE TABLE ATLAS 60*40 M 60 X 140;;p_Lot is null;0;3;;f;f;t;;10;;;;;;;STUCTURE TABLE ATLAS 60*40 M 60 X 140;;;;;;;2211.04120000;0.00000000;0.00000000;0.00000000;0;0;0;0;0;0;;;;;;t;f;f;00000000-0000-0000-0000-000000000000;0.00000000;691;;;691;f;f;t;f;f;f;f;f;f;0;0;f;0;1;0;0;0;0;0;;;;f;;;2026-08-24 12:39:04.04564;MASSY;2026-08-24 12:42:02.053459;MASSY;26;;;;f;0.00000000;0.00000000;0;f;t;f;0;0;1;0.0000;0.0000;0.0000;0.0000;f;;f;0.0000;f;f;0;;;0.00000000;0;f;0.000000000000000;;;f;0.00000000;f;;;;f;;f;0.00000000;;;000300;"";f;0
564;913738c9-d89c-43b9-853f-15259af1a4a0;PL180140;;;PLATEAU P/T REUNION 180 X 140 MDF BAROK;;p_Lot is null;0;1;;f;f;f;;15;;;;;;;PLATEAU P/T REUNION 180 X 140 MDF BAROK;;;;;;;8950.00000000;0.00000000;0.00000000;8950.00000000;0;0;0;0;0;0;;;;;;f;f;f;00000000-0000-0000-0000-000000000000;0.00000000;486;;;486;f;f;f;f;f;f;f;f;f;0;0;f;0;0;0;0;0;0;0;;;;f;;;2026-02-05 09:44:42.33605;FAHIM;2026-02-07 10:07:31.61579;FAHIM;186;;;;f;0.00000000;0.00000000;0;f;f;f;0;0;1;0.0000;0.0000;0.0000;0.0000;f;;f;0.0000;f;f;0;;;0.00000000;0;f;0.000000000000000;;;f;0.00000000;f;;;;f;;f;0.00000000;;;, ;"";f;0
539;daa86ffe-a401-42cb-8938-dbf7ad4460db;SBPMCN;;;SABEAU POUR MACHINE;;p_Lot is null;0;3;;f;f;f;;2;;;;;;;SABEAU POUR MACHINE;;;;;;;3500.00000000;0.00000000;0.00000000;3500.00000000;0;0;0;0;0;0;;;;;;f;f;f;00000000-0000-0000-0000-000000000000;0.00000000;461;;;461;f;f;f;f;f;f;f;t;f;0;0;f;0;0;0;0;0;0;0;;;;f;;;2025-12-07 12:02:39.014341;ABDELHAK;2026-02-07 10:07:31.96217;FAHIM;240;;;;f;0.00000000;0.00000000;0;f;f;f;0;0;1;0.0000;0.0000;0.0000;0.0000;f;;f;0.0000;f;f;0;;;0.00000000;0;f;0.000000000000000;;;f;0.00000000;f;;;;f;;f;0.00000000;;;000070;"";f;0
648;28c549b0-18d1-4bb0-9b34-745a2a19c3d0;000519;;;RIVIER 5*25 // 60-213;;p_Lot is null;0;1;;f;f;f;;5;5;;;;;;RIVIER 5*25 // 60-213;;;;;;;800.00000000;0.00000000;0.00000000;800.00000000;0;0;0;0;0;0;;;;;;f;f;f;00000000-0000-0000-0000-000000000000;0.00000000;570;;;570;f;f;f;f;f;f;f;f;f;0;0;f;0;20;0;0;0;0;0;;;;f;;;2026-05-04 08:53:59.33873;FAHIM;;;107;;;;f;0.00000000;0.00000000;0;f;f;f;0;0;1;0.0000;0.0000;0.0000;0.0000;f;;f;0.0000;f;f;0;;;0.00000000;0;f;0.000000000000000;;;f;0.00000000;f;;;;f;;f;0.00000000;;;, ;"";f;0
171;b70d83ab-4456-43bb-bf6f-dae8c8e82bb4;TL07200;;;TOLE 07 1000 X 2000;;;0;1;;f;f;f;2;2;;1;;;;;;;;;;;;1267.20000000;0.00000000;0.00000000;1260.00000000;26.4;0;0;0;0;0;0;0.00000000;0.00000000;0.00000000;0.00000000;f;f;f;00000000-0000-0000-0000-000000000000;0.00000000;140;;;;f;f;f;f;f;f;f;f;f;0;0;f;0;0.4400000000000013;0;0;0;0;0;;;Unité;f;;;;;2026-02-07 10:07:36.047455;FAHIM;437;;;;f;0.00000000;0.00000000;0;f;f;f;0;0;1;0.0000;0.0000;0.0000;0.0000;f;;f;0.0000;f;f;0;;;0.00000000;0;f;0.000000000000000;;;f;0.00000000;f;;;;f;;f;0.00000000;;;;;f;0
380;d3cea52b-2981-4c3d-8c08-cdeefbb8dcb9;SMC6040;;;STRUCTURE METALIQUE ECO 60 X 40 180;;;0;3;;f;f;f;2;14;;;;;;;;;;;;;;4038.79650000;0.00000000;0.00000000;0.00000000;0;0;0;0;0;0;0;0.00000000;0.00000000;0.00000000;0.00000000;t;f;f;00000000-0000-0000-0000-000000000000;0.00000000;310;;;;f;f;f;f;f;f;f;f;f;0;0;t;0;0;0;0;0;0;0;;;Unité;f;;;;;2026-02-07 10:07:33.845295;FAHIM;291;;;;f;0.00000000;0.00000000;0;f;t;f;0;0;;0.0000;0.0000;0.0000;0.0000;f;;f;0.0000;f;f;0;;;0.00000000;0;f;0.000000000000000;;;f;0.00000000;f;;;;f;;f;0.00000000;;;;;f;0
311;c695980e-4343-4fb9-a563-b53177369b24;PINACHROM;;;PEINTURE AEROSOL CHROME;;;0;1;;f;f;f;1;2;;1;;;;;;;;;;;;450.00000000;0.00000000;0.00000000;1300.00000000;3;0;0;0;0;0;0;0.00000000;0.00000000;0.00000000;0.00000000;f;f;f;00000000-0000-0000-0000-000000000000;0.00000000;251;;;;f;f;f;f;f;f;f;f;f;0;0;f;0;14;0;0;0;0;0;;;Unité;f;;;;;2026-02-07 10:07:34.619171;FAHIM;304;;;;f;0.00000000;0.00000000;0;f;f;f;0;0;1;0.0000;0.0000;0.0000;0.0000;f;;f;0.0000;f;f;0;;;0.00000000;0;f;0.000000000000000;;;f;0.00000000;f;;;;f;;f;0.00000000;;;;;f;0
517;4542854c-c9c4-48d6-b145-f1159cded5bc;BUR160B;;;BUREAU 160 EN BOIS CJ FIXE;;;0;1;;f;f;f;;15;;;;;;;BUREAU 160 EN BOIS CJ FIXE;;;;;;;12500.00000000;0.00000000;0.00000000;12500.00000000;0;0;0;0;0;0;;;;;;f;f;f;00000000-0000-0000-0000-000000000000;0.00000000;439;;;439;f;f;f;f;f;f;f;f;f;0;0;f;0;0;0;0;0;0;0;;;;f;;;2025-11-30 09:07:58.390989;LINA;2026-02-07 10:07:32.24915;FAHIM;248;;;;f;0.00000000;0.00000000;0;f;f;f;0;0;1;0.0000;0.0000;0.0000;0.0000;f;;f;0.0000;f;f;0;;;0.00000000;0;f;0.000000000000000;;;f;0.00000000;f;;;;f;;f;0.00000000;;;000048;"";f;0
242;122f20f7-e9a8-474b-9913-b1c1b3bc72c0;PS35000;;;PIED METAL MAXI  M60           SOUDEE            ;;;0;3;;f;f;f;2;13;;1;;;;;;;;;;;;1889.05910000;0.00000000;0.00000000;0.00000000;51;0;0;90;0;0;0;0.00000000;0.00000000;5200.00000000;5850.00000000;t;f;f;00000000-0000-0000-0000-000000000000;0.00000000;200;;;;f;f;f;f;f;f;f;f;f;0;0;f;0;55;0;0;0;0;0;;;Unité;f;;;;;2026-02-07 10:07:35.285488;FAHIM;299;;;;f;0.00000000;0.00000000;0;f;t;f;0;0;1;0.0000;0.0000;0.0000;0.0000;f;;f;0.0000;f;f;0;;;0.00000000;0;f;0.000000000000000;;;f;0.00000000;f;;;;f;;f;0.00000000;;;;;f;0
138;bf120573-edee-485d-aa2f-c4c40abde030;ECRS6;;;ECROU A SERTIR M6;;;0;1;;f;f;f;2;2;;1;;;;;;;;;;;;3.56110000;0.00000000;0.00000000;4.25000000;16800;0;0;0;0;0;0;0.00000000;0.00000000;0.00000000;0.00000000;f;f;f;00000000-0000-0000-0000-000000000000;0.00000000;114;;;;f;f;f;f;f;f;f;f;f;0;0;f;0;48568;0;0;0;0;0;;;Unité;f;;;;;2026-02-07 10:07:36.393317;FAHIM;313;;;;f;0.00000000;0.00000000;0;f;f;f;0;0;1;0.0000;0.0000;0.0000;0.0000;f;;f;0.0000;f;f;0;;;0.00000000;0;f;0.000000000000000;;;f;0.00000000;f;;;;f;;f;0.00000000;;;;;f;0
766;3a3c5026-07e2-4fd0-89ad-37963aec71ef;TABCAF6060TL40 M140;;;TABLE CAFETERIA 140 X 70 ;;p_Lot is null;0;3;;f;f;f;;6;11;;;;;;TABLE CAFETERIA 140 X 70 ;;;;;;;3831.06860000;0.00000000;0.00000000;0.00000000;0;0;0;0;0;0;;;;;;t;f;f;00000000-0000-0000-0000-000000000000;0.00000000;688;;;688;f;f;t;f;f;f;f;f;f;0;0;f;0;0;0;0;0;0;0;;;;f;;;2026-08-23 12:03:28.908081;MASSY;2026-08-23 12:05:54.721715;MASSY;23;;;;f;0.00000000;0.00000000;0;f;t;f;0;0;1;0.0000;0.0000;0.0000;0.0000;f;;f;0.0000;f;f;0;;;0.00000000;0;f;0.000000000000000;;;f;0.00000000;f;;;;f;;f;0.00000000;;;000297;"";f;0
190;faea5fb8-dd1a-445f-ba84-bda0108f4f0b;TBRC6015;;;TUBE 60 X15 X12;;;0;1;;f;f;f;1;2;9;1;;;;;;;;;;;;1092.03570000;0.00000000;0.00000000;945.37815126;277;0;0;0;0;0;0;0.00000000;0.00000000;0.00000000;0.00000000;f;f;f;00000000-0000-0000-0000-000000000000;0.00000000;159;;;;f;f;f;f;f;f;f;f;f;0;0;t;0;796;0;0;0;0;0;;;Unité;f;;;;;2026-02-07 10:07:35.807527;FAHIM;387;;;;f;0.00000000;0.00000000;0;f;f;f;0;0;1;0.0000;0.0000;0.0000;0.0000;f;;f;0.0000;f;f;0;;;0.00000000;0;f;0.000000000000000;;;f;0.00000000;f;;;;f;;f;0.00000000;;;;;f;0
16;94e537cb-0b59-40e7-9302-80eb240a91e6;EMB5030;;;EMBOUT 50 X 30 ;;;0;1;;f;f;f;2;2;;1;;;;;;;;;;;;4.33420000;0.00000000;0.00000000;4.70000000;5797;0;0;0;0;0;0;0.00000000;0.00000000;0.00000000;0.00000000;f;f;f;00000000-0000-0000-0000-000000000000;0.00000000;13;;;;f;f;f;f;f;f;f;f;f;0;0;f;0;7640;0;0;0;0;0;;;Unité;f;;;;;2026-02-07 10:07:37.678596;FAHIM;373;;;;f;0.00000000;0.00000000;0;f;f;f;0;0;1;0.0000;0.0000;0.0000;0.0000;f;;f;0.0000;f;f;0;;;0.00000000;0;f;0.000000000000000;;;f;0.00000000;f;;;;f;;f;0.00000000;;;;;f;0
680;c6e6006a-5b6c-4512-8a55-bbbc674caf92;000549;;;TN40 6M/0.3 BLANCHE;;p_Lot is null;0;1;;f;f;f;;6;8;;;;;;TN40 6M/0.3 BLANCHE;;;;;;;0.00000000;0.00000000;0.00000000;0.00000000;0;0;0;0;0;0;;;;;;f;f;f;00000000-0000-0000-0000-000000000000;0.00000000;602;;;602;f;f;f;f;f;f;f;f;f;0;0;f;0;0;0;0;0;0;0;;;;f;;;2026-06-04 13:57:06.392769;OULAID-B;;;78;;;;f;0.00000000;0.00000000;0;f;f;f;0;0;1;0.0000;0.0000;0.0000;0.0000;f;;f;0.0000;f;f;0;;;0.00000000;0;f;0.000000000000000;;;f;0.00000000;f;;;;f;;f;0.00000000;;;, ;"";f;0
54;384f540f-cf45-4179-917b-e93c48ef26e8;P38120;;;"PIED METAL TRAPEZ     M 70 120/140
";;;0;3;;f;f;f;2;13;;1;;;;;;;;;;;;3755.62000000;0.00000000;0.00000000;0.00000000;19;0;0;40;0;0;0;0.00000000;0.00000000;0.00000000;0.00000000;t;f;f;00000000-0000-0000-0000-000000000000;0.00000000;46;;;;f;f;f;f;f;f;f;f;f;0;0;f;0;3;0;0;0;0;0;;;Unité;f;;;;;2026-02-07 10:07:37.273338;FAHIM;294;;;;f;0.00000000;0.00000000;0;f;t;f;0;0;1;0.0000;0.0000;0.0000;0.0000;f;;f;0.0000;f;f;0;;;0.00000000;0;f;0.000000000000000;;;f;0.00000000;f;;;;f;;f;0.00000000;;;;;f;0
342;ba4694bd-b025-453e-a5e6-65b5f7a3f74a;TAM1200;;;TABLE AMPHIE 120;;;0;3;;f;f;f;2;10;;;;;;;;;;;;;;1400.00000000;0.00000000;0.00000000;0.00000000;0;0;0;0;0;0;0;0.00000000;0.00000000;0.00000000;0.00000000;f;f;f;00000000-0000-0000-0000-000000000000;0.00000000;278;;;;f;f;f;f;f;f;f;f;f;0;0;f;0;0;0;0;0;0;0;;;Unité;f;;;;;2026-02-07 10:07:34.270994;FAHIM;291;;;;f;0.00000000;0.00000000;0;f;f;f;0;0;;0.0000;0.0000;0.0000;0.0000;f;;f;0.0000;f;f;0;;;0.00000000;0;f;0.000000000000000;;;f;0.00000000;f;;;;f;;f;0.00000000;;;;;f;0
574;8258f309-392a-4f93-aeda-b1c808880dd9;000455;;;GANT WAIL;;;0;1;;f;f;f;;5;5;;;;;;GANT WAIL;;;;;;;550.00000000;0.00000000;0.00000000;550.00000000;0;0;0;0;0;0;;;;;;f;f;f;00000000-0000-0000-0000-000000000000;0.00000000;496;;;496;f;f;f;f;f;f;f;f;f;0;0;f;0;12;0;0;0;0;0;;;;f;;;2026-02-10 15:47:17.187694;FAHIM;;;178;;;;f;0.00000000;0.00000000;0;f;f;f;0;0;1;0.0000;0.0000;0.0000;0.0000;f;;f;0.0000;f;f;0;;;0.00000000;0;f;0.000000000000000;;;f;0.00000000;f;;;;f;;f;0.00000000;;;, ;"";f;0
663;4e6c596d-4e7f-46e1-a876-b433ac871248;TRPG21R400;;;TRIPLETTE G21 SKAI R32;;p_Lot is null;0;3;;f;f;f;;12;;;;;;;TRIPLETTE G21 SKAI R32;;;;;;;9096.94190000;0.00000000;0.00000000;10800.00000000;0;0;0;0;0;0;;;;;;t;f;f;00000000-0000-0000-0000-000000000000;0.00000000;585;;;;f;f;f;f;f;f;f;f;f;0;0;f;0;260;0;0;0;0;0;;;Unité;f;;;2026-05-19 12:08:30.901565;FAHIM;2026-05-19 12:09:13.329483;FAHIM;143;;;;f;0.00000000;0.00000000;0;f;t;f;0;0;;0.0000;0.0000;0.0000;0.0000;f;;f;0.0000;f;f;0;;;0.00000000;-714;f;0.000000000000000;;;f;0.00000000;f;;;;f;;f;0.00000000;;;000194;"";f;0
525;78b04681-a6c4-4bb5-83c5-61ead0cae6c4;CJ PIANO ;;;CACHE JUPE PIANO 160 / 180;;;0;3;;f;f;f;;13;;;;;;;CACHE JUPE PIANO 160 / 180;;;;;;;450.45980000;0.00000000;0.00000000;0.00000000;0;0;0;0;0;0;;;;;;t;f;f;00000000-0000-0000-0000-000000000000;0.00000000;447;;;447;f;f;f;f;f;f;f;f;f;0;0;f;0;10;0;0;0;0;0;;;;f;;;2025-12-02 09:32:04.995551;admin;2026-07-08 12:12:00.762659;MASSY;289;;;;f;0.00000000;0.00000000;0;f;t;f;0;0;1;0.0000;0.0000;0.0000;0.0000;f;;f;0.0000;f;f;0;;501;0.00000000;-5;f;0.000000000000000;;;f;0.00000000;f;;;;f;;f;0.00000000;;;000056;"";f;0
148;d5f3b025-e246-4c25-a5a1-3da5526194a7;BLM870;;;BOULON  M8X70;;;0;1;;f;f;f;1;2;;1;;;;;;;;;;;;12.15910000;0.00000000;0.00000000;7.95000000;2813;0;0;0;0;0;0;0.00000000;0.00000000;0.00000000;0.00000000;f;f;f;00000000-0000-0000-0000-000000000000;0.00000000;124;;;;f;f;f;f;f;f;f;f;f;0;0;f;0;3374;0;0;0;0;0;;;Unité;f;;;;;2026-02-07 10:07:36.249958;FAHIM;326;;;;f;0.00000000;0.00000000;0;f;f;f;0;0;1;0.0000;0.0000;0.0000;0.0000;f;;f;0.0000;f;f;0;;;0.00000000;0;f;0.000000000000000;;;f;0.00000000;f;;;;f;;f;0.00000000;;;;;f;0
208;d81af44c-0c32-4477-a390-1ee6a76af62e;TBR4020;;;TUBE RECTANGLE 40 X 20 X 12;;;0;1;;f;f;f;1;2;9;1;;;;;TUBE RECTANGLE 40 X 20 X 12;;;;;;;522.77420000;0.00000000;0.00000000;521.00840336;98;0;0;0;0;0;0;0.00000000;0.00000000;0.00000000;0.00000000;f;f;f;00000000-0000-0000-0000-000000000000;0.00000000;177;;;;f;f;f;f;f;f;f;f;f;0;0;f;0;171.25;0;0;0;0;0;;;Unité;f;;;;;2026-02-07 10:07:35.558965;FAHIM;312;;;;f;0.00000000;0.00000000;0;f;f;f;0;0;1;0.0000;0.0000;0.0000;0.0000;f;;f;0.0000;f;f;0;;;0.00000000;0;f;0.000000000000000;;;f;0.00000000;f;;;;f;;f;0.00000000;;;208;"";f;0
678;ebf3cebe-80f4-40ac-ae65-d0d19e6dc0ed;000547;;;TOLE NOIR 09/2500/1250;;p_Lot is null;0;1;;f;f;f;;2;8;;;;;;TOLE NOIR 09/2500/1250;;;;;;;2850.00000000;0.00000000;0.00000000;2850.00000000;0;0;0;0;0;0;;;;;;f;f;f;00000000-0000-0000-0000-000000000000;0.00000000;600;;;600;f;f;f;f;f;f;f;f;f;0;0;f;0;50;0;0;0;0;0;;;;f;;;2026-06-04 13:54:53.187362;OULAID-B;;;108;;;;f;0.00000000;0.00000000;0;f;f;f;0;0;1;0.0000;0.0000;0.0000;0.0000;f;;f;0.0000;f;f;0;;;0.00000000;0;f;0.000000000000000;;;f;0.00000000;f;;;;f;;f;0.00000000;;;, ;"";f;0
176;0cbe9659-a249-4054-b003-3539db1d645f;TL181025;;;TOLE 18 1000 X 2500;;;0;1;;f;f;f;2;2;;1;;;;;;;;;;;;0.00000000;0.00000000;0.00000000;100.00000000;0;0;0;0;0;0;0;0.00000000;0.00000000;0.00000000;0.00000000;f;f;f;00000000-0000-0000-0000-000000000000;0.00000000;145;;;;f;f;f;f;f;f;f;f;f;0;0;f;0;0;0;0;0;0;0;;;Unité;f;;;;;2026-02-07 10:07:35.985365;FAHIM;291;;;;f;0.00000000;0.00000000;0;f;f;f;0;0;1;0.0000;0.0000;0.0000;0.0000;f;;f;0.0000;f;f;0;;;0.00000000;0;f;0.000000000000000;;;f;0.00000000;f;;;;f;;f;0.00000000;;;;;f;0
634;ba202be4-ebf1-4fbc-a549-9d5be0e4ed7e;000505;;;TABLE REUNION TWIZI BAROK 300*120CM 32MM PI METALIQUE ;;p_Lot is null;0;1;;f;f;f;;10;11;;;;;;TABLE REUNION TWIZI BAROK 300*120CM 32MM PI METALIQUE ;;;;;;;42750.00000000;0.00000000;0.00000000;45000.00000000;0;0;0;0;0;0;;;;;;f;f;f;00000000-0000-0000-0000-000000000000;0.00000000;556;;;556;f;f;f;f;f;f;f;f;f;0;0;f;0;0;0;0;0;0;0;;;;f;;;2026-04-13 09:53:48.188834;FAHIM;;;132;;;;f;0.00000000;0.00000000;0;f;f;f;0;0;1;0.0000;0.0000;0.0000;0.0000;f;;f;0.0000;f;f;0;;;0.00000000;0;f;0.000000000000000;;;f;0.00000000;f;;;;f;;f;0.00000000;;;, ;"";f;0
201;bb405ae0-1b70-46b6-b50b-2d0e91021c60;TBC3030;;;TUBE  30 X 30 X 14;;;0;1;;f;f;f;1;2;9;1;;;;;;;;;;;;983.46720000;0.00000000;0.00000000;960.00000000;290.28;0;0;0;0;0;0;0.00000000;0.00000000;0.00000000;0.00000000;f;f;f;00000000-0000-0000-0000-000000000000;0.00000000;170;;;;f;f;f;f;f;f;f;f;f;0;0;f;0;467.25;0;0;0;0;0;;;Unité;f;;;;;2026-02-07 10:07:35.669731;FAHIM;316;;;;f;0.00000000;0.00000000;0;f;f;f;0;0;1;0.0000;0.0000;0.0000;0.0000;f;;f;0.0000;f;f;0;;;0.00000000;0;f;0.000000000000000;;;f;0.00000000;f;;;;f;;f;0.00000000;;;;;f;0
154;7789946c-b908-4fe9-8de0-1b299bfb8f2a;MCHM95;;;MECHE M9.5;;;0;1;;f;f;f;2;2;;1;;;;;;;;;;;;534.00000000;0.00000000;0.00000000;710.00000000;29;0;0;0;0;0;0;0.00000000;0.00000000;0.00000000;0.00000000;f;f;f;00000000-0000-0000-0000-000000000000;0.00000000;130;;;;f;f;f;f;f;f;f;f;f;0;0;f;0;45;0;0;0;0;0;;;Unité;f;;;;;2026-02-07 10:07:36.173826;FAHIM;384;;;;f;0.00000000;0.00000000;0;f;f;f;0;0;1;0.0000;0.0000;0.0000;0.0000;f;;f;0.0000;f;f;0;;;0.00000000;0;f;0.000000000000000;;;f;0.00000000;f;;;;f;;f;0.00000000;;;;;f;0
35;985a5e6d-08be-461f-b951-f3729f334c16;6030645;;;PIECE 645 TRAVERS ;;;0;1;;f;f;f;2;2;;1;;;;;;;;;;;;0.00000000;0.00000000;0.00000000;100.00000000;0;0;0;0;0;0;0;0.00000000;0.00000000;0.00000000;0.00000000;f;f;f;00000000-0000-0000-0000-000000000000;0.00000000;32;;;;f;f;f;f;f;f;f;f;f;0;0;t;0;0;0;0;0;0;0;;;Unité;f;;;;;2026-02-07 10:07:37.443778;FAHIM;291;;;;f;0.00000000;0.00000000;0;f;f;f;0;0;1;0.0000;0.0000;0.0000;0.0000;f;;f;0.0000;f;f;0;;;0.00000000;0;f;0.000000000000000;;;f;0.00000000;f;;;;f;;f;0.00000000;;;;;f;0
784;ca01e121-ee2d-442a-9179-84d02868ce6b;000645;;;SERRE JOINT;;p_Lot is null;0;1;;f;f;f;;5;;;;;;;SERRE JOINT;;;;;;;1430.00000000;0.00000000;0.00000000;1430.00000000;0;0;0;0;0;0;;;;;;f;f;f;00000000-0000-0000-0000-000000000000;0.00000000;706;;;706;f;f;f;f;f;f;f;f;f;0;0;f;0;10;0;0;0;0;0;;;;f;;;2026-08-30 15:42:10.325661;FAHIM;;;13;;;;f;0.00000000;0.00000000;0;f;f;f;0;0;1;0.0000;0.0000;0.0000;0.0000;f;;f;0.0000;f;f;0;;;0.00000000;0;f;0.000000000000000;;;f;0.00000000;f;;;;f;;f;0.00000000;;;, ;"";f;0
322;d19fff29-d33a-429f-8e25-4c6d6b2071ee;MSS11419;;;MOUSSE 1.CM 150 X 190;;;0;3;;f;f;f;2;7;7;1;;;;;;;;;;;;251.60010000;0.00000000;0.00000000;288.11000000;300;0;0;0;0;0;0;0.00000000;0.00000000;0.00000000;0.00000000;f;f;f;00000000-0000-0000-0000-000000000000;0.00000000;261;;;;f;f;f;f;f;f;f;f;f;0;0;t;0;1508;0;0;0;0;0;;;Unité;f;;;;;2026-04-22 13:23:41.265395;MASSY;420;;;;f;0.00000000;0.00000000;0;f;f;f;0;0;1;0.0000;0.0000;0.0000;0.0000;f;;f;0.0000;f;f;0;;;0.00000000;0;f;0.000000000000000;;;f;0.00000000;f;;;;f;;f;0.00000000;;;322;"";f;0
451;f1d4fe8a-5b8c-41af-829b-58e827c7a406;P34002;;; PIED METAL ECO M 45;;;0;3;;f;f;f;2;13;;1;;;;;;;;;;;;1447.20710000;0.00000000;0.00000000;0.00000000;0;0;0;300;0;0;0;0.00000000;0.00000000;0.00000000;0.00000000;t;f;f;00000000-0000-0000-0000-000000000000;0.00000000;374;;;;f;f;f;f;f;f;f;f;f;0;0;f;0;47;0;0;0;0;0;;;Unité;f;;;;;2026-02-07 10:07:33.017599;FAHIM;398;;;;f;0.00000000;0.00000000;0;f;t;f;0;0;1;0.0000;0.0000;0.0000;0.0000;f;;f;0.0000;f;f;0;;;0.00000000;-715;f;0.000000000000000;;;f;0.00000000;f;;;;f;;f;0.00000000;;;;;f;0
174;cb701377-5a92-40d2-83a3-5b611dc2b7f0;T1812525;;;TOLE 18 1250 X 2500;;;0;1;;f;f;f;2;2;;1;;;;;;;;;;;;0.00000000;0.00000000;0.00000000;2850.00000000;0;0;0;0;0;0;0;0.00000000;0.00000000;0.00000000;0.00000000;f;f;f;00000000-0000-0000-0000-000000000000;0.00000000;143;;;;f;f;f;f;f;f;f;f;f;0;0;f;0;0;0;0;0;0;0;;;Unité;f;;;;;2026-02-07 10:07:36.009435;FAHIM;296;;;;f;0.00000000;0.00000000;0;f;f;f;0;0;1;0.0000;0.0000;0.0000;0.0000;f;;f;0.0000;f;f;0;;;0.00000000;0;f;0.000000000000000;;;f;0.00000000;f;;;;f;;f;0.00000000;;;;;f;0
4;0fad5be3-77e8-47df-962d-ffa293422dee;TBC5018;;;TUBE 50 X 50 X 18;;;0;1;;f;f;f;1;2;9;1;;;;;;;;;;;;2050.00000000;0.00000000;0.00000000;100.00000000;49;0;0;0;0;0;0;0.00000000;0.00000000;0.00000000;0.00000000;f;f;f;00000000-0000-0000-0000-000000000000;0.00000000;5;;;;f;f;f;f;f;f;f;f;f;0;0;f;0;0;0;0;0;0;0;;;Unité;f;;;;;2026-02-07 10:07:37.784768;FAHIM;291;;;;f;0.00000000;0.00000000;0;f;f;f;0;0;1;0.0000;0.0000;0.0000;0.0000;f;;f;0.0000;f;f;0;;;0.00000000;0;f;0.000000000000000;;;f;0.00000000;f;;;;f;;f;0.00000000;;;;;f;0
257;e28a0a91-17fd-426c-be21-97eccbabe066;PTR1000;;;PIED METAL TABLE DE REUNION     MAXI   M 100;;;0;3;;f;f;f;2;13;;1;;;;;;;;;;;;2211.24910000;0.00000000;0.00000000;0.00000000;0;0;0;20;0;0;0;0.00000000;0.00000000;0.00000000;0.00000000;t;f;f;00000000-0000-0000-0000-000000000000;0.00000000;210;;;;f;f;f;f;f;f;f;f;f;0;0;f;0;32;0;0;0;0;0;;;Unité;f;;;;;2026-02-07 10:07:35.16007;FAHIM;400;;;;f;0.00000000;0.00000000;0;f;t;f;0;0;1;0.0000;0.0000;0.0000;0.0000;f;;f;0.0000;f;f;0;;;0.00000000;-17;f;0.000000000000000;;;f;0.00000000;f;;;;f;;f;0.00000000;;;;;f;0
200;19901206-4097-4471-92cb-853074fefcb1;TB604014;;;TUBE 60 X 40 X 14;;;0;1;;f;f;f;1;2;9;1;;;;;;;;;;;;1273.57750000;0.00000000;0.00000000;1201.68067227;257.98;0;0;0;0;0;0;0.00000000;0.00000000;0.00000000;0.00000000;f;f;f;00000000-0000-0000-0000-000000000000;0.00000000;169;;;;f;f;f;f;f;f;f;f;f;0;0;f;0;410.14;0;0;0;0;0;;;Unité;f;;;;;2026-02-07 10:07:35.683111;FAHIM;494;;;;f;0.00000000;0.00000000;0;f;f;f;0;0;1;0.0000;0.0000;0.0000;0.0000;f;;f;0.0000;f;f;0;;;0.00000000;0;f;0.000000000000000;;;f;0.00000000;f;;;;f;;f;0.00000000;;;;;f;0
613;ca82fc46-142c-4e03-bb2c-724e9a6c3282;TL6030/40120;;;"TABLE DE LECTURE 60 X 30 /60/40 65 X 120
";;p_Lot is null;0;3;;f;f;f;;10;;;;;;;"TABLE DE LECTURE 60 X 30 /60/40 65 X 120
";;;;;;;0.00000000;0.00000000;0.00000000;0.00000000;0;0;0;0;0;0;;;;;;t;f;f;00000000-0000-0000-0000-000000000000;0.00000000;535;;;;f;f;f;f;f;f;f;f;f;0;0;f;0;0;0;0;0;0;0;;;Unité;f;;;2026-03-25 12:58:42.666253;MASSY;2026-03-25 13:00:31.096558;MASSY;141;;;;f;0.00000000;0.00000000;0;f;t;f;0;0;;0.0000;0.0000;0.0000;0.0000;f;;f;0.0000;f;f;0;;;0.00000000;0;f;0.000000000000000;;;f;0.00000000;f;;;;f;;f;0.00000000;;;000144;"";f;0
23;e676408c-c47c-4b8b-868a-dc90eff7b180;SCP002;;;SAC EMBALLAGE CHAISE;;;0;1;;f;f;f;1;2;;1;;;;;;;;;;;;6.03400000;0.00000000;0.00000000;479.00000000;13300;0;0;0;0;0;0;0.00000000;0.00000000;0.00000000;0.00000000;f;f;f;00000000-0000-0000-0000-000000000000;0.00000000;20;;;;f;f;f;f;f;f;f;f;f;0;0;f;0;16000;0;0;0;0;0;;;Unité;f;;;;;2026-02-07 10:07:37.591034;FAHIM;312;;;;f;0.00000000;0.00000000;0;f;f;f;0;0;1;0.0000;0.0000;0.0000;0.0000;f;;f;0.0000;f;f;0;;;0.00000000;0;f;0.000000000000000;;;f;0.00000000;f;;;;f;;f;0.00000000;;;;;f;0
528;4bd4f7b4-ff08-4d40-8369-6ceba8e7335b;000428;;;TRIPLETTE G 20;;p_Lot is null;0;1;;f;f;f;;12;;;;;;;TRIPLETTE G 20;;;;;;;7737.16700000;0.00000000;0.00000000;0.00000000;0;0;0;0;0;0;;;;;;t;f;f;00000000-0000-0000-0000-000000000000;0.00000000;450;;;450;f;f;f;f;f;f;f;f;f;0;0;f;0;0;0;0;0;0;0;;;;f;;;2025-12-02 10:40:25.226602;LINA;2026-02-07 10:07:32.114035;FAHIM;253;;;;f;0.00000000;0.00000000;0;f;t;f;0;0;1;0.0000;0.0000;0.0000;0.0000;f;;f;0.0000;f;f;0;;;0.00000000;-5;f;0.000000000000000;;;f;0.00000000;f;;;;f;;f;0.00000000;;;000059;"";f;0
44;058cdb5f-2d93-4a0c-9e87-766e6d999655;CJTW1600;;125;CACHES JUPE TWIZI 160;;;0;3;;f;f;f;2;11;;1;;;;;CACHES JUPE TWIZI 160;;;;;;;1500.00000000;0.00000000;0.00000000;0.00000000;4;0;0;20;0;0;0;0.00000000;0.00000000;0.00000000;0.00000000;t;f;f;00000000-0000-0000-0000-000000000000;0.00000000;40;;;;f;f;f;f;f;f;f;f;f;0;0;f;0;0;0;0;0;0;0;;;Unité;f;;;;;2026-02-22 15:01:16.259287;FAHIM;293;;;;f;0.00000000;0.00000000;0;f;t;f;0;0;1;0.0000;0.0000;0.0000;0.0000;f;;f;0.0000;f;f;0;;44;0.00000000;0;f;0.000000000000000;;;f;0.00000000;f;;;;f;;f;0.00000000;;;44;"";f;0
583;63c8db95-7a07-4d0b-920a-a91236360973;000464;;;EGUILLES IND LUXE;;;0;1;;f;f;f;;2;;;;;;;EGUILLES IND LUXE;;;;;;;34.28570000;0.00000000;0.00000000;30.00000000;0;0;0;0;0;0;;;;;;f;f;f;00000000-0000-0000-0000-000000000000;0.00000000;505;;;505;f;f;f;f;f;f;f;f;f;0;0;f;0;35;0;0;0;0;0;;;;f;;;2026-02-12 10:15:32.925144;FAHIM;;;182;;;;f;0.00000000;0.00000000;0;f;f;f;0;0;1;0.0000;0.0000;0.0000;0.0000;f;;f;0.0000;f;f;0;;;0.00000000;0;f;0.000000000000000;;;f;0.00000000;f;;;;f;;f;0.00000000;;;, ;"";f;0
331;85c8192d-e15d-43a2-89d8-7da2f63aba0c;KIT005;;;KIT CHAISE IMPERIAL  REMBOURET  TISSU ;;;0;3;;f;f;f;2;7;4;1;;;;;;;;;;;;1186.97000000;0.00000000;0.00000000;0.00000000;0;0;0;2000;0;0;0;0.00000000;0.00000000;1900.00000000;2900.00000000;t;f;f;00000000-0000-0000-0000-000000000000;0.00000000;267;;;;f;f;f;f;f;f;f;f;f;0;0;t;0;1200;0;0;0;0;0;;;Unité;f;;;;;2026-02-07 10:07:34.417124;FAHIM;428;;;;f;0.00000000;0.00000000;0;f;t;f;0;0;1;0.0000;0.0000;0.0000;0.0000;f;;f;0.0000;f;f;0;;;0.00000000;0;f;0.000000000000000;;;f;0.00000000;f;;;;f;;f;0.00000000;;;;;f;0
791;50966c5d-5617-472e-a51e-d60ed5442626;PMCARRM45;;;PIED METAL ECO FORME O M 45 SOUDEE ;;p_Lot is null;0;3;;f;f;f;;13;;1;;;;;PIED METAL ECO FORME O M 45 SOUDEE ;;;;;;;1498.11410000;0.00000000;0.00000000;0.00000000;0;0;0;300;0;0;;;;;;t;f;f;00000000-0000-0000-0000-000000000000;0.00000000;713;;;;f;f;f;f;f;f;f;f;f;0;0;f;0;2;0;0;0;0;0;;;Unité;f;;;2026-09-03 13:43:40.073307;FAHIM;2026-09-03 13:44:14.160225;FAHIM;14;;;;f;0.00000000;0.00000000;0;f;t;f;0;0;1;0.0000;0.0000;0.0000;0.0000;f;;f;0.0000;f;f;0;;;0.00000000;-48;f;0.000000000000000;;;f;0.00000000;f;;;;f;;f;0.00000000;;;000322;"";f;0
650;57433875-aea9-42b4-bed6-95a2b04b4702;000521;;;RECHONGE MASQUE FIX TOP 60015;;;0;1;;f;f;f;;5;5;;;;;;RECHONGE MASQUE FIX TOP 60015;;;;;;;450.00000000;0.00000000;0.00000000;450.00000000;0;0;0;0;0;0;;;;;;f;f;f;00000000-0000-0000-0000-000000000000;0.00000000;572;;;572;f;f;f;f;f;f;f;f;f;0;0;f;0;4;0;0;0;0;0;;;;f;;;2026-05-04 09:00:36.677391;FAHIM;;;107;;;;f;0.00000000;0.00000000;0;f;f;f;0;0;1;0.0000;0.0000;0.0000;0.0000;f;;f;0.0000;f;f;0;;;0.00000000;0;f;0.000000000000000;;;f;0.00000000;f;;;;f;;f;0.00000000;;;, ;"";f;0
371;3424411c-abfe-4dfa-90a9-8746119f8799;TBU55X55;;; PIED METAL TABLE   BASSE  U  SOUDEE 60 X 30 ;;;0;3;;f;f;f;2;13;;1;;;;;;;;;;;;1257.21000000;0.00000000;0.00000000;0.00000000;0;0;0;300;0;0;0;0.00000000;0.00000000;4199.00000000;4800.00000000;t;f;f;00000000-0000-0000-0000-000000000000;0.00000000;302;;;;f;f;f;f;f;f;f;f;f;0;0;t;0;0;0;0;0;0;0;;;Unité;f;;;;;2026-02-07 10:07:33.947035;FAHIM;291;;;;f;0.00000000;0.00000000;0;f;t;f;0;0;1;0.0000;0.0000;0.0000;0.0000;f;;f;0.0000;f;f;0;;;0.00000000;0;f;0.000000000000000;;;f;0.00000000;f;;;;f;;f;0.00000000;;;;;f;0
726;289deae7-9964-46b7-a918-eb90de0265ca;TACARRE140X140;;;TABLE ATLAS 140*140;;p_Lot is null;0;1;;f;f;f;;10;;;;;;;TABLE ATLAS 140*140;;;;;;;0.00000000;0.00000000;0.00000000;0.00000000;0;0;0;0;0;0;;;;;;f;f;f;00000000-0000-0000-0000-000000000000;0.00000000;648;;;648;f;f;f;f;f;f;f;f;f;0;0;f;0;0;0;0;0;0;0;;;;f;;;2026-07-15 12:14:29.445157;FAHIM;2026-09-03 15:13:34.397059;FAHIM;49;;;;f;0.00000000;0.00000000;0;f;f;f;0;0;1;0.0000;0.0000;0.0000;0.0000;f;;f;0.0000;f;f;0;;;0.00000000;-1;f;0.000000000000000;;;f;0.00000000;f;;;;f;;f;0.00000000;;;000257;"";f;0
568;f12d4bb7-7012-400a-98df-648aa785165a;000449;;;CAISSON DEUX TIROIRS FIX;;p_Lot is null;0;3;;f;f;f;;15;;1;;;;;CAISSON DEUX TIROIRS FIX;;;;;;;2941.17650000;0.00000000;0.00000000;2941.17647059;0;0;0;0;0;0;;;;;;t;f;f;00000000-0000-0000-0000-000000000000;0.00000000;490;;;;f;f;f;f;f;f;f;f;f;0;0;f;0;0;0;0;0;0;0;;;Unité;f;;;2026-02-07 13:03:51.910832;MASSY;2026-02-07 13:04:32.37727;MASSY;183;;;;f;0.00000000;0.00000000;0;f;t;f;0;0;1;0.0000;0.0000;0.0000;0.0000;f;;f;0.0000;f;f;0;;;0.00000000;0;f;0.000000000000000;;;f;0.00000000;f;;;;f;;f;0.00000000;;;000099;"";f;0
754;6214f01b-d238-499e-8cf2-4f86ffc2b4e4;ESTRD 1.71 X 1.02;;;ESTRADE 1.71 X 1.02;;p_Lot is null;0;3;;f;f;t;;10;;;;;;;ESTRADE 1.71 X 1.02;;;;;;;4248.08610000;0.00000000;0.00000000;0.00000000;0;0;0;0;0;0;;;;;;t;f;f;00000000-0000-0000-0000-000000000000;0.00000000;676;;;676;f;f;f;f;f;f;f;f;f;0;0;f;0;0;0;0;0;0;0;;;;f;;;2026-08-05 13:53:14.069565;FAHIM;;;32;;;;f;0.00000000;0.00000000;0;f;t;f;0;0;1;0.0000;0.0000;0.0000;0.0000;f;;f;0.0000;f;f;0;;;0.00000000;-1;f;0.000000000000000;;;f;0.00000000;f;;;;f;;f;0.00000000;;;, ;"";f;0
544;2e8260ec-16d6-4b5b-94b3-cfda7c184a38;STR BUR HOT GOLD;;;STRUCTURE BUR HOTEL GOLD;;p_Lot is null;0;3;;f;f;f;;13;;1;;;;;STRUCTURE BUR HOTEL GOLD;;;;;;;1761.70580000;0.00000000;0.00000000;0.00000000;0;0;0;100;0;0;;;;;;t;f;f;00000000-0000-0000-0000-000000000000;0.00000000;466;;;;f;f;f;f;f;f;f;f;f;0;0;f;0;0;0;0;0;0;0;;;Unité;f;;;2025-12-13 10:41:38.946274;MASSY;2026-02-07 10:07:31.895851;FAHIM;235;;;;f;0.00000000;0.00000000;0;f;t;f;0;0;1;0.0000;0.0000;0.0000;0.0000;f;;f;0.0000;f;f;0;;;0.00000000;-1;f;0.000000000000000;;;f;0.00000000;f;;;;f;;f;0.00000000;;;000075;"";f;0
677;0469f471-3f20-49d3-8f88-15580a511cd6;000546;;;TUBE ROND NOIR 32/0.9 LAC;;p_Lot is null;0;1;;f;f;f;;2;9;;;;;;TUBE ROND NOIR 32/0.9 LAC;;;;;;;;0.00000000;0.00000000;520.00000000;0;0;0;0;0;0;;;;;;f;f;f;00000000-0000-0000-0000-000000000000;0.00000000;599;;;599;f;f;f;f;f;f;f;f;f;0;0;f;0;0;0;0;0;0;0;;;;f;;;2026-06-04 13:54:01.594963;OULAID-B;;;91;;;;f;0.00000000;0.00000000;0;f;f;f;0;0;1;0.0000;0.0000;0.0000;0.0000;f;;f;0.0000;f;f;0;;;0.00000000;0;f;0.000000000000000;;;f;0.00000000;f;;;;f;;f;0.00000000;;;, ;"";f;0
1;4d335f0d-a906-46b2-841f-53a59ffdec80;BECO1400;;;BUREAU 140 X 70 X 75 PIETMENT METAL ECO  FP 32 MM;;;0;1;;f;f;f;2;15;;1;;;;;;;;;;;;9380.25210000;0.00000000;0.00000000;9873.94957983;0;0;0;0;0;0;0;0.00000000;0.00000000;0.00000000;0.00000000;f;f;f;00000000-0000-0000-0000-000000000000;0.00000000;2;;;;f;f;f;f;f;f;f;f;f;0;0;f;0;0;0;0;0;0;0;;;Unité;f;;;;;2026-02-07 10:07:37.824004;FAHIM;301;;;;f;0.00000000;0.00000000;0;f;f;f;0;0;1;0.0000;0.0000;0.0000;0.0000;f;;f;0.0000;f;f;0;;;0.00000000;-6;f;0.000000000000000;;;f;0.00000000;f;;;;f;;f;0.00000000;;;;;f;0
666;858321ae-f4a2-4bac-b6e3-17d2072f26bd;STRTECOMODULABLE M70 X 140;;;STRUCTURE TABLE DE LECTURE 60X40 140 X 700 MODULABLE;;p_Lot is null;0;3;;f;f;f;;10;;;;;;;STRUCTURE TABLE DE LECTURE 60X40 140 X 700 MODULABLE;;;;;;;2308.03760000;0.00000000;0.00000000;0.00000000;0;0;0;0;0;0;;;;;;t;f;f;00000000-0000-0000-0000-000000000000;0.00000000;588;;;;f;f;f;f;f;f;f;f;f;0;0;f;0;0;0;0;0;0;0;;;Unité;f;;;2026-05-21 16:09:07.063428;MASSY;2026-05-21 16:11:46.986783;MASSY;92;;;;f;0.00000000;0.00000000;0;f;t;f;0;0;;0.0000;0.0000;0.0000;0.0000;f;;f;0.0000;f;f;0;;;0.00000000;0;f;0.000000000000000;;;f;0.00000000;f;;;;f;;f;0.00000000;;;000197;"";f;0
793;34d576fd-32a7-4f31-9b3d-5a8b1621eaa1;CJ180TOLE15;;170;CACHES JUPE P/PLAT 180 TOLE 15;;;0;3;;f;f;f;;11;;1;;;;;CACHES JUPE P/PLAT 180 TOLE 15;;;;;;;1572.31160000;0.00000000;0.00000000;0.00000000;0;0;0;60;0;0;;;;;;t;f;f;00000000-0000-0000-0000-000000000000;0.00000000;715;;;;f;f;t;f;f;f;f;f;f;0;0;f;0;0;0;0;0;0;0;;;Unité;f;;;2026-09-03 14:17:37.401316;MASSY;2026-09-03 14:18:37.690721;MASSY;11;;;;f;0.00000000;0.00000000;0;f;t;f;0;0;1;0.0000;0.0000;0.0000;0.0000;f;;f;0.0000;f;f;0;;285;0.00000000;0;f;0.000000000000000;;;f;0.00000000;f;;;;f;;f;0.00000000;;;000324;"";f;0
619;b4001a26-2349-408a-a1e0-b8ba8068be1b;000495;;;PORTE UNITE 25*40*10;;p_Lot is null;0;3;;f;f;f;;10;;;;;;;PORTE UNITE 25*40*10;;;;;;;600.00000000;0.00000000;0.00000000;600.00000000;0;0;0;0;0;0;;;;;;f;f;f;00000000-0000-0000-0000-000000000000;0.00000000;541;;;541;f;f;f;f;f;f;f;f;f;0;0;f;0;0;0;0;0;0;0;;;;f;;;2026-04-01 15:35:04.597645;FAHIM;2026-04-01 15:36:18.25259;FAHIM;141;;;;f;0.00000000;0.00000000;0;f;f;f;0;0;1;0.0000;0.0000;0.0000;0.0000;f;;f;0.0000;f;f;0;;;0.00000000;0;f;0.000000000000000;;;f;0.00000000;f;;;;f;;f;0.00000000;;;000150;"";f;0
682;7185fb4e-f57e-438f-b6f9-591531791fd1;000551;;;BUREAU ZED SONOMA 180*70 PIEDS METALIQUE;;p_Lot is null;0;1;;f;f;f;;10;;;;;;;BUREAU ZED SONOMA 180*70 PIEDS METALIQUE;;;;;;;13775.00000000;0.00000000;0.00000000;14500.00000000;0;0;0;0;0;0;;;;;;f;f;f;00000000-0000-0000-0000-000000000000;0.00000000;604;;;604;f;f;f;f;f;f;f;f;f;0;0;f;0;0;0;0;0;0;0;;;;f;;;2026-06-07 12:28:30.728107;OULAID-B;;;94;;;;f;0.00000000;0.00000000;0;f;f;f;0;0;1;0.0000;0.0000;0.0000;0.0000;f;;f;0.0000;f;f;0;;;0.00000000;0;f;0.000000000000000;;;f;0.00000000;f;;;;f;;f;0.00000000;;;, ;"";f;0
562;4615d8c2-7365-426f-8a9a-910d662a909b;000446;;;;;p_Lot is null;0;;;f;f;f;;;;;;;;;;;;;;;;0.00000000;0.00000000;0.00000000;0.00000000;0;0;0;0;0;0;;;;;;f;f;f;00000000-0000-0000-0000-000000000000;0.00000000;;;;;f;f;f;f;f;f;f;f;f;0;0;f;0;0;0;0;0;0;0;;;;f;;;2026-01-24 12:44:20.777288;FAHIM;2026-02-07 10:07:31.654149;FAHIM;195;;;;f;0.00000000;0.00000000;0;f;f;f;0;0;1;0.0000;0.0000;0.0000;0.0000;f;;f;0.0000;f;f;0;;;0.00000000;0;f;0.000000000000000;;;f;0.00000000;f;;;;f;;f;0.00000000;;;;;f;0
206;508d35af-876f-4cce-9f5f-010d9c808384;UPN 50;;;UPN 50 6M;;;0;1;;f;f;f;1;2;9;1;;;;;;;;;;;;4830.00000000;0.00000000;0.00000000;100.00000000;2;0;0;0;0;0;0;0.00000000;0.00000000;0.00000000;0.00000000;f;f;f;00000000-0000-0000-0000-000000000000;0.00000000;175;;;;f;f;f;f;f;f;f;f;f;0;0;t;0;0;0;0;0;0;0;;;Unité;f;;;;;2026-02-07 10:07:35.606945;FAHIM;293;;;;f;0.00000000;0.00000000;0;f;f;f;0;0;1;0.0000;0.0000;0.0000;0.0000;f;;f;0.0000;f;f;0;;;0.00000000;0;f;0.000000000000000;;;f;0.00000000;f;;;;f;;f;0.00000000;;;;;f;0
111;1b0b23c2-219c-412f-9fb9-f7ebc93102cb;BLAMB640;;;BOULON AMBASSE M6X40;;;0;1;;f;f;f;1;2;;1;;;;;;;;;;;;7.65950000;0.00000000;0.00000000;30.00000000;3108;0;0;0;0;0;0;0.00000000;0.00000000;0.00000000;0.00000000;f;f;f;00000000-0000-0000-0000-000000000000;0.00000000;87;;;;f;f;f;f;f;f;f;f;f;0;0;f;0;2855;0;0;0;0;0;;;Unité;f;;;;;2026-02-07 10:07:36.737971;FAHIM;444;;;;f;0.00000000;0.00000000;0;f;f;f;0;0;1;0.0000;0.0000;0.0000;0.0000;f;;f;0.0000;f;f;0;;;0.00000000;0;f;0.000000000000000;;;f;0.00000000;f;;;;f;;f;0.00000000;;;;;f;0
608;c3b3c90b-492a-469d-9bd6-8b994d67819c;TL140;;;"TABLE DE LECTURE 60 X 30 70 X 140
 ";;p_Lot is null;0;3;;f;f;f;;10;;;;;;;"TABLE DE LECTURE 60 X 30 70 X 140
 ";;;;;;;0.00000000;0.00000000;0.00000000;0.00000000;0;0;0;0;0;0;;;;;;t;f;f;00000000-0000-0000-0000-000000000000;0.00000000;530;;;;f;f;f;f;f;f;f;f;f;0;0;f;0;5;0;0;0;0;0;;;Unité;f;;;2026-03-15 11:38:21.431471;FAHIM;2026-03-15 11:39:37.673;FAHIM;147;;;;f;0.00000000;0.00000000;0;f;t;f;0;0;;0.0000;0.0000;0.0000;0.0000;f;;f;0.0000;f;f;0;;;0.00000000;0;f;0.000000000000000;;;f;0.00000000;f;;;;f;;f;0.00000000;;;000139;"";f;0
372;4b5597bf-387b-4302-8571-280bb69516c4;RNFZ120;;;"RENFORT MEGA Z 120
";;;0;3;;f;f;f;2;14;;;;;;;;;;;;;;210.38200000;0.00000000;0.00000000;0.00000000;4;0;0;0;0;0;0;0.00000000;0.00000000;0.00000000;0.00000000;t;f;f;00000000-0000-0000-0000-000000000000;0.00000000;303;;;;f;f;f;f;f;f;f;f;f;0;0;t;0;160;0;0;0;0;0;;;Unité;f;;;;;2026-02-07 10:07:33.934629;FAHIM;443;;;;f;0.00000000;0.00000000;0;f;t;f;0;0;;0.0000;0.0000;0.0000;0.0000;f;;f;0.0000;f;f;0;;372;0.00000000;-20;f;0.000000000000000;;;f;0.00000000;f;;;;f;;f;0.00000000;;;372;"";f;0
768;bd469375-7985-4d84-aa71-7d1a1db7b1ed;PMATLAS5050;;;PIED METAL ATLAS M 60 X 140;;p_Lot is null;0;3;;f;f;f;;13;;1;;;;;PIED METAL ATLAS M 60 X 140;;;;;;;2903.53510000;0.00000000;0.00000000;0.00000000;0;0;0;0;0;0;;;;;;t;f;f;00000000-0000-0000-0000-000000000000;0.00000000;690;;;;f;f;t;f;f;f;f;f;f;0;0;f;0;1;0;0;0;0;0;;;Unité;f;;;2026-08-24 12:37:07.6848;MASSY;2026-08-24 12:38:22.479247;MASSY;26;;;;f;0.00000000;0.00000000;0;f;t;f;0;0;1;0.0000;0.0000;0.0000;0.0000;f;;f;0.0000;f;f;0;;;0.00000000;0;f;0.000000000000000;;;f;0.00000000;f;;;;f;;f;0.00000000;;;000299;"";f;0
49;68711fee-ed9e-4d3b-a311-56f4cd5c220d;IMP005;;;CHAISE IMPERIAL TRIPLETTE LUXE TISSU EPOXY ;;;0;3;;f;f;f;2;12;;1;;;;;;;;;;;;6448.03000000;0.00000000;0.00000000;0.00000000;1;0;0;0;0;0;0;0.00000000;0.00000000;0.00000000;0.00000000;t;f;f;00000000-0000-0000-0000-000000000000;0.00000000;44;;;;f;f;f;f;f;f;f;f;f;0;0;f;0;0;0;0;0;0;0;;;Unité;f;;;;;2026-02-07 10:07:37.297587;FAHIM;305;;;;f;0.00000000;0.00000000;0;f;t;f;0;0;1;0.0000;0.0000;0.0000;0.0000;f;;f;0.0000;f;f;0;;;0.00000000;0;f;0.000000000000000;;;f;0.00000000;f;;;;f;;f;0.00000000;;;;;f;0
572;cde477e7-b828-4a44-9514-3bdbfca1217f;000453;;;GANT CUIR;;p_Lot is null;0;1;;f;f;f;;5;5;;;;;;GANT CUIR;;;;;;;320.00000000;0.00000000;0.00000000;320.00000000;0;0;0;0;0;0;;;;;;f;f;f;00000000-0000-0000-0000-000000000000;0.00000000;494;;;494;f;f;f;f;f;f;f;f;f;0;0;f;0;100;0;0;0;0;0;;;;f;;;2026-02-10 15:41:41.55712;FAHIM;;;176;;;;f;0.00000000;0.00000000;0;f;f;f;0;0;1;0.0000;0.0000;0.0000;0.0000;f;;f;0.0000;f;f;0;;;0.00000000;0;f;0.000000000000000;;;f;0.00000000;f;;;;f;;f;0.00000000;;;, ;"";f;0
22;a3aeae0b-5960-4a80-ab63-8ac242bb691f;EMBOV32;;;EMBOUT OVAL PIED EXTERIEUR ;;;0;1;;f;f;f;3;2;2;1;;;;;;;;;;;;2.34900000;0.00000000;0.00000000;2.00000000;10720;0;0;0;0;0;0;0.00000000;0.00000000;0.00000000;0.00000000;f;f;f;00000000-0000-0000-0000-000000000000;0.00000000;19;;;;f;f;f;f;f;f;f;f;f;0;0;t;0;15250;0;0;0;0;0;;;Unité;f;;;;;2026-02-07 10:07:37.603923;FAHIM;319;;;;f;0.00000000;0.00000000;0;f;f;f;0;0;1;0.0000;0.0000;0.0000;0.0000;f;;f;0.0000;f;f;0;;;0.00000000;0;f;0.000000000000000;;;f;0.00000000;f;;;;f;;f;0.00000000;;;;;f;0
45;6562e2c8-76a4-4955-97ec-8933cdf6fd14;CJPS0108;;120 S;CACHES JUPE P/PLAT S 120;;;0;3;;f;f;f;2;11;;1;;;;;CACHES JUPE P/PLAT S 120;;;;;;;665.16790000;0.00000000;0.00000000;0.00000000;0;0;0;60;0;0;0;0.00000000;0.00000000;0.00000000;0.00000000;t;f;f;00000000-0000-0000-0000-000000000000;0.00000000;41;;;;f;f;f;f;f;f;f;f;f;0;0;f;0;89;0;0;0;0;0;;;Unité;f;;;;;2026-02-22 15:01:37.722483;FAHIM;350;;;;f;0.00000000;0.00000000;0;f;t;f;0;0;1;0.0000;0.0000;0.0000;0.0000;f;;f;0.0000;f;f;0;;45;0.00000000;-36;f;0.000000000000000;;;f;0.00000000;f;;;;f;;f;0.00000000;;;45;"";f;0
743;69c107d8-83ae-404d-b1b7-8501c434df8f;000607;;;TABLE EXAMEN PEINT;;;0;3;;f;f;f;;10;;;;;;;TABLE EXAMEN PEINT;;;;;;;9500.00000000;0.00000000;0.00000000;9500.00000000;0;0;0;0;0;0;;;;;;f;f;f;00000000-0000-0000-0000-000000000000;0.00000000;665;;;665;f;f;f;f;f;f;f;f;f;0;0;f;0;0;0;0;0;0;0;;;;f;;;2026-07-27 11:43:19.975674;FAHIM;;;41;;;;f;0.00000000;0.00000000;0;f;f;f;0;0;1;0.0000;0.0000;0.0000;0.0000;f;;f;0.0000;f;f;0;;;0.00000000;0;f;0.000000000000000;;;f;0.00000000;f;;;;f;;f;0.00000000;;;, ;"";f;0
760;02581574-dbde-49b5-b499-d4fb63f878e9;000622;;;CACHE JUPE 78 ;;p_Lot is null;0;3;;f;f;f;;11;;;;;;;CACHE JUPE 78 ;;;;;;;0.00000000;0.00000000;0.00000000;0.00000000;0;0;0;0;0;0;;;;;;f;f;f;00000000-0000-0000-0000-000000000000;0.00000000;682;;;682;f;f;f;f;f;f;f;f;f;0;0;f;0;0;0;0;0;0;0;;;;f;;;2026-08-19 16:08:33.846176;OULAID-B;;;17;;;;f;0.00000000;0.00000000;0;f;f;f;0;0;1;0.0000;0.0000;0.0000;0.0000;f;;f;0.0000;f;f;0;;;0.00000000;0;f;0.000000000000000;;;f;0.00000000;f;;;;f;;f;0.00000000;;;, ;"";f;0
326;8bd778f0-551e-4b2a-a8a6-7d927f1a6e4c;SCH0003;;;SOUS TRAITANCE CHROMAGE ;;;2;3;;f;f;f;2;12;3;;;;;;;;;;;;;800.00000000;0.00000000;0.00000000;0.00000000;0;0;0;0;0;0;0;0.00000000;0.00000000;0.00000000;0.00000000;f;f;f;00000000-0000-0000-0000-000000000000;0.00000000;262;;;;t;f;f;f;f;f;f;f;f;0;0;t;0;0;0;0;0;0;0;;;Unité;f;;;;;2026-02-07 10:07:34.47976;FAHIM;291;;;;f;0.00000000;0.00000000;0;f;f;f;0;0;;0.0000;0.0000;0.0000;0.0000;f;;f;0.0000;f;f;0;;;0.00000000;0;f;0.000000000000000;;;f;0.00000000;f;;;;f;;f;0.00000000;;;;;f;0
105;37511afe-e3ae-4f31-8a1e-a542d65e1ee4;PCF544;;;PIECS DE FEXATION PLATAUX ;;;0;1;;f;f;f;2;1;;1;;;;;;;;;;;;34.69950000;0.00000000;0.00000000;35.00000000;62;0;0;0;0;0;0;0.00000000;0.00000000;0.00000000;0.00000000;t;f;f;00000000-0000-0000-0000-000000000000;0.00000000;81;;;;f;f;f;f;f;f;f;f;f;0;0;t;0;3690;0;0;0;0;0;;;Unité;f;;;;;2026-02-07 10:07:36.812367;FAHIM;560;;;;f;0.00000000;0.00000000;0;f;t;f;0;0;1;0.0000;0.0000;0.0000;0.0000;f;;f;0.0000;f;f;0;;;0.00000000;0;f;0.000000000000000;;;f;0.00000000;f;;;;f;;f;0.00000000;;;;;f;0
780;e8cae4e2-b1a1-498b-9b5c-c219c7535d86;000641;;;BTR 06 X 40 12.9 DF;;p_Lot is null;0;1;;f;f;f;;5;;;;;;;BTR 06 X 40 12.9 DF;;;;;;;5.79000000;0.00000000;0.00000000;5.79000000;0;0;0;0;0;0;;;;;;f;f;f;00000000-0000-0000-0000-000000000000;0.00000000;702;;;702;f;f;f;f;f;f;f;f;f;0;0;f;0;1500;0;0;0;0;0;;;;f;;;2026-08-30 12:35:00.132523;FAHIM;;;20;;;;f;0.00000000;0.00000000;0;f;f;f;0;0;1;0.0000;0.0000;0.0000;0.0000;f;;f;0.0000;f;f;0;;;0.00000000;0;f;0.000000000000000;;;f;0.00000000;f;;;;f;;f;0.00000000;;;, ;"";f;0
199;23782818-36d9-4d8e-9106-9f88d63c3d36;TBPZ10;;;TUBE TRAPEZ ;;;0;1;;f;f;f;1;2;9;1;;;;;;;;;;;;1570.00000000;0.00000000;0.00000000;1559.99000000;90;0;0;0;0;0;0;0.00000000;0.00000000;0.00000000;0.00000000;f;f;f;00000000-0000-0000-0000-000000000000;0.00000000;168;;;;f;f;f;f;f;f;f;f;f;0;0;t;0;83;0;0;0;0;0;;;Unité;f;;;;;2026-02-07 10:07:35.695239;FAHIM;313;;;;f;0.00000000;0.00000000;0;f;f;f;0;0;1;0.0000;0.0000;0.0000;0.0000;f;;f;0.0000;f;f;0;;;0.00000000;0;f;0.000000000000000;;;f;0.00000000;f;;;;f;;f;0.00000000;;;;;f;0
495;b373e81e-3db9-41f5-a053-bc1f703a697a;PLT140;;;PLATEAU POUR BUREAU 140;;;0;1;;f;f;f;;10;;;;;;;PLATEAU POUR BUREAU 140;;;;;;;4611.11110000;0.00000000;0.00000000;4700.00000000;0;0;0;0;0;0;;;;;;f;f;f;00000000-0000-0000-0000-000000000000;0.00000000;417;;;417;f;f;f;f;f;f;f;f;f;0;0;f;0;1;0;0;0;0;0;;;;f;;;2025-11-11 09:28:09.8022;LINA;2026-02-07 10:07:32.525016;FAHIM;304;;;;f;0.00000000;0.00000000;0;f;f;f;0;0;1;0.0000;0.0000;0.0000;0.0000;f;;f;0.0000;f;f;0;;;0.00000000;0;f;0.000000000000000;;;f;0.00000000;f;;;;f;;f;0.00000000;;;000026;"";f;0
611;4acb6ebf-8c0c-4e6a-95c4-06e5e2f10087;EMBR18;;;EMBOUTS RONDS EXTERIEURS 18;;p_Lot is null;0;3;;f;f;f;;3;2;;;;;;EMBOUTS RONDS EXTERIEURS 18;;;;;;;1.68070000;0.00000000;0.00000000;1.68067227;0;0;0;0;0;0;;;;;;f;f;f;00000000-0000-0000-0000-000000000000;0.00000000;533;;;533;f;f;f;f;f;f;f;f;f;0;0;t;0;500;0;0;0;0;0;;;;f;;;2026-03-17 11:13:02.748016;FAHIM;2026-03-17 11:15:00.327324;FAHIM;151;;;;f;0.00000000;0.00000000;0;f;f;f;0;0;1;0.0000;0.0000;0.0000;0.0000;f;;f;0.0000;f;f;0;;;0.00000000;0;f;0.000000000000000;;;f;0.00000000;f;;;;f;;f;0.00000000;;;000142;"";f;0
422;0d0ab844-c81a-4269-ba79-37f5eac91864;TR8040;;;TUBE RECTANGLE 80 X 40/15;;;0;3;;f;f;f;;2;;;;;;;;;;;;;;1655.46000000;0.00000000;0.00000000;0.00000000;10.18;0;0;0;0;0;0;0.00000000;0.00000000;0.00000000;0.00000000;f;f;f;00000000-0000-0000-0000-000000000000;0.00000000;347;;;;f;f;f;f;f;f;f;f;f;0;0;t;0;8;0;0;0;0;0;;;Unité;f;;;;;2026-02-07 10:07:33.380653;FAHIM;381;;;;f;0.00000000;0.00000000;0;f;f;f;0;0;;0.0000;0.0000;0.0000;0.0000;f;;f;0.0000;f;f;0;;;0.00000000;0;f;0.000000000000000;;;f;0.00000000;f;;;;f;;f;0.00000000;;;;;f;0
327;3090768d-4fb5-43ad-8189-5c6787ee4188;IMP003;;;CHAISE IMPERIAL LUXE SKAI EPOXY ;;;0;3;;f;f;f;2;12;;1;;;;;;;;;;;;1357.55450000;0.00000000;0.00000000;0.00000000;0;0;0;2000;0;0;0;0.00000000;0.00000000;1900.00000000;2900.00000000;t;f;f;00000000-0000-0000-0000-000000000000;0.00000000;263;;;;f;f;f;f;f;f;f;f;f;0;0;f;0;26;0;0;0;0;0;;;Unité;f;;;;;2026-02-07 10:07:34.467397;FAHIM;390;;;;f;0.00000000;0.00000000;0;f;t;f;0;0;1;0.0000;0.0000;0.0000;0.0000;f;;f;0.0000;f;f;0;;;0.00000000;-96;f;0.000000000000000;;;f;0.00000000;f;;;;f;;f;0.00000000;;;;;f;0
668;21a6845e-a91f-4533-99cf-290ec958b7da;000538;;;RIVTEUS3E PNEUMATIQUE;;;0;1;;f;f;f;;5;5;;;;;;RIVTEUS3E PNEUMATIQUE;;;;;;;13000.00000000;0.00000000;0.00000000;13000.00000000;0;0;0;0;0;0;;;;;;f;f;f;00000000-0000-0000-0000-000000000000;0.00000000;590;;;590;f;f;f;f;f;f;f;f;f;0;0;f;0;1;0;0;0;0;0;;;;f;;;2026-05-24 11:12:29.657951;FAHIM;;;90;;;;f;0.00000000;0.00000000;0;f;f;f;0;0;1;0.0000;0.0000;0.0000;0.0000;f;;f;0.0000;f;f;0;;;0.00000000;0;f;0.000000000000000;;;f;0.00000000;f;;;;f;;f;0.00000000;;;, ;"";f;0
75;11b763b5-de6b-42fa-9f48-b1e1d8298fa9;TAB0002;;;TABLE DE DECHARGE 50x50 M65 140;;;0;3;;f;f;f;2;13;;1;;;;;;;;;;;;2152.36000000;0.00000000;0.00000000;0.00000000;0;0;0;0;0;0;0;0.00000000;0.00000000;0.00000000;0.00000000;t;f;f;00000000-0000-0000-0000-000000000000;0.00000000;60;;;;f;f;f;f;f;f;f;f;f;0;0;f;0;0;0;0;0;0;0;;;Unité;f;;;;;2026-02-07 10:07:37.102392;FAHIM;291;;;;f;0.00000000;0.00000000;0;f;t;f;0;0;1;0.0000;0.0000;0.0000;0.0000;f;;f;0.0000;f;f;0;;;0.00000000;0;f;0.000000000000000;;;f;0.00000000;f;;;;f;;f;0.00000000;;;;;f;0
124;ef2ecad0-5cba-4b14-8b86-a4eb04197e89;MCHM5;;;MECHE M5;;;0;1;;f;f;f;2;2;;1;;;;;;;;;;;;121.27840000;0.00000000;0.00000000;250.00000000;33;0;0;0;0;0;0;0.00000000;0.00000000;0.00000000;0.00000000;f;f;f;00000000-0000-0000-0000-000000000000;0.00000000;100;;;;f;f;f;f;f;f;f;f;f;0;0;f;0;155;0;0;0;0;0;;;Unité;f;;;;;2026-02-07 10:07:36.572166;FAHIM;398;;;;f;0.00000000;0.00000000;0;f;f;f;0;0;1;0.0000;0.0000;0.0000;0.0000;f;;f;0.0000;f;f;0;;;0.00000000;0;f;0.000000000000000;;;f;0.00000000;f;;;;f;;f;0.00000000;;;;;f;0
561;7218b6c5-ae1b-454a-9bf6-13b961ab44f6;CJPAD1.25;;;CACHE JUPE ADIDAS 140;;p_Lot is null;0;1;;f;f;f;;11;;;;;;;CACHE JUPE ADIDAS 140;;;;;;;0.00000000;0.00000000;0.00000000;0.00000000;0;100;0;150;0;0;;;;;;t;f;f;00000000-0000-0000-0000-000000000000;0.00000000;483;;;483;f;f;t;f;f;f;f;f;f;0;0;f;0;0;0;0;0;0;0;;;;f;;;2026-01-03 13:24:12.218541;MASSY;2026-02-07 10:07:31.668809;FAHIM;211;;;;f;0.00000000;0.00000000;0;f;t;f;0;0;1;0.0000;0.0000;0.0000;0.0000;f;;f;0.0000;f;f;0;;;0.00000000;0;f;0.000000000000000;;;f;0.00000000;f;;;;f;;f;0.00000000;;;000092;"";f;0
399;bf9e0151-a416-4ab1-91f5-4245e1647d12;TL16080;;SONOMA ;TABLE DE LECTURE  PLAT 160/80;;;0;3;;f;f;f;2;14;;;;;;;;;;;;;;6898.93000000;0.00000000;0.00000000;0.00000000;0;0;0;0;0;0;0;0.00000000;0.00000000;0.00000000;0.00000000;t;f;f;00000000-0000-0000-0000-000000000000;0.00000000;328;;;;t;f;f;f;f;f;f;f;f;0;0;f;0;0;0;0;0;0;0;;;Unité;f;;;;;2026-02-07 10:07:33.619419;FAHIM;291;;;;f;0.00000000;0.00000000;0;f;t;f;0;0;;0.0000;0.0000;0.0000;0.0000;f;;f;0.0000;f;f;0;;;0.00000000;0;f;0.000000000000000;;;f;0.00000000;f;;;;f;;f;0.00000000;;;;;f;0
403;fdf0ea5f-e54c-4a40-83a8-97128d7b02c5;P41140;;140;STRUCTURE METALIQUE  Z ONE 140;;;0;3;;f;f;f;2;14;;;;;;;;;;;;;;3586.05000000;0.00000000;0.00000000;0.00000000;0;0;0;0;0;0;0;0.00000000;0.00000000;0.00000000;0.00000000;t;f;f;00000000-0000-0000-0000-000000000000;0.00000000;330;;;;t;f;f;f;f;f;f;f;f;0;0;f;0;0;0;0;0;0;0;;;Unité;f;;;;;2026-02-07 10:07:33.593178;FAHIM;291;;;;f;0.00000000;0.00000000;0;f;t;f;0;0;;0.0000;0.0000;0.0000;0.0000;f;;f;0.0000;f;f;0;;;0.00000000;-14;f;0.000000000000000;;;f;0.00000000;f;;;;f;;f;0.00000000;;;;;f;0
510;a0645688-8cd5-4391-9062-43d62d263f28;TABB150;;;PIED METAL TABLE BREIFING P/PLAT 150;;;0;3;;f;f;f;;13;;1;;;;;PIED METAL TABLE BREIFING P/PLAT 150;;;;;;;2179.73180000;0.00000000;0.00000000;0.00000000;0;0;0;30;0;0;;;;;;t;f;f;00000000-0000-0000-0000-000000000000;0.00000000;432;;;;f;f;f;f;f;f;f;f;f;0;0;f;0;0;0;0;0;0;0;;;Unité;f;;;2025-11-24 16:04:28.297181;admin;2026-02-07 10:07:32.33686;FAHIM;252;;;;f;0.00000000;0.00000000;0;f;t;f;0;0;1;0.0000;0.0000;0.0000;0.0000;f;;f;0.0000;f;f;0;;;0.00000000;0;f;0.000000000000000;;;f;0.00000000;f;;;;f;;f;0.00000000;;;000041;"";f;0
245;44f0ea9e-0b16-467b-9ec8-2dbab4d817bb;CJPZ120;;109.5;CACHE JUPE MEGA Z / Z ONE 120;;;0;3;;f;f;f;2;13;;1;;;;;;;;;;;;529.35880000;0.00000000;0.00000000;0.00000000;5;0;0;60;0;0;0;0.00000000;0.00000000;0.00000000;0.00000000;t;f;f;00000000-0000-0000-0000-000000000000;0.00000000;203;;;;f;f;f;f;f;f;f;f;f;0;0;f;0;146;0;0;0;0;0;;;Unité;f;;;;;2026-02-07 10:07:35.247365;FAHIM;434;;;;f;0.00000000;0.00000000;0;f;t;f;0;0;1;0.0000;0.0000;0.0000;0.0000;f;;f;0.0000;f;f;0;;245;0.00000000;-10;f;0.000000000000000;;;f;0.00000000;f;;;;f;;f;0.00000000;;;245;"";f;0
425;ba565228-06f2-4f8e-81c0-9321712882c7;TEX6040;;; TABLE EXTERIEUR AVEC BANC 60X40 160X80;;;0;3;;f;f;f;2;10;;;;;;; TABLE EXTERIEUR AVEC BANC 60X40 160X80;;;;;;;4959.44500000;0.00000000;0.00000000;0.00000000;0;0;0;0;0;0;0;0.00000000;0.00000000;0.00000000;0.00000000;t;f;f;00000000-0000-0000-0000-000000000000;0.00000000;349;;;;f;f;f;f;f;f;f;f;f;0;0;t;0;0;0;0;0;0;0;;;Unité;f;;;;;2026-02-07 10:07:33.355435;FAHIM;298;;;;f;0.00000000;0.00000000;0;f;t;f;0;0;;0.0000;0.0000;0.0000;0.0000;f;;f;0.0000;f;f;0;;425;0.00000000;0;f;0.000000000000000;;;f;0.00000000;f;;;;f;;f;0.00000000;;;425;"";f;0
43;168f6076-fae6-4760-b2a5-b676abf77a92;CJTW098;;98;CACHES JUPE TWIZI 120/140;;;0;3;;f;f;f;2;11;;1;;;;;CACHES JUPE TWIZI 120/140;;;;;;;1040.00000000;0.00000000;0.00000000;0.00000000;0;0;0;20;0;0;0;0.00000000;0.00000000;0.00000000;0.00000000;t;f;f;00000000-0000-0000-0000-000000000000;0.00000000;39;;;;f;f;f;f;f;f;f;f;f;0;0;f;0;0;0;0;0;0;0;;;Unité;f;;;;;2026-02-22 15:01:07.089376;FAHIM;292;;;;f;0.00000000;0.00000000;0;f;t;f;0;0;1;0.0000;0.0000;0.0000;0.0000;f;;f;0.0000;f;f;0;;43;0.00000000;0;f;0.000000000000000;;;f;0.00000000;f;;;;f;;f;0.00000000;;;43;"";f;0
747;a67d6dd4-079f-4efa-8c4d-89e6201ba1e6;000611;;;LARDON POUR SA30;;p_Lot is null;0;1;;f;f;f;;5;;;;;;;LARDON POUR SA30;;;;;;;1000.00000000;0.00000000;0.00000000;1000.00000000;0;0;0;0;0;0;;;;;;f;f;f;00000000-0000-0000-0000-000000000000;0.00000000;669;;;669;f;f;f;f;f;f;f;f;f;0;0;f;0;1;0;0;0;0;0;;;;f;;;2026-07-29 08:45:23.801597;FAHIM;;;40;;;;f;0.00000000;0.00000000;0;f;f;f;0;0;1;0.0000;0.0000;0.0000;0.0000;f;;f;0.0000;f;f;0;;;0.00000000;0;f;0.000000000000000;;;f;0.00000000;f;;;;f;;f;0.00000000;;;, ;"";f;0
771;f71f9d30-33eb-4b3c-b7fd-05929ea567fd;D251200X180;;;MOUSSE 1.CM 200X180 D 25;;p_Lot is null;0;3;;f;f;f;;7;7;1;;;;;MOUSSE 1.CM 200X180 D 25;;;;;;;363.93000000;0.00000000;0.00000000;363.93000000;0;200;300;1000;800;0;;;;;;f;f;f;00000000-0000-0000-0000-000000000000;0.00000000;693;;;;f;f;f;f;f;f;f;f;f;0;0;f;0;50;0;0;0;0;0;;;Unité;f;;;2026-08-24 14:03:40.557742;FAHIM;2026-08-24 14:04:22.193066;FAHIM;23;;;;f;0.00000000;0.00000000;0;f;f;f;0;0;1;0.0000;0.0000;0.0000;0.0000;f;;f;0.0000;f;f;0;;;0.00000000;0;f;0.000000000000000;;;f;0.00000000;f;;;;f;;f;0.00000000;;;000302;"";f;0
259;8824b73b-ad09-4606-a8a3-6c96eef736b4;PTRE800;;;PIED METAL EXTANTION  T REUNION MAXI/ECO M 80;;;0;3;;f;f;f;2;13;;1;;;;;;;;;;;;1099.43380000;0.00000000;0.00000000;0.00000000;10;0;0;50;0;0;0;0.00000000;0.00000000;0.00000000;0.00000000;t;f;f;00000000-0000-0000-0000-000000000000;0.00000000;212;;;;f;f;f;f;f;f;f;f;f;0;0;f;0;4;0;0;0;0;0;;;Unité;f;;;;;2026-02-07 10:07:35.134083;FAHIM;360;;;;f;0.00000000;0.00000000;0;f;t;f;0;0;1;0.0000;0.0000;0.0000;0.0000;f;;f;0.0000;f;f;0;;;0.00000000;-55;f;0.000000000000000;;;f;0.00000000;f;;;;f;;f;0.00000000;;;;;f;0
166;e78e581e-5e60-4476-b6c2-da2e0e69813f;SKG;;;SKY GRIS;;;0;1;;f;f;f;2;7;;1;;;;;;;;;;;;0.00000000;0.00000000;0.00000000;360.00000000;0;0;0;0;0;0;0;0.00000000;0.00000000;0.00000000;0.00000000;f;f;f;00000000-0000-0000-0000-000000000000;0.00000000;137;;;;f;f;f;f;f;f;f;f;f;0;0;f;0;0;0;0;0;0;0;;;Unité;f;;;;;2026-02-07 10:07:36.085851;FAHIM;292;;;;f;0.00000000;0.00000000;0;f;f;f;0;0;1;0.0000;0.0000;0.0000;0.0000;f;;f;0.0000;f;f;0;;;0.00000000;0;f;0.000000000000000;;;f;0.00000000;f;;;;f;;f;0.00000000;;;;;f;0
573;4f561b4d-3377-465f-8116-50cb2eed2f76;000454;;;AIR CHAUD;;p_Lot is null;0;1;;f;f;f;;5;5;;;;;;AIR CHAUD;;;;;;;4600.00000000;0.00000000;0.00000000;5500.00000000;0;0;0;0;0;0;;;;;;f;f;f;00000000-0000-0000-0000-000000000000;0.00000000;495;;;495;f;f;f;f;f;f;f;f;f;0;0;f;0;5;0;0;0;0;0;;;;f;;;2026-02-10 15:42:49.060935;FAHIM;;;182;;;;f;0.00000000;0.00000000;0;f;f;f;0;0;1;0.0000;0.0000;0.0000;0.0000;f;;f;0.0000;f;f;0;;;0.00000000;0;f;0.000000000000000;;;f;0.00000000;f;;;;f;;f;0.00000000;;;, ;"";f;0
731;b9c30717-d8f9-4c9e-8c23-531addde324d;000595;;;TVA SUR AUTRES PROD & PREST 19%;;p_Lot is null;0;1;;f;f;f;;16;;;;;;;TVA SUR AUTRES PROD & PREST 19%;;;;;;;0.00000000;0.00000000;0.00000000;0.00000000;0;0;0;0;0;0;;;;;;f;f;f;00000000-0000-0000-0000-000000000000;0.00000000;653;;;653;f;f;f;f;f;f;f;f;f;0;0;f;0;0;0;0;0;0;0;;;;f;;;2026-07-16 09:38:56.306413;FAHIM;;;46;;;;f;0.00000000;0.00000000;0;f;f;f;0;0;1;0.0000;0.0000;0.0000;0.0000;f;;f;0.0000;f;f;0;;;0.00000000;0;f;0.000000000000000;;;f;0.00000000;f;;;;f;;f;0.00000000;;;, ;"";f;0
522;94e68283-82a3-422a-9f31-c11dbec80db1;TRIP/CANADA;;;TRIPLETTE CANADA ;;;0;1;;f;f;f;;12;;;;;;;TRIPLETTE CANADA ;;;;;;;5960.92340000;0.00000000;0.00000000;0.00000000;0;0;0;0;0;0;;;;;;t;f;f;00000000-0000-0000-0000-000000000000;0.00000000;444;;;444;f;f;f;f;f;f;f;f;f;0;0;f;0;1;0;0;0;0;0;;;;f;;;2025-12-01 12:44:57.51061;LINA;2026-02-07 10:07:32.187306;FAHIM;252;;;;f;0.00000000;0.00000000;0;f;t;f;0;0;1;0.0000;0.0000;0.0000;0.0000;f;;f;0.0000;f;f;0;;;0.00000000;0;f;0.000000000000000;;;f;0.00000000;f;;;;f;;f;0.00000000;;;000053;"";f;0
431;53b703ff-3467-427e-87a4-0cbfea5e9d5c;TRDMLM150;;;TABLE ROND PIED METAL PLT MLM 150 BAROK ;;;0;3;;f;f;f;2;13;;1;;;;;;;;;;;;10103.36000000;0.00000000;0.00000000;0.00000000;0;0;0;30;0;0;0;0.00000000;0.00000000;0.00000000;0.00000000;t;f;f;00000000-0000-0000-0000-000000000000;0.00000000;355;;;;f;f;f;f;f;f;f;f;f;0;0;f;0;0;0;0;0;0;0;;;Unité;f;;;;;2026-02-07 10:07:33.253707;FAHIM;291;;;;f;0.00000000;0.00000000;0;f;t;f;0;0;1;0.0000;0.0000;0.0000;0.0000;f;;f;0.0000;f;f;0;;;0.00000000;0;f;0.000000000000000;;;f;0.00000000;f;;;;f;;f;0.00000000;;;;;f;0
3;5b310a73-6a2e-49d9-8f0d-44a73fe4f2a1;BECO1200;;;BUREAU 120 X 70 X 75 PIETMENT METAL ECO  FP 32 MM;;;0;1;;f;f;f;2;15;;1;;;;;;;;;;;;8941.17650000;0.00000000;0.00000000;9411.76470588;0;0;0;0;0;0;0;0.00000000;0.00000000;0.00000000;0.00000000;f;f;f;00000000-0000-0000-0000-000000000000;0.00000000;4;;;;f;f;f;f;f;f;f;f;f;0;0;f;0;0;0;0;0;0;0;;;Unité;f;;;;;2026-02-07 10:07:37.797327;FAHIM;299;;;;f;0.00000000;0.00000000;0;f;f;f;0;0;1;0.0000;0.0000;0.0000;0.0000;f;;f;0.0000;f;f;0;;;0.00000000;-2;f;0.000000000000000;;;f;0.00000000;f;;;;f;;f;0.00000000;;;;;f;0
597;5243d963-aa00-4f88-989d-9ee0ea252541;SCLCND;;;SOCLE CHAISE CANADA EPOXY ;;;0;3;;f;f;f;;1;4;1;;;;;SOCLE CHAISE CANADA EPOXY ;;;;;;;650.00000000;0.00000000;0.00000000;0.00000000;0;0;0;2000;0;0;;;;;;t;f;f;00000000-0000-0000-0000-000000000000;0.00000000;519;;;;f;f;f;f;f;f;f;f;f;0;0;f;0;0;0;0;0;0;0;;;Unité;f;;;2026-02-28 12:16:59.506064;MASSY;2026-02-28 12:19:27.342123;MASSY;158;;;;f;0.00000000;0.00000000;0;f;t;f;0;0;1;0.0000;0.0000;0.0000;0.0000;f;;f;0.0000;f;f;0;;;0.00000000;0;f;0.000000000000000;;;f;0.00000000;f;;;;f;;f;0.00000000;;;000128;"";f;0
169;7bfbb3c8-541b-452c-ae5b-caf791abbc40;TL07250;;;TOLE 07 1000 X 2500;;;0;1;;f;f;f;2;2;;1;;;;;;;;;;;;0.00000000;0.00000000;0.00000000;100.00000000;0;0;0;0;0;0;0;0.00000000;0.00000000;0.00000000;0.00000000;f;f;f;00000000-0000-0000-0000-000000000000;0.00000000;138;;;;f;f;f;f;f;f;f;f;f;0;0;f;0;0;0;0;0;0;0;;;Unité;f;;;;;2026-02-07 10:07:36.073105;FAHIM;291;;;;f;0.00000000;0.00000000;0;f;f;f;0;0;1;0.0000;0.0000;0.0000;0.0000;f;;f;0.0000;f;f;0;;;0.00000000;0;f;0.000000000000000;;;f;0.00000000;f;;;;f;;f;0.00000000;;;;;f;0
87;ff46d101-c37a-4ded-aebf-45105554a1df;P31000;;;PIED METAL ECO STAR ;;;0;3;;f;f;f;2;13;;1;;;;;;;;;;;;1375.25230000;0.00000000;0.00000000;0.00000000;167;0;0;100;0;0;0;0.00000000;0.00000000;0.00000000;0.00000000;t;f;f;00000000-0000-0000-0000-000000000000;0.00000000;69;;;;f;f;f;f;f;f;f;f;f;0;0;f;0;41;0;0;0;0;0;;;Unité;f;;;;;2026-02-07 10:07:36.966737;FAHIM;450;;;;f;0.00000000;0.00000000;0;f;t;f;0;0;1;0.0000;0.0000;0.0000;0.0000;f;;f;0.0000;f;f;0;;;0.00000000;-709;f;0.000000000000000;;;f;0.00000000;f;;;;f;;f;0.00000000;;;;;f;0
14;b601898c-dfb7-4626-80c3-0a5acbc7676a;PRM850;;;PIED REGLABLE M8 50;;;0;1;;f;f;f;2;2;;1;;;;;;;;;;;;0.00000000;0.00000000;0.00000000;100.00000000;0;0;0;0;0;0;0;0.00000000;0.00000000;0.00000000;0.00000000;f;f;f;00000000-0000-0000-0000-000000000000;0.00000000;11;;;;f;f;f;f;f;f;f;f;f;0;0;f;0;1984;0;0;0;0;0;;;Unité;t;FAHIM;2026-02-07 13:08:22.198158;;;2026-02-07 13:16:40.299669;FAHIM;297;;;;f;0.00000000;0.00000000;0;f;f;f;0;0;1;0.0000;0.0000;0.0000;0.0000;f;;f;0.0000;f;f;0;;;0.00000000;0;f;0.000000000000000;;;f;0.00000000;f;;;;f;;f;0.00000000;;;;;f;0
598;000f7475-16c6-44ba-976e-3d6a9a21a3dc;SCLG021;;;SOCLE CHAISE G 021 ;;p_Lot is null;0;3;;f;f;f;;1;4;1;;;;;SOCLE CHAISE G 021 ;;;;;;;650.00000000;0.00000000;0.00000000;0.00000000;0;0;0;2000;0;0;;;;;;t;f;f;00000000-0000-0000-0000-000000000000;0.00000000;520;;;;f;f;f;f;f;f;f;f;f;0;0;f;0;0;0;0;0;0;0;;;Unité;f;;;2026-02-28 12:26:05.09039;MASSY;2026-02-28 12:27:27.824328;MASSY;157;;;;f;0.00000000;0.00000000;0;f;t;f;0;0;1;0.0000;0.0000;0.0000;0.0000;f;;f;0.0000;f;f;0;;;0.00000000;0;f;0.000000000000000;;;f;0.00000000;f;;;;f;;f;0.00000000;;;000129;"";f;0
344;b1152e2f-9b7a-4b47-8995-a6945171601c;CAM180;;;CHAISE AMPHIE 180;;;0;3;;f;f;f;2;10;;;;;;;;;;;;;;1300.00000000;0.00000000;0.00000000;0.00000000;0;0;0;0;0;0;0;0.00000000;0.00000000;0.00000000;0.00000000;f;f;f;00000000-0000-0000-0000-000000000000;0.00000000;280;;;;f;f;f;f;f;f;f;f;f;0;0;f;0;0;0;0;0;0;0;;;Unité;f;;;;;2026-02-07 10:07:34.247099;FAHIM;291;;;;f;0.00000000;0.00000000;0;f;f;f;0;0;;0.0000;0.0000;0.0000;0.0000;f;;f;0.0000;f;f;0;;;0.00000000;0;f;0.000000000000000;;;f;0.00000000;f;;;;f;;f;0.00000000;;;;;f;0
476;dc915d17-b428-4982-8d2c-629540941a86;000397;;;CACHE JUPE GAMER 75.5 CM;;;0;3;;f;f;f;;11;;1;;;;;CACHE JUPE GAMER 75.5 CM;;;;;;;310.27000000;0.00000000;0.00000000;0.00000000;0;0;0;20;0;0;;;;;;t;f;f;00000000-0000-0000-0000-000000000000;0.00000000;398;;;;f;f;t;f;f;f;f;f;f;0;0;f;0;43;0;0;0;0;0;;;Unité;f;;;2025-10-18 16:35:13.333814;admin;2026-03-11 12:12:58.907901;FAHIM;293;;;;f;0.00000000;0.00000000;0;f;f;f;0;0;1;0.0000;0.0000;0.0000;0.0000;f;;f;0.0000;f;f;0;;;0.00000000;0;f;0.000000000000000;;;f;0.00000000;f;;;;f;;f;0.00000000;;;000007;"";f;0
776;2c2d9037-e597-4ab1-b596-d6238aad77a2;000637;;;BROCHETTE ;;p_Lot is null;0;1;;f;f;f;;2;;;;;;;BROCHETTE ;;;;;;;80.00000000;0.00000000;0.00000000;80.00000000;0;0;0;0;0;0;;;;;;f;f;f;00000000-0000-0000-0000-000000000000;0.00000000;698;;;698;f;f;f;f;f;f;f;f;f;0;0;f;0;153;0;0;0;0;0;;;;f;;;2026-08-30 11:08:52.643028;FAHIM;;;17;;;;f;0.00000000;0.00000000;0;f;f;f;0;0;1;0.0000;0.0000;0.0000;0.0000;f;;f;0.0000;f;f;0;;;0.00000000;0;f;0.000000000000000;;;f;0.00000000;f;;;;f;;f;0.00000000;;;, ;"";f;0
472;1f617931-372e-4cd1-8c72-9764f84f1ea9;STRMIXTE 04 PST 60/40;;STRUCTURE MIXTE 04 POSTE 1200*240; STRUCTURE MIXTE 04 POSTE 120*240;;;0;3;;f;f;f;;13;;1;;;;; STRUCTURE MIXTE 04 POSTE 120*240;;;;;;;4838.74000000;0.00000000;0.00000000;0.00000000;0;0;0;0;0;0;;;;;;t;f;f;00000000-0000-0000-0000-000000000000;0.00000000;394;;;;f;f;f;f;f;f;f;f;f;0;0;f;0;0;0;0;0;0;0;;;Unité;f;;;2025-10-15 12:23:53.441122;admin;2026-02-07 10:07:32.730391;FAHIM;289;;;;f;0.00000000;0.00000000;0;f;t;f;0;0;1;0.0000;0.0000;0.0000;0.0000;f;;f;0.0000;f;f;0;;;0.00000000;0;f;0.000000000000000;;;f;0.00000000;f;;;;f;;f;0.00000000;;;000003;"";f;0
649;987b0149-c46e-42e7-950e-36bb5cb6c502;000520;;;MASQUE CARTOUCHE FIX TOP 60014;;p_Lot is null;0;1;;f;f;f;;5;5;;;;;;MASQUE CARTOUCHE FIX TOP 60014;;;;;;;2000.00000000;0.00000000;0.00000000;2000.00000000;0;0;0;0;0;0;;;;;;f;f;f;00000000-0000-0000-0000-000000000000;0.00000000;571;;;571;f;f;f;f;f;f;f;f;f;0;0;f;0;1;0;0;0;0;0;;;;f;;;2026-05-04 08:59:22.503178;FAHIM;;;105;;;;f;0.00000000;0.00000000;0;f;f;f;0;0;1;0.0000;0.0000;0.0000;0.0000;f;;f;0.0000;f;f;0;;;0.00000000;0;f;0.000000000000000;;;f;0.00000000;f;;;;f;;f;0.00000000;;;, ;"";f;0
147;5807fede-a1ad-4a30-a8ae-06b1db858895;BLM625;;;VIS RLF M6 X 25;;;0;1;;f;f;f;1;2;;1;;;;;;;;;;;;2.95420000;0.00000000;0.00000000;2.36000000;42130;0;0;0;0;0;0;0.00000000;0.00000000;0.00000000;0.00000000;f;f;f;00000000-0000-0000-0000-000000000000;0.00000000;123;;;;f;f;f;f;f;f;f;f;f;0;0;f;0;45350;0;0;0;0;0;;;Unité;f;;;;;2026-02-07 10:07:36.263257;FAHIM;320;;;;f;0.00000000;0.00000000;0;f;f;f;0;0;1;0.0000;0.0000;0.0000;0.0000;f;;f;0.0000;f;f;0;;;0.00000000;0;f;0.000000000000000;;;f;0.00000000;f;;;;f;;f;0.00000000;;;;;f;0
121;3ffe8d67-9633-4198-8d6f-cbd4872d97c3;PRP001;;;PIERRE A PONCER;;;0;1;;f;f;f;1;2;;1;;;;;;;;;;;;500.00000000;0.00000000;0.00000000;100.00000000;7;0;0;0;0;0;0;0.00000000;0.00000000;0.00000000;0.00000000;f;f;f;00000000-0000-0000-0000-000000000000;0.00000000;97;;;;f;f;f;f;f;f;f;f;f;0;0;f;0;8;0;0;0;0;0;;;Unité;f;;;;;2026-02-07 10:07:36.610895;FAHIM;297;;;;f;0.00000000;0.00000000;0;f;f;f;0;0;1;0.0000;0.0000;0.0000;0.0000;f;;f;0.0000;f;f;0;;;0.00000000;0;f;0.000000000000000;;;f;0.00000000;f;;;;f;;f;0.00000000;;;;;f;0
659;27f9d511-5642-46e4-ad21-f1c1c979e4c3;000530;;REVET 5*30;REVIT 5*30 ;;p_Lot is null;0;1;;f;f;f;;5;5;;;;;;REVIT 5*30 ;;;;;;;850.00000000;0.00000000;0.00000000;850.00000000;0;0;0;0;0;0;;;;;;f;f;f;00000000-0000-0000-0000-000000000000;0.00000000;581;;;581;f;f;f;f;f;f;f;f;f;0;0;f;0;8;0;0;0;0;0;;;;f;;;2026-05-13 12:51:39.25588;OULAID-B;;;103;;;;f;0.00000000;0.00000000;0;f;f;f;0;0;1;0.0000;0.0000;0.0000;0.0000;f;;f;0.0000;f;f;0;;;0.00000000;0;f;0.000000000000000;;;f;0.00000000;f;;;;f;;f;0.00000000;;;, ;"";f;0
210;c0e6aab5-030f-4345-ba2c-085cc395b14d;FRD6018;;;FER ROND D18;;;0;1;;f;f;f;2;2;;1;;;;;;;;;;;;0.00000000;0.00000000;0.00000000;100.00000000;0;0;0;0;0;0;0;0.00000000;0.00000000;0.00000000;0.00000000;f;f;f;00000000-0000-0000-0000-000000000000;0.00000000;179;;;;f;f;f;f;f;f;f;f;f;0;0;f;0;0;0;0;0;0;0;;;Unité;f;;;;;2026-02-07 10:07:35.533022;FAHIM;291;;;;f;0.00000000;0.00000000;0;f;f;f;0;0;1;0.0000;0.0000;0.0000;0.0000;f;;f;0.0000;f;f;0;;;0.00000000;0;f;0.000000000000000;;;f;0.00000000;f;;;;f;;f;0.00000000;;;;;f;0
716;c3d31bfb-cf4e-405b-b6ce-7ec48f5c0f34;000584;;;TABLE CAREE 160*90 50*50;;;0;3;;f;f;t;;10;;;;;;;TABLE CAREE 160*90 50*50;;;;;;;0.00000000;0.00000000;0.00000000;0.00000000;0;0;0;0;0;0;;;;;;t;f;f;00000000-0000-0000-0000-000000000000;0.00000000;638;;;638;f;f;f;f;f;f;f;f;f;0;0;f;0;0;0;0;0;0;0;;;;f;;;2026-07-08 11:04:10.938571;FAHIM;2026-08-05 13:50:25.494095;FAHIM;54;;;;f;0.00000000;0.00000000;0;f;t;f;0;0;1;0.0000;0.0000;0.0000;0.0000;f;;f;0.0000;f;f;0;;;0.00000000;0;f;0.000000000000000;;;f;0.00000000;f;;;;f;;f;0.00000000;;;000247;"";f;0
161;fca06a03-7e84-463d-ad0f-e4b795b5ded5;MSS3195;;;MOUSSE 3.CM 190 X 50;;;0;3;;f;f;f;2;7;7;1;;;;;;;;;;;;464.52880000;0.00000000;0.00000000;286.31000000;260;200;300;1000;800;0;0;0.00000000;0.00000000;0.00000000;0.00000000;f;f;f;00000000-0000-0000-0000-000000000000;0.00000000;135;;;;f;f;f;f;f;f;f;f;f;0;0;t;0;1335;0;0;0;0;0;;;Unité;f;;;;;2026-02-07 10:07:36.110891;FAHIM;428;;;;f;0.00000000;0.00000000;0;f;f;f;0;0;1;0.0000;0.0000;0.0000;0.0000;f;;f;0.0000;f;f;0;;;0.00000000;0;f;0.000000000000000;;;f;0.00000000;f;;;;f;;f;0.00000000;;;161;"";f;0
584;a2430b91-9a30-43b1-ba42-451af0af0e18;000465;;;CISEAUX COUPE FIL;;;0;1;;f;f;f;;5;;;;;;;CISEAUX COUPE FIL;;;;;;;266.66670000;0.00000000;0.00000000;1100.00000000;0;0;0;0;0;0;;;;;;f;f;f;00000000-0000-0000-0000-000000000000;0.00000000;506;;;506;f;f;f;f;f;f;f;f;f;0;0;f;0;12;0;0;0;0;0;;;;f;;;2026-02-12 10:17:55.254959;FAHIM;;;183;;;;f;0.00000000;0.00000000;0;f;f;f;0;0;1;0.0000;0.0000;0.0000;0.0000;f;;f;0.0000;f;f;0;;;0.00000000;0;f;0.000000000000000;;;f;0.00000000;f;;;;f;;f;0.00000000;;;, ;"";f;0
602;4f956a74-f291-4cc1-8f31-09d5812bdc43;000479;;;TABLE TRIANGLE;;p_Lot is null;0;1;;f;f;f;;6;;;;;;;TABLE TRIANGLE;;;;;;;0.00000000;0.00000000;0.00000000;0.00000000;0;0;0;0;0;0;;;;;;f;f;f;00000000-0000-0000-0000-000000000000;0.00000000;524;;;524;f;f;f;f;f;f;f;f;f;0;0;f;0;1;0;0;0;0;0;;;;f;;;2026-03-10 09:23:32.206105;FAHIM;;;150;;;;f;0.00000000;0.00000000;0;f;f;f;0;0;1;0.0000;0.0000;0.0000;0.0000;f;;f;0.0000;f;f;0;;;0.00000000;0;f;0.000000000000000;;;f;0.00000000;f;;;;f;;f;0.00000000;;;, ;"";f;0
657;0f15c11c-2fd7-43ea-b53a-b8e94aab2758;000528;;;BTR 10*40 12.9 F.C;;p_Lot is null;0;1;;f;f;f;;5;5;;;;;;BTR 10*40 12.9 F.C;;;;;;;40.83000000;0.00000000;0.00000000;40.83000000;0;0;0;0;0;0;;;;;;f;f;f;00000000-0000-0000-0000-000000000000;0.00000000;579;;;579;f;f;f;f;f;f;f;f;f;0;0;f;0;165;0;0;0;0;0;;;;f;;;2026-05-12 10:59:46.508721;FAHIM;;;109;;;;f;0.00000000;0.00000000;0;f;f;f;0;0;1;0.0000;0.0000;0.0000;0.0000;f;;f;0.0000;f;f;0;;;0.00000000;0;f;0.000000000000000;;;f;0.00000000;f;;;;f;;f;0.00000000;;;, ;"";f;0
503;00529a22-be33-4321-a3da-c9d34c629028;CV;;;CARTE VISITE RECTO VERSO EN COULEUR ;;p_Lot is null;0;1;;f;f;f;;16;;;;;;;CARTE VISITE RECTO VERSO EN COULEUR ;;;;;;;0.00000000;0.00000000;0.00000000;0.00000000;0;0;0;0;0;0;;;;;;f;f;f;00000000-0000-0000-0000-000000000000;0.00000000;425;;;425;f;f;f;f;f;f;f;f;f;0;0;f;0;0;0;0;0;0;0;;;;f;;;2025-11-16 10:06:25.35735;LINA;2026-02-07 10:07:32.425501;FAHIM;254;;;;f;0.00000000;0.00000000;0;f;f;f;0;0;1;0.0000;0.0000;0.0000;0.0000;f;;f;0.0000;f;f;0;;;0.00000000;0;f;0.000000000000000;;;f;0.00000000;f;;;;f;;f;0.00000000;;;, ;"";f;0
173;c10e8762-b299-4842-ace0-6721688c68c6;TL121025;;;TOLE 12 1000 X 2500;;;0;1;;f;f;f;2;2;;1;;;;;;;;;;;;0.00000000;0.00000000;0.00000000;2700.00000000;0;0;0;0;0;0;0;0.00000000;0.00000000;0.00000000;0.00000000;f;f;f;00000000-0000-0000-0000-000000000000;0.00000000;142;;;;f;f;f;f;f;f;f;f;f;0;0;f;0;0;0;0;0;0;0;;;Unité;f;;;;;2026-02-07 10:07:36.022037;FAHIM;291;;;;f;0.00000000;0.00000000;0;f;f;f;0;0;1;0.0000;0.0000;0.0000;0.0000;f;;f;0.0000;f;f;0;;;0.00000000;0;f;0.000000000000000;;;f;0.00000000;f;;;;f;;f;0.00000000;;;;;f;0
375;3da8f4ef-42df-4d0c-b7c0-6b5ca5908376;RNFZ160;;;"RENFORT MEGA Z 160
";;;0;3;;f;f;f;2;14;;;;;;;;;;;;;;241.86490000;0.00000000;0.00000000;0.00000000;27;0;0;0;0;0;0;0.00000000;0.00000000;0.00000000;0.00000000;t;f;f;00000000-0000-0000-0000-000000000000;0.00000000;305;;;;f;f;f;f;f;f;f;f;f;0;0;t;0;142;0;0;0;0;0;;;Unité;f;;;;;2026-02-07 10:07:33.908916;FAHIM;362;;;;f;0.00000000;0.00000000;0;f;t;f;0;0;;0.0000;0.0000;0.0000;0.0000;f;;f;0.0000;f;f;0;;;0.00000000;-9;f;0.000000000000000;;;f;0.00000000;f;;;;f;;f;0.00000000;;;;;f;0
753;3e55e572-5a6f-489b-8e27-4296ca7d65c5;ESTRD 2.10 X 5.60;;;ESTRADE 2.10 X 5.60;;p_Lot is null;0;1;;f;f;t;;10;;;;;;;ESTRADE 2.10 X 5.60;;;;;;;20794.91810000;0.00000000;0.00000000;0.00000000;0;0;0;0;0;0;;;;;;t;f;f;00000000-0000-0000-0000-000000000000;0.00000000;675;;;675;f;f;f;f;f;f;f;f;f;0;0;f;0;0;0;0;0;0;0;;;;f;;;2026-08-04 16:09:58.353077;FAHIM;2026-08-05 13:47:39.140151;MASSY;36;;;;f;0.00000000;0.00000000;0;f;t;f;0;0;1;0.0000;0.0000;0.0000;0.0000;f;;f;0.0000;f;f;0;;534;0.00000000;0;f;0.000000000000000;;;f;0.00000000;f;;;;f;;f;0.00000000;;;000284;"";f;0
491;19b0f022-7f8f-445b-93bb-c18d94aea164;TR;;;TUBE ROND 40/49/24;;;0;3;;f;f;f;;2;;;;;;;TUBE ROND 40/49/24;;;;;;;1512.60520000;0.00000000;0.00000000;1512.60504202;0;0;0;0;0;0;;;;;;f;f;f;00000000-0000-0000-0000-000000000000;0.00000000;413;;;413;f;f;f;f;f;f;f;f;f;0;0;t;0;85.333344;0;0;0;0;0;;;;f;;;2025-11-05 19:26:30.999067;MASSY;2026-04-13 11:06:41.447981;MASSY;293;;;;f;0.00000000;0.00000000;0;f;f;f;0;0;1;0.0000;0.0000;0.0000;0.0000;f;;f;0.0000;f;f;0;;;0.00000000;0;f;0.000000000000000;;;f;0.00000000;f;;;;f;;f;0.00000000;;;000022;"";f;0
757;2e31d715-1e7c-4a04-bf1f-fa88ee9148f7;000619;;;TUBE CARRE 30/0.9;;p_Lot is null;0;1;;f;f;f;;2;;;;;;;TUBE CARRE 30/0.9;;;;;;;;0.00000000;0.00000000;590.00000000;0;0;0;0;0;0;;;;;;f;f;f;00000000-0000-0000-0000-000000000000;0.00000000;679;;;679;f;f;f;f;f;f;f;f;f;0;0;f;0;0;0;0;0;0;0;;;;f;;;2026-08-16 11:22:33.894201;OULAID-B;;;27;;;;f;0.00000000;0.00000000;0;f;f;f;0;0;1;0.0000;0.0000;0.0000;0.0000;f;;f;0.0000;f;f;0;;;0.00000000;0;f;0.000000000000000;;;f;0.00000000;f;;;;f;;f;0.00000000;;;, ;"";f;0
306;c2129a0f-68bc-45cd-88f2-19762dba2c79;TL0571145;;;TOLE 057 1450 X 1000;;;0;1;;f;f;f;2;2;;1;;;;;;;;;;;;887.35200000;0.00000000;0.00000000;873.94957983;300.5;0;0;0;0;0;0;0.00000000;0.00000000;0.00000000;0.00000000;f;f;f;00000000-0000-0000-0000-000000000000;0.00000000;247;;;;f;f;f;f;f;f;f;f;f;0;0;f;0;518;0;0;0;0;0;;;Unité;f;;;;;2026-02-07 10:07:34.670049;FAHIM;374;;;;f;0.00000000;0.00000000;0;f;f;f;0;0;1;0.0000;0.0000;0.0000;0.0000;f;;f;0.0000;f;f;0;;;0.00000000;0;f;0.000000000000000;;;f;0.00000000;f;;;;f;;f;0.00000000;;;;;f;0
527;527bb127-5403-4702-b3e8-7cefc417b78b;000427;;;PLATEAU EN BOIS Z ONE AVEC ( ACCESSOIRES ET CACHE JUPE );;p_Lot is null;0;1;;f;f;f;;15;;;;;;;PLATEAU EN BOIS Z ONE AVEC ( ACCESSOIRES ET CACHE JUPE );;;;;;;0.00000000;0.00000000;0.00000000;0.00000000;0;0;0;0;0;0;;;;;;f;f;f;00000000-0000-0000-0000-000000000000;0.00000000;449;;;449;f;f;f;f;f;f;f;f;f;0;0;f;0;0;0;0;0;0;0;;;;f;;;2025-12-02 09:58:55.692787;admin;2026-02-07 10:07:32.126593;FAHIM;240;;;;f;0.00000000;0.00000000;0;f;f;f;0;0;1;0.0000;0.0000;0.0000;0.0000;f;;f;0.0000;f;f;0;;;0.00000000;0;f;0.000000000000000;;;f;0.00000000;f;;;;f;;f;0.00000000;;;, ;"";f;0
773;1a50efed-b5ce-4707-afd4-8eceb54e7235;000635;;;CHAISE LUGE B 6002;;p_Lot is null;0;3;;f;f;f;;10;;;;;;;CHAISE LUGE B 6002;;;;;;;15000.00000000;0.00000000;0.00000000;15000.00000000;0;0;0;0;0;0;;;;;;f;f;f;00000000-0000-0000-0000-000000000000;0.00000000;695;;;695;f;f;f;f;f;f;f;f;f;0;0;f;0;0;0;0;0;0;0;;;;f;;;2026-08-27 11:11:53.407384;FAHIM;;;19;;;;f;0.00000000;0.00000000;0;f;f;f;0;0;1;0.0000;0.0000;0.0000;0.0000;f;;f;0.0000;f;f;0;;;0.00000000;0;f;0.000000000000000;;;f;0.00000000;f;;;;f;;f;0.00000000;;;, ;"";f;0
345;bc962424-da79-48a1-b748-8513c923b053;TAM180;;;TABLE AMPHIE 180;;;0;3;;f;f;f;2;10;;;;;;;;;;;;;;1700.00000000;0.00000000;0.00000000;0.00000000;0;0;0;0;0;0;0;0.00000000;0.00000000;0.00000000;0.00000000;f;f;f;00000000-0000-0000-0000-000000000000;0.00000000;281;;;;f;f;f;f;f;f;f;f;f;0;0;f;0;0;0;0;0;0;0;;;Unité;f;;;;;2026-02-07 10:07:34.235289;FAHIM;291;;;;f;0.00000000;0.00000000;0;f;f;f;0;0;;0.0000;0.0000;0.0000;0.0000;f;;f;0.0000;f;f;0;;;0.00000000;0;f;0.000000000000000;;;f;0.00000000;f;;;;f;;f;0.00000000;;;;;f;0
308;0073c6a6-f77b-412f-9cf1-735d7e3e1e45;TBR4027;;;TUBE  40 X 27 X 12;;;0;1;;f;f;f;1;2;9;1;;;;;;;;;;;;1150.00000000;0.00000000;0.00000000;100.00000000;11.2;0;0;0;0;0;0;0.00000000;0.00000000;0.00000000;0.00000000;f;f;f;00000000-0000-0000-0000-000000000000;0.00000000;249;;;;f;f;f;f;f;f;f;f;f;0;0;f;0;0;0;0;0;0;0;;;Unité;f;;;;;2026-02-07 10:07:34.644954;FAHIM;293;;;;f;0.00000000;0.00000000;0;f;f;f;0;0;1;0.0000;0.0000;0.0000;0.0000;f;;f;0.0000;f;f;0;;;0.00000000;0;f;0.000000000000000;;;f;0.00000000;f;;;;f;;f;0.00000000;;;;;f;0
150;2b210538-18c1-426d-af39-0aa6f712fba9;BL13250;;;BOULON M8X25;;;0;1;;f;f;f;1;2;;1;;;;;;;;;;;;15.50000000;0.00000000;0.00000000;7.00000000;110;0;0;0;0;0;0;0.00000000;0.00000000;0.00000000;0.00000000;f;f;f;00000000-0000-0000-0000-000000000000;0.00000000;126;;;;f;f;f;f;f;f;f;f;f;0;0;f;0;0;0;0;0;0;0;;;Unité;f;;;;;2026-02-07 10:07:36.225984;FAHIM;309;;;;f;0.00000000;0.00000000;0;f;f;f;0;0;1;0.0000;0.0000;0.0000;0.0000;f;;f;0.0000;f;f;0;;;0.00000000;0;f;0.000000000000000;;;f;0.00000000;f;;;;f;;f;0.00000000;;;;;f;0
420;6e56e7bc-828a-4ab6-a1b6-18efd1a1cb15;PH35;;;PIED METAL MAXI  H;;;0;3;;f;f;f;2;13;;1;;;;;;;;;;;;1322.82320000;0.00000000;0.00000000;0.00000000;0;0;0;300;0;0;0;0.00000000;0.00000000;0.00000000;0.00000000;t;f;f;00000000-0000-0000-0000-000000000000;0.00000000;345;;;;f;f;f;f;f;f;f;f;f;0;0;f;0;70;0;0;0;0;0;;;Unité;f;;;;;2026-02-07 10:07:33.404699;FAHIM;348;;;;f;0.00000000;0.00000000;0;f;t;f;0;0;1;0.0000;0.0000;0.0000;0.0000;f;;f;0.0000;f;f;0;;;0.00000000;-183;f;0.000000000000000;;;f;0.00000000;f;;;;f;;f;0.00000000;;;;;f;0
490;59a98117-cb73-48a9-a0e7-c346115b47ea;ECHALAA;;;ECHAFOUDAGE METALIQUE SPCL;;;0;1;;f;f;f;;10;;;;;;;ECHAFOUDAGE METALIQUE SPCL;;;;;;;3042.07200000;0.00000000;0.00000000;0.00000000;0;0;0;0;0;0;;;;;;t;f;f;00000000-0000-0000-0000-000000000000;0.00000000;412;;;412;f;f;f;f;f;f;f;f;f;0;0;f;0;35;0;0;0;0;0;;;;f;;;2025-11-05 19:20:22.777459;MASSY;2026-02-07 10:07:32.589022;FAHIM;303;;;;f;0.00000000;0.00000000;0;f;t;f;0;0;1;0.0000;0.0000;0.0000;0.0000;f;;f;0.0000;f;f;0;;;0.00000000;-104;f;0.000000000000000;;;f;0.00000000;f;;;;f;;f;0.00000000;;;000021;"";f;0
798;31fce546-a53a-4d6e-acea-842e180d751c;000659;;NVPBRUT 16;NV PONT BRUT 16 MM ;;;0;3;;f;f;f;;17;;;;;;;NV PONT BRUT 16 MM ;;;;;;;4033.61340000;0.00000000;0.00000000;4033.61344538;0;0;0;0;0;0;;;;;;f;f;f;00000000-0000-0000-0000-000000000000;0.00000000;720;;;720;f;f;f;f;f;f;f;f;f;0;0;f;0;46;0;0;0;0;0;;;;f;;;2026-09-05 15:54:55.730737;MASSY;;;12;;;;f;0.00000000;0.00000000;0;f;f;f;0;0;1;0.0000;0.0000;0.0000;0.0000;f;;f;0.0000;f;f;0;;;0.00000000;0;f;0.000000000000000;;;f;0.00000000;f;;;;f;;f;0.00000000;;;, ;"";f;0
711;5f4de036-d2fb-4e9e-b560-c588f7fa05f5;TC160*90;;;TABLE CAREE 160 X 90 SUR LEVE 50 X 50;;;0;3;;f;f;t;;10;;;;;;;TABLE CAREE 160 X 90 SUR LEVE 50 X 50;;;;;;;0.00000000;0.00000000;0.00000000;0.00000000;0;0;0;0;0;0;;;;;;t;f;f;00000000-0000-0000-0000-000000000000;0.00000000;633;;;633;f;f;f;f;f;f;f;f;f;0;0;f;0;0;0;0;0;0;0;;;;f;;;2026-07-01 16:25:55.370992;FAHIM;2026-08-05 13:49:43.53824;FAHIM;57;;;;f;0.00000000;0.00000000;0;f;t;f;0;0;1;0.0000;0.0000;0.0000;0.0000;f;;f;0.0000;f;f;0;;;0.00000000;0;f;0.000000000000000;;;f;0.00000000;f;;;;f;;f;0.00000000;;;000242;"";f;0
183;361c5f91-c0ef-4c2d-8b38-54ec9af9fdf9;FRPL303;;;FER PLAT 30 X 3 ;;;0;1;;f;f;f;1;2;;1;;;;;;;;;;;;452.50420000;0.00000000;0.00000000;449.57983193;10.78;0;0;0;0;0;0;0.00000000;0.00000000;0.00000000;0.00000000;f;f;f;00000000-0000-0000-0000-000000000000;0.00000000;152;;;;f;f;f;f;f;f;f;f;f;0;0;f;0;151.439;0;0;0;0;0;;;Unité;f;;;;;2026-02-07 10:07:35.897072;FAHIM;457;;;;f;0.00000000;0.00000000;0;f;f;f;0;0;1;0.0000;0.0000;0.0000;0.0000;f;;f;0.0000;f;f;0;;;0.00000000;0;f;0.000000000000000;;;f;0.00000000;f;;;;f;;f;0.00000000;;;;;f;0
411;89d12c11-0dd1-4cd7-af4b-ba94c68733d2;CJP0168;;180;CACHE JUPE P/PLAT S 200;;;0;3;;f;f;f;2;11;;1;;;;;CACHE JUPE P/PLAT S 200;;;;;;;847.50000000;0.00000000;0.00000000;0.00000000;4;0;0;60;0;0;0;0.00000000;0.00000000;0.00000000;0.00000000;t;f;f;00000000-0000-0000-0000-000000000000;0.00000000;337;;;;f;f;f;f;f;f;f;f;f;0;0;f;0;0;0;0;0;0;0;;;Unité;f;;;;;2026-02-22 15:09:22.246812;FAHIM;309;;;;f;0.00000000;0.00000000;0;f;t;f;0;0;1;0.0000;0.0000;0.0000;0.0000;f;;f;0.0000;f;f;0;;411;0.00000000;0;f;0.000000000000000;;;f;0.00000000;f;;;;f;;f;0.00000000;;;411;"";f;0
445;51e3baeb-f2bc-40dc-afec-679ae5125981;EMBCANADA;;;EMBOUT PIED CHAISE CANADA ;;;0;3;;f;f;f;;3;;;;;;;;;;;;;;19.90480000;0.00000000;0.00000000;6100.00000000;0;0;0;0;0;0;0;0.00000000;0.00000000;0.00000000;0.00000000;f;f;f;00000000-0000-0000-0000-000000000000;0.00000000;368;;;;f;f;f;f;f;f;f;f;f;0;0;t;0;9243;0;0;0;0;0;;;Unité;f;;;;;2026-02-07 10:07:33.093633;FAHIM;377;;;;f;0.00000000;0.00000000;0;f;f;f;0;0;;0.0000;0.0000;0.0000;0.0000;f;;f;0.0000;f;f;0;;;0.00000000;0;f;0.000000000000000;;;f;0.00000000;f;;;;f;;f;0.00000000;;;;;f;0
260;95e8d350-aac6-4b32-a176-7e51cb229063;PTRE1000;;;PIED METAL EXTANTION  T REUNION MAXI/ECO M 100;;;0;3;;f;f;f;2;13;;1;;;;;;;;;;;;1462.76500000;0.00000000;0.00000000;0.00000000;0;0;0;50;0;0;0;0.00000000;0.00000000;0.00000000;0.00000000;t;f;f;00000000-0000-0000-0000-000000000000;0.00000000;213;;;;f;f;f;f;f;f;f;f;f;0;0;f;0;7;0;0;0;0;0;;;Unité;f;;;;;2026-02-07 10:07:35.121514;FAHIM;333;;;;f;0.00000000;0.00000000;0;f;t;f;0;0;1;0.0000;0.0000;0.0000;0.0000;f;;f;0.0000;f;f;0;;;0.00000000;-2;f;0.000000000000000;;;f;0.00000000;f;;;;f;;f;0.00000000;;;;;f;0
749;95cdf300-cf85-4225-adb9-5f68640e4931;000613;;;FRAISE DECOUPE ARDEN 6*20;;;0;1;;f;f;f;;5;;;;;;;FRAISE DECOUPE ARDEN 6*20;;;;;;;2000.00000000;0.00000000;0.00000000;2000.00000000;0;0;0;0;0;0;;;;;;f;f;f;00000000-0000-0000-0000-000000000000;0.00000000;671;;;671;f;f;f;f;f;f;f;f;f;0;0;f;0;15;0;0;0;0;0;;;;f;;;2026-08-03 09:55:30.648043;FAHIM;;;34;;;;f;0.00000000;0.00000000;0;f;f;f;0;0;1;0.0000;0.0000;0.0000;0.0000;f;;f;0.0000;f;f;0;;;0.00000000;0;f;0.000000000000000;;;f;0.00000000;f;;;;f;;f;0.00000000;;;, ;"";f;0
88;777067cf-f51e-4591-aa24-b8233c782a76;P37120;;;PIED METAL STATION MAXI 2  M 120;;;0;3;;f;f;f;2;13;;1;;;;;;;;;;;;2875.73410000;0.00000000;0.00000000;0.00000000;2;0;0;15;0;0;0;0.00000000;0.00000000;0.00000000;0.00000000;t;f;f;00000000-0000-0000-0000-000000000000;0.00000000;70;;;;f;f;f;f;f;f;f;f;f;0;0;f;0;2;0;0;0;0;0;;;Unité;f;;;;;2026-02-07 10:07:36.954301;FAHIM;336;;;;f;0.00000000;0.00000000;0;f;t;f;0;0;1;0.0000;0.0000;0.0000;0.0000;f;;f;0.0000;f;f;0;;;0.00000000;-3;f;0.000000000000000;;;f;0.00000000;f;;;;f;;f;0.00000000;;;;;f;0
118;3080aebd-8e2f-4764-a9ce-13ead4d8ffb7;INSM8;;;INSERT M8;;;0;1;;f;f;f;1;2;;1;;;;;;;;;;;;6.45050000;0.00000000;0.00000000;7.11000000;19548;0;0;0;0;0;0;0.00000000;0.00000000;0.00000000;0.00000000;f;f;f;00000000-0000-0000-0000-000000000000;0.00000000;94;;;;f;f;f;f;f;f;f;f;f;0;0;f;0;9682;0;0;0;0;0;;;Unité;f;;;;;2026-02-07 10:07:36.650043;FAHIM;640;;;;f;0.00000000;0.00000000;0;f;f;f;0;0;1;0.0000;0.0000;0.0000;0.0000;f;;f;0.0000;f;f;0;;;0.00000000;0;f;0.000000000000000;;;f;0.00000000;f;;;;f;;f;0.00000000;;;;;f;0
130;a3408812-6cd2-4b6a-bd06-c7693018c3a1;DQP115;;;DISQUE A PONCER 115;;;0;1;;f;f;f;1;2;5;1;;;;;DISQUE A PONCER 115;;;;;;;281.63150000;0.00000000;0.00000000;250.00000000;120;30;50;150;100;0;0;0.00000000;0.00000000;0.00000000;0.00000000;f;f;f;00000000-0000-0000-0000-000000000000;0.00000000;106;;;;f;f;f;f;f;f;f;t;f;0;0;t;0;190;0;0;0;0;0;;;Unité;t;FAHIM;2026-02-07 12:54:35.299983;;;2026-02-07 13:02:53.411833;FAHIM;309;;;;f;0.00000000;0.00000000;0;f;f;f;0;0;1;0.0000;0.0000;0.0000;0.0000;f;;f;0.0000;f;f;0;;;0.00000000;0;f;0.000000000000000;;;f;0.00000000;f;;;;f;;f;0.00000000;;;130;"";f;0
283;a325491f-602b-4a02-b26d-4fa2d9349789;P60600;;; PIED METAL TABLE BASS ECO  SOUDEE ;;;0;3;;f;f;f;2;13;;1;;;;;;;;;;;;1214.44930000;0.00000000;0.00000000;0.00000000;15;0;0;300;0;0;0;0.00000000;0.00000000;4199.00000000;4800.00000000;t;f;f;00000000-0000-0000-0000-000000000000;0.00000000;231;;;;f;f;f;f;f;f;f;f;f;0;0;f;0;0;0;0;0;0;0;;;Unité;f;;;;;2026-02-07 10:07:34.895742;FAHIM;351;;;;f;0.00000000;0.00000000;0;f;t;f;0;0;1;0.0000;0.0000;0.0000;0.0000;f;;f;0.0000;f;f;0;;;0.00000000;0;f;0.000000000000000;;;f;0.00000000;f;;;;f;;f;0.00000000;;;;;f;0
772;e3ef7740-7a33-489e-91bb-1c9e32f5185a;TRG021DEMTBLE ;;;TRIPLETTE G021 SKAI LUX DEMONTABLE ;;p_Lot is null;0;3;;f;f;f;;12;;;;;;;TRIPLETTE G021 SKAI LUX DEMONTABLE ;;;;;;;2602.64980000;0.00000000;0.00000000;0.00000000;0;0;0;0;0;0;;;;;;t;f;f;00000000-0000-0000-0000-000000000000;0.00000000;694;;;;f;f;t;f;f;f;f;f;f;0;0;f;0;0;0;0;0;0;0;;;Unité;f;;;2026-08-26 11:30:17.781061;MASSY;2026-08-26 11:31:33.041908;MASSY;13;;;;f;0.00000000;0.00000000;0;f;t;f;0;0;;0.0000;0.0000;0.0000;0.0000;f;;f;0.0000;f;f;0;;;0.00000000;0;f;0.000000000000000;;;f;0.00000000;f;;;;f;;f;0.00000000;;;000303;"";f;0
217;c839dea2-3a2f-4dce-909f-a72874e11654;FRD6014;;;FER ROND D14;;;0;1;;f;f;f;2;2;;1;;;;;;;;;;;;0.00000000;0.00000000;0.00000000;100.00000000;0;0;0;0;0;0;0;0.00000000;0.00000000;0.00000000;0.00000000;f;f;f;00000000-0000-0000-0000-000000000000;0.00000000;186;;;;f;f;f;f;f;f;f;f;f;0;0;t;0;0;0;0;0;0;0;;;Unité;f;;;;;2026-02-07 10:07:35.438562;FAHIM;291;;;;f;0.00000000;0.00000000;0;f;f;f;0;0;1;0.0000;0.0000;0.0000;0.0000;f;;f;0.0000;f;f;0;;;0.00000000;0;f;0.000000000000000;;;f;0.00000000;f;;;;f;;f;0.00000000;;;;;f;0
548;12703fe5-16a9-4171-814c-59afe84065da;BUR140BOIS;;;BUREAU 140 EN BOIS CJ FIXE;;;0;1;;f;f;f;;15;;;;;;;BUREAU 140 EN BOIS CJ FIXE;;;;;;;10000.00000000;0.00000000;0.00000000;10000.00000000;0;0;0;0;0;0;;;;;;f;f;f;00000000-0000-0000-0000-000000000000;0.00000000;470;;;470;f;f;t;f;f;f;f;f;f;0;0;f;0;0;0;0;0;0;0;;;;f;;;2025-12-21 12:42:04.676535;FAHIM;2026-02-07 10:07:31.838249;FAHIM;230;;;;f;0.00000000;0.00000000;0;f;f;f;0;0;1;0.0000;0.0000;0.0000;0.0000;f;;f;0.0000;f;f;0;;;0.00000000;0;f;0.000000000000000;;;f;0.00000000;f;;;;f;;f;0.00000000;;;000079;"";f;0
538;b52f8ca5-507b-4f35-b92e-7418710dd52f;CRTOL;;;CERCLE ROND EN TOLE 4MM DIAM410;;p_Lot is null;0;3;;f;f;f;;2;;;;;;;CERCLE ROND EN TOLE 4MM DIAM410;;;;;;;400.00000000;0.00000000;0.00000000;400.00000000;0;0;0;0;0;0;;;;;;f;f;f;00000000-0000-0000-0000-000000000000;0.00000000;460;;;460;f;f;f;f;f;f;f;f;f;0;0;f;0;108;0;0;0;0;0;;;;f;;;2025-12-07 12:01:11.343516;ABDELHAK;2026-02-07 10:07:31.975868;FAHIM;243;;;;f;0.00000000;0.00000000;0;f;f;f;0;0;1;0.0000;0.0000;0.0000;0.0000;f;;f;0.0000;f;f;0;;;0.00000000;0;f;0.000000000000000;;;f;0.00000000;f;;;;f;;f;0.00000000;;;, ;"";f;0
212;6aa067bc-7eb0-42ff-aa49-15c15c749e01;TBC161610;;;TUBE  16 X 16 X 10;;;0;1;;f;f;f;1;2;9;1;;;;;;;;;;;;399.99400000;0.00000000;0.00000000;400.00000000;380.7;0;0;0;0;0;0;0.00000000;0.00000000;0.00000000;0.00000000;f;f;f;00000000-0000-0000-0000-000000000000;0.00000000;181;;;;f;f;f;f;f;f;f;f;f;0;0;f;0;273.37;0;0;0;0;0;;;Unité;f;;;;;2026-02-07 10:07:35.507577;FAHIM;539;;;;f;0.00000000;0.00000000;0;f;f;f;0;0;1;0.0000;0.0000;0.0000;0.0000;f;;f;0.0000;f;f;0;;;0.00000000;0;f;0.000000000000000;;;f;0.00000000;f;;;;f;;f;0.00000000;;;;;f;0
383;84825bc4-33ae-4c05-bb7b-5e824df7c414;STR30M120;;;STRUCTURE TABLE DE REUNION M120 30 X 30;;;0;3;;f;f;f;2;14;;;;;;;;;;;;;;2062.00000000;0.00000000;0.00000000;0.00000000;0;0;0;0;0;0;0;0.00000000;0.00000000;0.00000000;0.00000000;t;f;f;00000000-0000-0000-0000-000000000000;0.00000000;313;;;;f;f;f;f;f;f;f;f;f;0;0;t;0;0;0;0;0;0;0;;;Unité;f;;;;;2026-02-07 10:07:33.808381;FAHIM;291;;;;f;0.00000000;0.00000000;0;f;t;f;0;0;;0.0000;0.0000;0.0000;0.0000;f;;f;0.0000;f;f;0;;;0.00000000;0;f;0.000000000000000;;;f;0.00000000;f;;;;f;;f;0.00000000;;;;;f;0
328;6dcc304b-8d80-4df9-aa13-df8e4fe1ece3;IMP002;;;CHAISE IMPERIAL LUXE TISSU CHROMEE;;;0;3;;f;f;f;2;12;;1;;;;;;;;;;;;2342.06000000;0.00000000;0.00000000;0.00000000;18;0;0;2000;0;0;0;0.00000000;0.00000000;1900.00000000;2900.00000000;t;f;f;00000000-0000-0000-0000-000000000000;0.00000000;264;;;;f;f;f;f;f;f;f;f;f;0;0;f;0;10;0;0;0;0;0;;;Unité;f;;;;;2026-02-07 10:07:34.454701;FAHIM;304;;;;f;0.00000000;0.00000000;0;f;t;f;0;0;1;0.0000;0.0000;0.0000;0.0000;f;;f;0.0000;f;f;0;;;0.00000000;-17;f;0.000000000000000;;;f;0.00000000;f;;;;f;;f;0.00000000;;;;;f;0
612;7948bd00-99aa-41d0-9c66-251d23766090;EMBR16;;;EMBOUTS RONDS INTERIEURS 16;;p_Lot is null;0;3;;f;f;f;;3;2;;;;;;EMBOUTS RONDS INTERIEURS 16;;;;;;;0.97910000;0.00000000;0.00000000;1.00000000;0;0;0;0;0;0;;;;;;f;f;f;00000000-0000-0000-0000-000000000000;0.00000000;534;;;534;f;f;f;f;f;f;f;f;f;0;0;t;0;46000;0;0;0;0;0;;;;f;;;2026-03-17 11:16:14.435371;FAHIM;2026-03-17 11:17:52.140709;FAHIM;173;;;;f;0.00000000;0.00000000;0;f;f;f;0;0;1;0.0000;0.0000;0.0000;0.0000;f;;f;0.0000;f;f;0;;;0.00000000;0;f;0.000000000000000;;;f;0.00000000;f;;;;f;;f;0.00000000;;;000143;"";f;0
740;b01e5bdd-6c89-4ba9-a08f-4e6ae9424706;TAM200;;;"TABLE AMPHIE 200
";;p_Lot is null;0;3;;f;f;f;;10;;;;;;;"TABLE AMPHIE 200
";;;;;;;1700.00000000;0.00000000;0.00000000;0.00000000;0;0;0;0;0;0;;;;;;t;f;f;00000000-0000-0000-0000-000000000000;0.00000000;662;;;;f;f;t;f;f;f;f;f;f;0;0;f;0;0;0;0;0;0;0;;;Unité;f;;;2026-07-22 10:09:20.443078;MASSY;2026-07-27 15:48:20.976034;FAHIM;44;;;;f;0.00000000;0.00000000;0;f;t;f;0;0;;0.0000;0.0000;0.0000;0.0000;f;;f;0.0000;f;f;0;;531;0.00000000;0;f;0.000000000000000;;;f;0.00000000;f;;;;f;;f;0.00000000;;;000271;"";f;0
263;f8e5257a-e18d-44d6-b93f-7538e5e463d0;TL061145;;;TOLE 06 1000 X 1450;;;0;3;;f;f;f;2;2;8;;;;;;;;;;;;;0.00000000;0.00000000;0.00000000;1070.00000000;0;0;0;0;0;0;0;0.00000000;0.00000000;0.00000000;0.00000000;f;f;f;00000000-0000-0000-0000-000000000000;0.00000000;215;;;;f;f;f;f;f;f;f;f;f;0;0;t;0;0;0;0;0;0;0;;;Unité;f;;;;;2026-02-07 10:07:35.095853;FAHIM;292;;;;f;0.00000000;0.00000000;0;f;f;f;0;0;;0.0000;0.0000;0.0000;0.0000;f;;f;0.0000;f;f;0;;;0.00000000;0;f;0.000000000000000;;;f;0.00000000;f;;;;f;;f;0.00000000;;;;;f;0
616;f41e8767-e239-4ea1-aa60-4b7f67faf08d;STL60X30 M45 6040 130;;TL6030/40120;"STRUCTURE TABLE DE LECTURE 60 X 30 60/40 M45 X 130
";;;0;3;;f;f;f;;10;;;;;;;"STRUCTURE TABLE DE LECTURE 60 X 30 60/40 M45 X 130
";;;;;;;1671.31820000;0.00000000;0.00000000;0.00000000;0;0;0;0;0;0;;;;;;t;f;f;00000000-0000-0000-0000-000000000000;0.00000000;538;;;;f;f;f;f;f;f;f;f;f;0;0;f;0;0;0;0;0;0;0;;;Unité;f;;;2026-03-28 17:23:56.588054;MASSY;2026-03-28 17:26:35.465214;MASSY;141;;;;f;0.00000000;0.00000000;0;f;t;f;0;0;;0.0000;0.0000;0.0000;0.0000;f;;f;0.0000;f;f;0;;;0.00000000;0;f;0.000000000000000;;;f;0.00000000;f;;;;f;;f;0.00000000;;;000147;"";f;0
615;37950af4-a1d6-4d5a-9373-30ef1d68e0f0;STL6030 M45 X 70;;STL6030/40 M45 X 70 ;"STRUCTURE TABLE DE LECTURE 60 X 30 60/40 60 M 45 X 70
 ";;p_Lot is null;0;3;;f;f;f;;10;;;;;;;"STRUCTURE TABLE DE LECTURE 60 X 30 60/40 60 M 45 X 70
 ";;;;;;;1540.87290000;0.00000000;0.00000000;0.00000000;0;0;0;0;0;0;;;;;;t;f;f;00000000-0000-0000-0000-000000000000;0.00000000;537;;;;f;f;f;f;f;f;f;f;f;0;0;f;0;1;0;0;0;0;0;;;Unité;f;;;2026-03-28 17:23:56.588054;MASSY;2026-03-28 17:29:03.175847;MASSY;139;;;;f;0.00000000;0.00000000;0;f;t;f;0;0;;0.0000;0.0000;0.0000;0.0000;f;;f;0.0000;f;f;0;;;0.00000000;0;f;0.000000000000000;;;f;0.00000000;f;;;;f;;f;0.00000000;;;000146;"";f;0
144;bd33ed47-8b24-4748-a32b-ebe67fed8f15;BRM5;;;BROSSE METALIQUE 5;;;0;1;;f;f;f;1;2;;1;;;;;;;;;;;;241.20970000;0.00000000;0.00000000;245.00000000;30;0;0;0;0;0;0;0.00000000;0.00000000;0.00000000;0.00000000;f;f;f;00000000-0000-0000-0000-000000000000;0.00000000;120;;;;f;f;f;f;f;f;f;f;f;0;0;f;0;248;0;0;0;0;0;;;Unité;f;;;;;2026-02-07 10:07:36.319831;FAHIM;310;;;;f;0.00000000;0.00000000;0;f;f;f;0;0;1;0.0000;0.0000;0.0000;0.0000;f;;f;0.0000;f;f;0;;;0.00000000;0;f;0.000000000000000;;;f;0.00000000;f;;;;f;;f;0.00000000;;;;;f;0
453;ee25e750-d079-4e3c-8b69-be13bf0b797b;PSLAB 4030;;; PIED METAL LABO  M 55    SOUDEE            ;;;0;3;;f;f;f;2;13;;1;;;;;;;;;;;;1567.97000000;0.00000000;0.00000000;0.00000000;0;0;0;50;0;0;0;0.00000000;0.00000000;4500.00000000;5000.00000000;t;f;f;00000000-0000-0000-0000-000000000000;0.00000000;376;;;;f;f;f;f;f;f;f;f;f;0;0;f;0;0;0;0;0;0;0;;;Unité;f;;;;;2026-02-07 10:07:32.971562;FAHIM;291;;;;f;0.00000000;0.00000000;0;f;t;f;0;0;1;0.0000;0.0000;0.0000;0.0000;f;;f;0.0000;f;f;0;;;0.00000000;0;f;0.000000000000000;;;f;0.00000000;f;;;;f;;f;0.00000000;;;;;f;0
7;6ffcded8-d6fc-4306-be31-4ea97a46c435;TIS0001;;;TISSU EN RELAUX + 150 CM;;;0;3;;f;f;f;2;7;7;1;;;;;;;;;;;;263.46360000;0.00000000;0.00000000;240.00000000;711;0;0;0;0;0;0;0.00000000;0.00000000;0.00000000;0.00000000;f;f;f;00000000-0000-0000-0000-000000000000;0.00000000;8;;;;f;f;f;f;f;f;f;f;f;0;0;t;0;2076;0;0;0;0;0;;;Unité;f;;;;;2026-02-07 10:07:37.746007;FAHIM;362;;;;f;0.00000000;0.00000000;0;f;f;f;0;0;1;0.0000;0.0000;0.0000;0.0000;f;;f;0.0000;f;f;0;;;0.00000000;0;f;0.000000000000000;;;f;0.00000000;f;;;;f;;f;0.00000000;;;;;f;0
640;1bd8ed04-1dd0-4528-8c1f-745adf18c190;000511;;TM900/800;"TABLE MICRO 900*800 SONOMA AVEC PORTE CLAVIER 
PORTE UNITE SUR RLT / PORTE ONDULEUR ";;p_Lot is null;0;3;;f;f;t;;10;;;;;;;"TABLE MICRO 900*800 SONOMA AVEC PORTE CLAVIER 
PORTE UNITE SUR RLT / PORTE ONDULEUR ";;;;;;;0.00000000;0.00000000;0.00000000;0.00000000;0;0;0;0;0;0;;;;;;t;f;f;00000000-0000-0000-0000-000000000000;0.00000000;562;;;562;t;f;f;f;f;f;f;f;f;0;0;f;0;0;0;0;0;0;0;;;;f;;;2026-04-22 13:50:13.509732;MASSY;2026-04-22 14:09:38.887233;MASSY;116;;;;f;0.00000000;0.00000000;0;f;t;f;0;0;1;0.0000;0.0000;0.0000;0.0000;f;;f;0.0000;f;f;0;;517;0.00000000;0;f;0.000000000000000;;;f;0.00000000;f;;;;f;;f;0.00000000;;;000171;"";f;0
594;05206792-6581-4120-a7ff-7c4d4696552d;P34160;;ECO 160;STRUCTURE METALIQUE ECO M 60 160;;;0;3;;f;f;f;;14;;1;;;;;STRUCTURE METALIQUE ECO M 60 160;;;;;;;2927.68000000;0.00000000;0.00000000;0.00000000;0;0;0;0;0;0;;;;;;t;f;f;00000000-0000-0000-0000-000000000000;0.00000000;516;;;;t;f;f;f;f;f;f;f;f;0;0;f;0;0;0;0;0;0;0;;;Unité;f;;;2026-02-18 13:22:21.677053;FAHIM;2026-02-18 13:24:10.056088;FAHIM;167;;;;f;0.00000000;0.00000000;0;f;t;f;0;0;1;0.0000;0.0000;0.0000;0.0000;f;;f;0.0000;f;f;0;;;0.00000000;0;f;0.000000000000000;;;f;0.00000000;f;;;;f;;f;0.00000000;;;000125;"";f;0
408;8fa4204d-3ff4-4fae-a5c1-1082a244fa36;STG140;;;STRUCTURE METALIQUE GAMER 140;;;0;3;;f;f;f;2;14;;1;;;;;;;;;;;;2099.47000000;0.00000000;0.00000000;0.00000000;0;0;0;0;0;0;0;0.00000000;0.00000000;0.00000000;0.00000000;t;f;f;00000000-0000-0000-0000-000000000000;0.00000000;335;;;;t;f;f;f;f;f;f;f;f;0;0;f;0;0;0;0;0;0;0;;;Unité;f;;;;;2026-02-07 10:07:33.52912;FAHIM;291;;;;f;0.00000000;0.00000000;0;f;t;f;0;0;1;0.0000;0.0000;0.0000;0.0000;f;;f;0.0000;f;f;0;;;0.00000000;-40;f;0.000000000000000;;;f;0.00000000;f;;;;f;;f;0.00000000;;;;;f;0
466;a09dc7bb-ae92-4d94-8d50-d903b3d13689;TL14080;;SONOMA ;TABLE DE LECTURE  PLAT 140/80;;;0;3;;f;f;f;2;14;;;;;;;;;;;;;;6902.43000000;0.00000000;0.00000000;0.00000000;0;0;0;0;0;0;0;0.00000000;0.00000000;0.00000000;0.00000000;t;f;f;00000000-0000-0000-0000-000000000000;0.00000000;389;;;;t;f;f;f;f;f;f;f;f;0;0;f;0;0;0;0;0;0;0;;;Unité;f;;;;;2026-02-07 10:07:32.794106;FAHIM;291;;;;f;0.00000000;0.00000000;0;f;t;f;0;0;;0.0000;0.0000;0.0000;0.0000;f;;f;0.0000;f;f;0;;;0.00000000;0;f;0.000000000000000;;;f;0.00000000;f;;;;f;;f;0.00000000;;;;;f;0
433;d30782b6-63d1-4445-8fdb-2ae0a2a38144;STMXHG160;;;STRUCTURE METALIQUE MAXI H GAMER 160;;;0;3;;f;f;f;2;14;;1;;;;;;;;;;;;1979.57000000;0.00000000;0.00000000;0.00000000;0;0;0;0;0;0;0;0.00000000;0.00000000;0.00000000;0.00000000;t;f;f;00000000-0000-0000-0000-000000000000;0.00000000;357;;;;t;f;f;f;f;f;f;f;f;0;0;f;0;0;0;0;0;0;0;;;Unité;f;;;;;2026-02-07 10:07:33.230211;FAHIM;291;;;;f;0.00000000;0.00000000;0;f;t;f;0;0;1;0.0000;0.0000;0.0000;0.0000;f;;f;0.0000;f;f;0;;;0.00000000;0;f;0.000000000000000;;;f;0.00000000;f;;;;f;;f;0.00000000;;;;;f;0
498;bb4ed544-9668-4c08-bf9b-118b7cb679b9;STR140EC;;;STRUCTURE PIED METAL ECO 140 AVEC PLATEAU ;;;0;1;;f;f;f;;13;;;;;;;STRUCTURE PIED METAL ECO 140 AVEC PLATEAU ;;;;;;;0.00000000;0.00000000;0.00000000;0.00000000;0;0;0;0;0;0;;;;;;t;f;f;00000000-0000-0000-0000-000000000000;0.00000000;420;;;420;t;f;f;f;f;f;f;f;f;0;0;f;0;0;0;0;0;0;0;;;;f;;;2025-11-12 15:37:56.156148;admin;2026-02-07 10:07:32.488004;FAHIM;259;;;;f;0.00000000;0.00000000;0;f;t;f;0;0;1;0.0000;0.0000;0.0000;0.0000;f;;f;0.0000;f;f;0;;;0.00000000;0;f;0.000000000000000;;;f;0.00000000;f;;;;f;;f;0.00000000;;;000029;"";f;0
435;c45a045c-7a40-4278-be72-7afce009e150;STMXHG140;;;STRUCTURE METALIQUE MAXI H GAMER 140;;;0;3;;f;f;f;2;14;;1;;;;;;;;;;;;1841.76000000;0.00000000;0.00000000;0.00000000;0;0;0;0;0;0;0;0.00000000;0.00000000;0.00000000;0.00000000;t;f;f;00000000-0000-0000-0000-000000000000;0.00000000;358;;;;t;f;f;f;f;f;f;f;f;0;0;f;0;0;0;0;0;0;0;;;Unité;f;;;;;2026-02-07 10:07:33.216642;FAHIM;291;;;;f;0.00000000;0.00000000;0;f;t;f;0;0;1;0.0000;0.0000;0.0000;0.0000;f;;f;0.0000;f;f;0;;;0.00000000;0;f;0.000000000000000;;;f;0.00000000;f;;;;f;;f;0.00000000;;;;;f;0
232;c0f95e32-ca93-46bb-b435-80971a89e4dc;MD003;;;MAIN D'OEUVRE POUDRAGE;;;2;1;;f;f;f;2;2;1;1;;;;;;;;;;;;50.00000000;0.00000000;0.00000000;0.00000000;0;0;0;0;0;0;0;0.00000000;0.00000000;0.00000000;0.00000000;f;f;f;00000000-0000-0000-0000-000000000000;0.00000000;191;;;;t;f;f;f;f;f;f;f;f;0;0;f;0;0;0;0;0;0;0;;;Unité;f;;;;;2026-02-07 10:07:35.373277;FAHIM;323;;;;f;0.00000000;0.00000000;0;f;f;f;0;0;1;0.0000;0.0000;0.0000;0.0000;f;;f;0.0000;f;f;0;;;0.00000000;0;f;0.000000000000000;;;f;0.00000000;f;;;;f;;f;0.00000000;;;;;f;0
158;fb587919-3878-469e-a364-a525cc14beaa;SDLZ004;;;SOUS TRAITANCE DECOUPE LASER JUPE;;;0;1;;f;f;f;2;2;;1;;;;;;;;;;;;600.00000000;0.00000000;0.00000000;600.00000000;0;0;0;0;0;0;0;0.00000000;0.00000000;0.00000000;0.00000000;t;f;f;00000000-0000-0000-0000-000000000000;0.00000000;133;;;;t;f;f;f;f;f;f;f;f;0;0;f;0;0;0;0;0;0;0;;;Unité;f;;;;;2026-02-07 10:07:36.136082;FAHIM;301;;;;f;0.00000000;0.00000000;0;f;t;f;0;0;1;0.0000;0.0000;0.0000;0.0000;f;;f;0.0000;f;f;0;;;0.00000000;0;f;0.000000000000000;;;f;0.00000000;f;;;;f;;f;0.00000000;;;;;f;0
266;4b72cc1a-dae0-44e2-b3d2-ec11ff36c14d;STR80240;;CJP180;STRUCTURE TABLE DE REUNION MAXI M 80 PLAT/240 ;;;0;3;;f;f;f;2;14;;;;;;;;;;;;;;5052.11000000;0.00000000;0.00000000;0.00000000;0;0;0;0;0;0;0;0.00000000;0.00000000;0.00000000;0.00000000;t;f;f;00000000-0000-0000-0000-000000000000;0.00000000;218;;;;t;f;f;f;f;f;f;f;f;0;0;f;0;0;0;0;0;0;0;;;Unité;f;;;;;2026-02-07 10:07:35.058858;FAHIM;291;;;;f;0.00000000;0.00000000;0;f;t;f;0;0;;0.0000;0.0000;0.0000;0.0000;f;;f;0.0000;f;f;0;;;0.00000000;0;f;0.000000000000000;;;f;0.00000000;f;;;;f;;f;0.00000000;;;;;f;0
341;6b658526-c563-476b-ab16-273c7ab93ed2;SDMF005;;;SOUS TRAITANCE DECOUPE MDF ;;;2;1;;f;f;f;2;2;;1;;;;;;;;;;;;65.00000000;0.00000000;0.00000000;65.00000000;0;0;0;0;0;0;0;0.00000000;0.00000000;0.00000000;0.00000000;f;f;f;00000000-0000-0000-0000-000000000000;0.00000000;277;;;;t;f;f;f;f;f;f;f;f;0;0;f;0;0;0;0;0;0;0;;;Unité;f;;;;;2026-02-07 10:07:34.283341;FAHIM;310;;;;f;0.00000000;0.00000000;0;f;f;f;0;0;1;0.0000;0.0000;0.0000;0.0000;f;;f;0.0000;f;f;0;;;0.00000000;0;f;0.000000000000000;;;f;0.00000000;f;;;;f;;f;0.00000000;;;;;f;0
156;67baa4aa-a437-4790-957c-cd62a531c54b;SDPF002;;;SOUS TRAITANCE DECOUPE PIECE DE FEXATION       RECTANGUEL ;;;2;1;;f;f;f;2;2;6;1;;;;;;;;;;;;0.00000000;0.00000000;0.00000000;25.00000000;0;0;0;0;0;0;0;0.00000000;0.00000000;0.00000000;0.00000000;f;f;f;00000000-0000-0000-0000-000000000000;0.00000000;132;;;;t;f;f;f;f;f;f;f;f;0;0;f;0;0;0;0;0;0;0;;;Unité;f;;;;;2026-02-07 10:07:36.148461;FAHIM;294;;;;f;0.00000000;0.00000000;0;f;f;f;0;0;1;0.0000;0.0000;0.0000;0.0000;f;;f;0.0000;f;f;0;;;0.00000000;0;f;0.000000000000000;;;f;0.00000000;f;;;;f;;f;0.00000000;;;;;f;0
386;f754c68e-09e2-41d2-91b7-1d4092f2d8c0;PMZ1400;;140;STRUCTURE MEGA Z 140;;;0;3;;f;f;f;2;14;;;;;;;;;;;;;;2985.04480000;0.00000000;0.00000000;0.00000000;0;0;0;0;0;0;0;0.00000000;0.00000000;0.00000000;0.00000000;t;f;f;00000000-0000-0000-0000-000000000000;0.00000000;316;;;;t;f;f;f;f;f;f;f;f;0;0;f;0;0;0;0;0;0;0;;;Unité;f;;;;;2026-02-07 10:07:33.770343;FAHIM;298;;;;f;0.00000000;0.00000000;0;f;t;f;0;0;;0.0000;0.0000;0.0000;0.0000;f;;f;0.0000;f;f;0;;386;0.00000000;-159;f;0.000000000000000;;;f;0.00000000;f;;;;f;;f;0.00000000;;;386;"";f;0
269;f2462587-37dc-4473-9874-15fe6cb22fae;TR100200;;CJP140;TABLE DE REUNION MAXI M 100 PLAT/160;;;0;3;;f;f;f;2;10;;;;;;;TABLE DE REUNION MAXI M 100 PLAT/160;;;;;;;19159.66390000;0.00000000;0.00000000;20168.06722689;0;0;0;0;0;0;0;0.00000000;0.00000000;0.00000000;0.00000000;t;f;f;00000000-0000-0000-0000-000000000000;0.00000000;221;;;;t;f;f;f;f;f;f;f;f;0;0;f;0;0;0;0;0;0;0;;;Unité;f;;;;;2026-04-04 10:55:19.513773;MASSY;299;;;;f;0.00000000;0.00000000;0;f;t;f;0;0;;0.0000;0.0000;0.0000;0.0000;f;;f;0.0000;f;f;0;;269;0.00000000;-1;f;0.000000000000000;;;f;0.00000000;f;;;;f;;f;0.00000000;;;269;"";f;0
270;d4c01b65-0550-45d8-8b44-81a447e01db0;STR120200;;CJP140;STRUCTURE TABLE DE REUNION MAXI M 120 PLAT/200;;;0;3;;f;f;f;2;14;;;;;;;;;;;;;;4797.11000000;0.00000000;0.00000000;0.00000000;0;0;0;0;0;0;0;0.00000000;0.00000000;0.00000000;0.00000000;t;f;f;00000000-0000-0000-0000-000000000000;0.00000000;222;;;;t;f;f;f;f;f;f;f;f;0;0;f;0;0;0;0;0;0;0;;;Unité;f;;;;;2026-02-07 10:07:35.007319;FAHIM;291;;;;f;0.00000000;0.00000000;0;f;t;f;0;0;;0.0000;0.0000;0.0000;0.0000;f;;f;0.0000;f;f;0;;;0.00000000;0;f;0.000000000000000;;;f;0.00000000;f;;;;f;;f;0.00000000;;;;;f;0
268;2bcc5c8c-2b63-4b1b-a64e-3310dc7f6e38;STR100240;;CJP180;STRUCTURE TABLE DE REUNION MAXI M 100 PLAT/240 ;;;0;3;;f;f;f;2;14;;;;;;;;;;;;;;5136.11000000;0.00000000;0.00000000;0.00000000;0;0;0;0;0;0;0;0.00000000;0.00000000;0.00000000;0.00000000;t;f;f;00000000-0000-0000-0000-000000000000;0.00000000;220;;;;t;f;f;f;f;f;f;f;f;0;0;f;0;0;0;0;0;0;0;;;Unité;f;;;;;2026-02-07 10:07:35.033257;FAHIM;291;;;;f;0.00000000;0.00000000;0;f;t;f;0;0;;0.0000;0.0000;0.0000;0.0000;f;;f;0.0000;f;f;0;;;0.00000000;0;f;0.000000000000000;;;f;0.00000000;f;;;;f;;f;0.00000000;;;;;f;0
387;ee81e5fd-9d9b-47a3-98e9-fb9484a9f407;PMZ1600;;160;STRUCTURE MEGA Z 160;;;0;3;;f;f;f;2;14;;;;;;;;;;;;;;3478.95000000;0.00000000;0.00000000;0.00000000;0;0;0;0;0;0;0;0.00000000;0.00000000;0.00000000;0.00000000;t;f;f;00000000-0000-0000-0000-000000000000;0.00000000;317;;;;t;f;f;f;f;f;f;f;f;0;0;f;0;0;0;0;0;0;0;;;Unité;f;;;;;2026-02-07 10:07:33.756466;FAHIM;297;;;;f;0.00000000;0.00000000;0;f;t;f;0;0;;0.0000;0.0000;0.0000;0.0000;f;;f;0.0000;f;f;0;;;0.00000000;-105;f;0.000000000000000;;;f;0.00000000;f;;;;f;;f;0.00000000;;;;;f;0
98;22a84205-d9ce-43fa-a6dc-1373049037b0;P35400;;MAXI 140;STRUCTURE METALIQUE  MAXI M60  140;;;0;3;;f;f;f;2;14;;1;;;;;;;;;;;;2855.18000000;0.00000000;0.00000000;0.00000000;0;0;0;0;0;0;0;0.00000000;0.00000000;0.00000000;0.00000000;t;f;f;00000000-0000-0000-0000-000000000000;0.00000000;75;;;;t;f;f;f;f;f;f;f;f;0;0;f;0;0;0;0;0;0;0;;;Unité;f;;;;;2026-02-07 10:07:36.890945;FAHIM;291;;;;f;0.00000000;0.00000000;0;f;t;f;0;0;1;0.0000;0.0000;0.0000;0.0000;f;;f;0.0000;f;f;0;;;0.00000000;0;f;0.000000000000000;;;f;0.00000000;f;;;;f;;f;0.00000000;;;;;f;0
404;8d6aaa67-e527-43b6-bce9-90263b2d71cf;P41160;;160;STRUCTURE METALIQUE  Z ONE 160;;;0;3;;f;f;f;2;14;;;;;;;;;;;;;;3478.95000000;0.00000000;0.00000000;0.00000000;0;0;0;0;0;0;0;0.00000000;0.00000000;0.00000000;0.00000000;t;f;f;00000000-0000-0000-0000-000000000000;0.00000000;331;;;;t;f;f;f;f;f;f;f;f;0;0;f;0;0;0;0;0;0;0;;;Unité;f;;;;;2026-02-07 10:07:33.580301;FAHIM;294;;;;f;0.00000000;0.00000000;0;f;t;f;0;0;;0.0000;0.0000;0.0000;0.0000;f;;f;0.0000;f;f;0;;;0.00000000;0;f;0.000000000000000;;;f;0.00000000;f;;;;f;;f;0.00000000;;;;;f;0
233;9032622b-974c-4aac-8921-bd789fe801e0;MD001;;;MAIN D'OEUVRE PREPARATION ;;;2;1;;f;f;f;2;2;1;1;;;;;;;;;;;;140.00000000;0.00000000;0.00000000;0.00000000;0;0;0;0;0;0;0;0.00000000;0.00000000;0.00000000;0.00000000;f;f;f;00000000-0000-0000-0000-000000000000;0.00000000;192;;;;t;f;f;f;f;f;f;f;f;0;0;f;0;0;0;0;0;0;0;;;Unité;f;;;;;2026-02-07 10:07:35.359882;FAHIM;319;;;;f;0.00000000;0.00000000;0;f;f;f;0;0;1;0.0000;0.0000;0.0000;0.0000;f;;f;0.0000;f;f;0;;;0.00000000;0;f;0.000000000000000;;;f;0.00000000;f;;;;f;;f;0.00000000;;;;;f;0
159;8b5d30c1-57a0-4a90-9c88-d7a84181a274;SDPF001;;;SOUS TRAITANCE DECOUPE PIECE DE FEXATION PLATEAU ;;;0;1;;f;f;f;2;2;6;1;;;;;;;;;;;;9000.00000000;0.00000000;0.00000000;9000.00000000;0;0;0;0;0;0;0;0.00000000;0.00000000;0.00000000;0.00000000;t;f;f;00000000-0000-0000-0000-000000000000;0.00000000;134;;;;t;f;f;f;f;f;f;f;f;0;0;t;0;0;0;0;0;0;0;;;Unité;f;;;;;2026-02-07 10:07:36.123526;FAHIM;295;;;;f;0.00000000;0.00000000;0;f;t;f;0;0;1;0.0000;0.0000;0.0000;0.0000;f;;f;0.0000;f;f;0;;;0.00000000;0;f;0.000000000000000;;;f;0.00000000;f;;;;f;;f;0.00000000;;;;;f;0
267;a86c7ffb-0cc5-44f4-99bf-95a91e3d5651;STR80200;;CJP140;STRUCTURE TABLE DE REUNION MAXI M 80 PLAT/200;;;0;3;;f;f;f;2;14;;;;;;;;;;;;;;4497.11000000;0.00000000;0.00000000;0.00000000;0;0;0;0;0;0;0;0.00000000;0.00000000;0.00000000;0.00000000;t;f;f;00000000-0000-0000-0000-000000000000;0.00000000;219;;;;t;f;f;f;f;f;f;f;f;0;0;f;0;0;0;0;0;0;0;;;Unité;f;;;;;2026-02-07 10:07:35.04644;FAHIM;291;;;;f;0.00000000;0.00000000;0;f;t;f;0;0;;0.0000;0.0000;0.0000;0.0000;f;;f;0.0000;f;f;0;;;0.00000000;0;f;0.000000000000000;;;f;0.00000000;f;;;;f;;f;0.00000000;;;;;f;0
467;eae7e69a-8590-483f-915e-592cc7ff938d;TABB140;;;"TABLE BREIFING AVEC PLAT 140 ROND MILAMINE 
";;p_Lot is null;0;3;;f;f;f;2;10;;1;;;;;"TABLE BREIFING AVEC PLAT 140 ROND MILAMINE 
";;;;;;;8916.42000000;0.00000000;0.00000000;0.00000000;0;0;0;0;0;0;0;0.00000000;0.00000000;0.00000000;0.00000000;t;f;f;00000000-0000-0000-0000-000000000000;0.00000000;390;;;;t;f;f;f;f;f;f;f;f;0;0;f;0;0;0;0;0;0;0;;;Unité;f;;;;;2026-02-07 10:07:32.780707;FAHIM;294;;;;f;0.00000000;0.00000000;0;f;t;f;0;0;1;0.0000;0.0000;0.0000;0.0000;f;;f;0.0000;f;f;0;;467;0.00000000;0;f;0.000000000000000;;;f;0.00000000;f;;;;f;;f;0.00000000;;;467;"";f;0
402;5179d4a5-fb45-4a5e-adc3-fe77aa341dee;P41120;;120;STRUCTURE METALIQUE  Z ONE 120;;;0;3;;f;f;f;2;14;;;;;;;;;;;;;;3453.60000000;0.00000000;0.00000000;0.00000000;0;0;0;0;0;0;0;0.00000000;0.00000000;0.00000000;0.00000000;t;f;f;00000000-0000-0000-0000-000000000000;0.00000000;329;;;;t;f;f;f;f;f;f;f;f;0;0;f;0;0;0;0;0;0;0;;;Unité;f;;;;;2026-02-07 10:07:33.606105;FAHIM;291;;;;f;0.00000000;0.00000000;0;f;t;f;0;0;;0.0000;0.0000;0.0000;0.0000;f;;f;0.0000;f;f;0;;;0.00000000;-4;f;0.000000000000000;;;f;0.00000000;f;;;;f;;f;0.00000000;;;;;f;0
410;4daab9c9-58c9-4608-b395-3656bdf58549;STG160;;;STRUCTURE METALIQUE GAMER 160;;;0;3;;f;f;f;2;14;;1;;;;;;;;;;;;2588.24000000;0.00000000;0.00000000;0.00000000;0;0;0;0;0;0;0;0.00000000;0.00000000;0.00000000;0.00000000;t;f;f;00000000-0000-0000-0000-000000000000;0.00000000;336;;;;t;f;f;f;f;f;f;f;f;0;0;f;0;0;0;0;0;0;0;;;Unité;f;;;;;2026-02-07 10:07:33.516591;FAHIM;291;;;;f;0.00000000;0.00000000;0;f;t;f;0;0;1;0.0000;0.0000;0.0000;0.0000;f;;f;0.0000;f;f;0;;;0.00000000;-80;f;0.000000000000000;;;f;0.00000000;f;;;;f;;f;0.00000000;;;;;f;0
103;8ed669e9-7b95-4893-bfe7-1000e90fbfc3;P35200;;MAXI 120;STRUCTURE METALIQUE  MAXI M60  120;;;0;3;;f;f;f;2;14;;1;;;;;;;;;;;;2762.68000000;0.00000000;0.00000000;0.00000000;0;0;0;0;0;0;0;0.00000000;0.00000000;0.00000000;0.00000000;t;f;f;00000000-0000-0000-0000-000000000000;0.00000000;79;;;;t;f;f;f;f;f;f;f;f;0;0;f;0;0;0;0;0;0;0;;;Unité;f;;;;;2026-02-07 10:07:36.839086;FAHIM;291;;;;f;0.00000000;0.00000000;0;f;t;f;0;0;1;0.0000;0.0000;0.0000;0.0000;f;;f;0.0000;f;f;0;;;0.00000000;0;f;0.000000000000000;;;f;0.00000000;f;;;;f;;f;0.00000000;;;;;f;0
385;d2faa877-5119-46d0-89e1-55131bcb94da;PMZ1200;;120;STRUCTURE MEGA Z 120;;;0;3;;f;f;f;2;14;;;;;;;;;;;;;;2835.96010000;0.00000000;0.00000000;6500.00000000;0;0;0;0;0;0;0;0.00000000;0.00000000;0.00000000;0.00000000;t;f;f;00000000-0000-0000-0000-000000000000;0.00000000;315;;;;t;f;f;f;f;f;f;f;f;0;0;f;0;0;0;0;0;0;0;;;Unité;f;;;;;2026-02-07 10:07:33.783351;FAHIM;305;;;;f;0.00000000;0.00000000;0;f;t;f;0;0;;0.0000;0.0000;0.0000;0.0000;f;;f;0.0000;f;f;0;;385;0.00000000;-98;f;0.000000000000000;;;f;0.00000000;f;;;;f;;f;0.00000000;;;385;"";f;0
271;31658130-987a-4bad-b0f7-73706d578daf;STR120240;;CJP180;STRUCTURE TABLE DE REUNION MAXI M 120 PLAT/240 ;;;0;3;;f;f;f;2;14;;;;;;;;;;;;;;5352.11000000;0.00000000;0.00000000;0.00000000;0;0;0;0;0;0;0;0.00000000;0.00000000;0.00000000;0.00000000;t;f;f;00000000-0000-0000-0000-000000000000;0.00000000;223;;;;t;f;f;f;f;f;f;f;f;0;0;f;0;0;0;0;0;0;0;;;Unité;f;;;;;2026-02-07 10:07:34.995657;FAHIM;291;;;;f;0.00000000;0.00000000;0;f;t;f;0;0;;0.0000;0.0000;0.0000;0.0000;f;;f;0.0000;f;f;0;;;0.00000000;0;f;0.000000000000000;;;f;0.00000000;f;;;;f;;f;0.00000000;;;;;f;0
235;c5e4b618-2756-46d9-b020-377e42d896ce;MD004;;;MAIN D'OEUVRE EMBALLAGE ET MONTAGE ;;;2;1;;f;f;f;2;2;1;;;;;;;;;;;;;60.00000000;0.00000000;0.00000000;50.00000000;0;0;0;0;0;0;0;0.00000000;0.00000000;0.00000000;0.00000000;f;f;f;00000000-0000-0000-0000-000000000000;0.00000000;194;;;;t;f;f;f;f;f;f;f;f;0;0;f;0;0;0;0;0;0;0;;;Unité;f;;;;;2026-03-09 14:19:47.999954;MASSY;320;;;;f;0.00000000;0.00000000;0;f;f;f;0;0;;0.0000;0.0000;0.0000;0.0000;f;;f;0.0000;f;f;0;;;0.00000000;0;f;0.000000000000000;;;f;0.00000000;f;;;;f;;f;0.00000000;;;235;"";f;0
407;70abec93-11fd-4520-99cf-5ad16c59d6a3;STG120;;; STRUCTURE METALIQUE GAMER 120;;;0;3;;f;f;f;2;14;;1;;;;;;;;;;;;2399.31000000;0.00000000;0.00000000;0.00000000;0;0;0;0;0;0;0;0.00000000;0.00000000;0.00000000;0.00000000;t;f;f;00000000-0000-0000-0000-000000000000;0.00000000;334;;;;t;f;f;f;f;f;f;f;f;0;0;f;0;0;0;0;0;0;0;;;Unité;f;;;;;2026-02-07 10:07:33.541368;FAHIM;291;;;;f;0.00000000;0.00000000;0;f;t;f;0;0;1;0.0000;0.0000;0.0000;0.0000;f;;f;0.0000;f;f;0;;;0.00000000;-37;f;0.000000000000000;;;f;0.00000000;f;;;;f;;f;0.00000000;;;;;f;0
496;961c2428-d93b-488f-8700-8c6f67b2ecd7;STRB140;;;STRUCTURE PIED METAL MAXI 140 AVEC PLATEAU ET CAISSON MOBILE;;p_Lot is null;0;1;;f;f;f;;13;;;;;;;STRUCTURE PIED METAL MAXI 140 AVEC PLATEAU ET CAISSON MOBILE;;;;;;;0.00000000;0.00000000;0.00000000;0.00000000;0;0;0;0;0;0;;;;;;t;f;f;00000000-0000-0000-0000-000000000000;0.00000000;418;;;418;t;f;f;f;f;f;f;f;f;0;0;f;0;0;0;0;0;0;0;;;;f;;;2025-11-11 09:59:38.249273;admin;2026-02-07 10:07:32.512501;FAHIM;258;;;;f;0.00000000;0.00000000;0;f;t;f;0;0;1;0.0000;0.0000;0.0000;0.0000;f;;f;0.0000;f;f;0;;;0.00000000;0;f;0.000000000000000;;;f;0.00000000;f;;;;f;;f;0.00000000;;;, ;"";f;0
61;22f7c22a-9b91-46d1-8f4c-bb72525604f4;P35800;;MAXI 180;STRUCTURE METALIQUE  MAXI M60  180;;;0;3;;f;f;f;2;14;;1;;;;;;;;;;;;3132.68000000;0.00000000;0.00000000;0.00000000;0;0;0;0;0;0;0;0.00000000;0.00000000;0.00000000;0.00000000;t;f;f;00000000-0000-0000-0000-000000000000;0.00000000;51;;;;t;f;f;f;f;f;f;f;f;0;0;f;0;0;0;0;0;0;0;;;Unité;f;;;;;2026-02-07 10:07:37.211946;FAHIM;291;;;;f;0.00000000;0.00000000;0;f;t;f;0;0;1;0.0000;0.0000;0.0000;0.0000;f;;f;0.0000;f;f;0;;;0.00000000;0;f;0.000000000000000;;;f;0.00000000;f;;;;f;;f;0.00000000;;;;;f;0
388;9f0a3d10-c58c-4d14-ac86-a9fbeffad088;PMZ1800;;180;STRUCTURE MEGA Z 180;;;0;3;;f;f;f;2;14;;;;;;;;;;;;;;3484.67000000;0.00000000;0.00000000;0.00000000;0;0;0;0;0;0;0;0.00000000;0.00000000;0.00000000;0.00000000;t;f;f;00000000-0000-0000-0000-000000000000;0.00000000;318;;;;t;f;f;f;f;f;f;f;f;0;0;f;0;0;0;0;0;0;0;;;Unité;f;;;;;2026-04-22 14:09:12.183306;MASSY;292;;;;f;0.00000000;0.00000000;0;f;t;f;0;0;;0.0000;0.0000;0.0000;0.0000;f;;f;0.0000;f;f;0;;388;0.00000000;-33;f;0.000000000000000;;;f;0.00000000;f;;;;f;;f;0.00000000;;;388;"";f;0
592;2f8332f5-4638-481e-b05a-5c586e0116f5;P34120;;ECO 120;STRUCTURE METALIQUE ECO M 60 120 ;;p_Lot is null;0;3;;f;f;f;;14;;1;;;;;STRUCTURE METALIQUE ECO M 60 120 ;;;;;;;2762.68000000;0.00000000;0.00000000;0.00000000;0;0;0;0;0;0;;;;;;t;f;f;00000000-0000-0000-0000-000000000000;0.00000000;514;;;;t;f;f;f;f;f;f;f;f;0;0;f;0;0;0;0;0;0;0;;;Unité;f;;;2026-02-18 13:22:21.465231;FAHIM;2026-02-18 13:25:27.558752;FAHIM;167;;;;f;0.00000000;0.00000000;0;f;t;f;0;0;1;0.0000;0.0000;0.0000;0.0000;f;;f;0.0000;f;f;0;;;0.00000000;0;f;0.000000000000000;;;f;0.00000000;f;;;;f;;f;0.00000000;;;000123;"";f;0
436;30998c2e-52d0-4939-9801-8fb53e329141;STMXHG120;;;STRUCTURE METALIQUE MAXI H GAMER 120;;;0;3;;f;f;f;2;14;;1;;;;;;;;;;;;1759.97000000;0.00000000;0.00000000;0.00000000;0;0;0;0;0;0;0;0.00000000;0.00000000;0.00000000;0.00000000;t;f;f;00000000-0000-0000-0000-000000000000;0.00000000;359;;;;t;f;f;f;f;f;f;f;f;0;0;f;0;0;0;0;0;0;0;;;Unité;f;;;;;2026-02-07 10:07:33.203767;FAHIM;291;;;;f;0.00000000;0.00000000;0;f;t;f;0;0;1;0.0000;0.0000;0.0000;0.0000;f;;f;0.0000;f;f;0;;;0.00000000;0;f;0.000000000000000;;;f;0.00000000;f;;;;f;;f;0.00000000;;;;;f;0
272;7ca2cd06-ce0e-49d8-a177-6aabf81ee3e7;STR80280;;2CJP 96;STRUCTURE TABLE DE REUNION MAXI M 80 PLAT/280;;;0;3;;f;f;f;2;14;;;;;;;;;;;;;;6898.93000000;0.00000000;0.00000000;0.00000000;0;0;0;0;0;0;0;0.00000000;0.00000000;0.00000000;0.00000000;t;f;f;00000000-0000-0000-0000-000000000000;0.00000000;224;;;;t;f;f;f;f;f;f;f;f;0;0;f;0;0;0;0;0;0;0;;;Unité;f;;;;;2026-02-07 10:07:34.983231;FAHIM;291;;;;f;0.00000000;0.00000000;0;f;t;f;0;0;;0.0000;0.0000;0.0000;0.0000;f;;f;0.0000;f;f;0;;;0.00000000;0;f;0.000000000000000;;;f;0.00000000;f;;;;f;;f;0.00000000;;;;;f;0
231;8cad7b23-231d-4c23-ad4f-fad7a9e969fc;MD002;;;MAIN D'OEUVRE SOUDAGE;;;2;1;;f;f;f;2;2;1;1;;;;;;;;;;;;70.00000000;0.00000000;0.00000000;0.00000000;0;0;0;0;0;0;0;0.00000000;0.00000000;0.00000000;0.00000000;f;f;f;00000000-0000-0000-0000-000000000000;0.00000000;190;;;;t;f;f;f;f;f;f;f;t;0;0;f;0;0;0;0;0;0;0;;;Unité;f;;;;;2026-02-07 10:07:35.385992;FAHIM;317;;;;f;0.00000000;0.00000000;0;f;f;f;0;0;1;0.0000;0.0000;0.0000;0.0000;f;;f;0.0000;f;f;0;;;0.00000000;0;f;0.000000000000000;;;f;0.00000000;f;;;;f;;f;0.00000000;;;231;"";f;0
